feature_mode,model,season,round,race_name,driver_id,driver_name,constructor_name,actual_finish_position,actual_bucket,predicted_bucket,bucket_rank_of_actual_bucket,prob_win,prob_podium_no_win,prob_top5_no_podium,prob_points_no_top5,prob_no_points,expected_points_from_buckets,actual_points
post_qualifying,logistic_regression_multinomial,2025,1,Australian Grand Prix,norris,Lando Norris,McLaren,1,win,win,1,0.387437,0.356111,0.188487,0.058774,0.009191,17.881955,25.000000
post_qualifying,logistic_regression_multinomial,2025,1,Australian Grand Prix,max_verstappen,Max Verstappen,Red Bull,2,podium_no_win,win,2,0.600744,0.188251,0.165602,0.035282,0.010121,20.094545,18.000000
post_qualifying,logistic_regression_multinomial,2025,1,Australian Grand Prix,russell,George Russell,Mercedes,3,podium_no_win,top5_no_podium,2,0.205606,0.277239,0.408493,0.075892,0.032770,14.526768,15.000000
post_qualifying,logistic_regression_multinomial,2025,1,Australian Grand Prix,antonelli,Andrea Kimi Antonelli,Mercedes,4,top5_no_podium,points_no_top5,3,0.000112,0.046627,0.127160,0.429622,0.396479,3.975318,12.000000
post_qualifying,logistic_regression_multinomial,2025,1,Australian Grand Prix,albon,Alexander Albon,Williams,5,top5_no_podium,points_no_top5,2,0.000061,0.084012,0.321695,0.376617,0.217615,6.508163,10.000000
post_qualifying,logistic_regression_multinomial,2025,1,Australian Grand Prix,stroll,Lance Stroll,Aston Martin,6,points_no_top5,points_no_top5,1,0.000000,0.044408,0.079158,0.498649,0.377786,3.697787,8.000000
post_qualifying,logistic_regression_multinomial,2025,1,Australian Grand Prix,hulkenberg,Nico Hülkenberg,Sauber,7,points_no_top5,no_points,2,0.000000,0.000080,0.070942,0.399161,0.529817,2.458156,6.000000
post_qualifying,logistic_regression_multinomial,2025,1,Australian Grand Prix,leclerc,Charles Leclerc,Ferrari,8,points_no_top5,top5_no_podium,3,0.034823,0.328434,0.492783,0.077714,0.066246,12.036748,4.000000
post_qualifying,logistic_regression_multinomial,2025,1,Australian Grand Prix,piastri,Oscar Piastri,McLaren,9,points_no_top5,podium_no_win,4,0.272065,0.326323,0.282742,0.096280,0.022591,15.700473,2.000000
post_qualifying,logistic_regression_multinomial,2025,1,Australian Grand Prix,hamilton,Lewis Hamilton,Ferrari,10,points_no_top5,top5_no_podium,3,0.027765,0.260680,0.486132,0.130288,0.095135,10.890005,1.000000
post_qualifying,logistic_regression_multinomial,2025,1,Australian Grand Prix,gasly,Pierre Gasly,Alpine F1 Team,11,no_points,points_no_top5,4,0.001938,0.216161,0.163392,0.477552,0.140958,7.418122,0.000000
post_qualifying,logistic_regression_multinomial,2025,1,Australian Grand Prix,tsunoda,Yuki Tsunoda,RB F1 Team,12,no_points,points_no_top5,2,0.000023,0.000187,0.001456,0.687812,0.310522,2.908482,0.000000
post_qualifying,logistic_regression_multinomial,2025,1,Australian Grand Prix,ocon,Esteban Ocon,Haas F1 Team,13,no_points,no_points,1,0.000040,0.000232,0.041514,0.439975,0.518239,2.309371,0.000000
post_qualifying,logistic_regression_multinomial,2025,1,Australian Grand Prix,bearman,Oliver Bearman,Haas F1 Team,14,no_points,points_no_top5,2,0.000000,0.000001,0.000201,0.674599,0.325199,2.835539,0.000000
post_qualifying,logistic_regression_multinomial,2025,1,Australian Grand Prix,lawson,Liam Lawson,Red Bull,15,no_points,no_points,1,0.000003,0.001432,0.004252,0.425172,0.569142,1.856193,0.000000
post_qualifying,logistic_regression_multinomial,2025,1,Australian Grand Prix,bortoleto,Gabriel Bortoleto,Sauber,16,no_points,no_points,1,0.000007,0.013744,0.069221,0.405865,0.511164,2.693005,0.000000
post_qualifying,logistic_regression_multinomial,2025,1,Australian Grand Prix,alonso,Fernando Alonso,Aston Martin,17,no_points,points_no_top5,2,0.000010,0.066389,0.172854,0.565558,0.195189,5.372412,0.000000
post_qualifying,logistic_regression_multinomial,2025,1,Australian Grand Prix,sainz,Carlos Sainz,Williams,18,no_points,points_no_top5,3,0.000870,0.073156,0.264456,0.470212,0.191306,6.112736,0.000000
post_qualifying,logistic_regression_multinomial,2025,1,Australian Grand Prix,doohan,Jack Doohan,Alpine F1 Team,19,no_points,no_points,1,0.000004,0.000525,0.000250,0.002244,0.996977,0.020936,0.000000
post_qualifying,logistic_regression_multinomial,2025,1,Australian Grand Prix,hadjar,Isack Hadjar,RB F1 Team,20,no_points,points_no_top5,2,0.000044,0.000796,0.001009,0.513305,0.484847,2.181197,0.000000
post_qualifying,logistic_regression_multinomial,2025,2,Chinese Grand Prix,piastri,Oscar Piastri,McLaren,1,win,win,1,0.340228,0.289125,0.285224,0.073846,0.011577,16.723880,25.000000
post_qualifying,logistic_regression_multinomial,2025,2,Chinese Grand Prix,norris,Lando Norris,McLaren,2,podium_no_win,podium_no_win,1,0.165831,0.440493,0.284360,0.093687,0.015629,14.935363,18.000000
post_qualifying,logistic_regression_multinomial,2025,2,Chinese Grand Prix,russell,George Russell,Mercedes,3,podium_no_win,top5_no_podium,3,0.248207,0.244698,0.416482,0.072440,0.018172,15.128249,15.000000
post_qualifying,logistic_regression_multinomial,2025,2,Chinese Grand Prix,max_verstappen,Max Verstappen,Red Bull,4,top5_no_podium,win,2,0.326995,0.271299,0.300841,0.072898,0.027967,16.266733,12.000000
post_qualifying,logistic_regression_multinomial,2025,2,Chinese Grand Prix,ocon,Esteban Ocon,Haas F1 Team,5,top5_no_podium,points_no_top5,3,0.001043,0.000687,0.067100,0.476794,0.454377,2.778034,10.000000
post_qualifying,logistic_regression_multinomial,2025,2,Chinese Grand Prix,antonelli,Andrea Kimi Antonelli,Mercedes,6,points_no_top5,points_no_top5,1,0.003182,0.141594,0.072351,0.612021,0.170852,5.782209,8.000000
post_qualifying,logistic_regression_multinomial,2025,2,Chinese Grand Prix,albon,Alexander Albon,Williams,7,points_no_top5,points_no_top5,1,0.000002,0.023201,0.216372,0.444475,0.315950,4.629752,6.000000
post_qualifying,logistic_regression_multinomial,2025,2,Chinese Grand Prix,bearman,Oliver Bearman,Haas F1 Team,8,points_no_top5,points_no_top5,1,0.000000,0.000001,0.000135,0.615570,0.384295,2.586889,4.000000
post_qualifying,logistic_regression_multinomial,2025,2,Chinese Grand Prix,stroll,Lance Stroll,Aston Martin,9,points_no_top5,points_no_top5,1,0.000000,0.020377,0.055943,0.499229,0.424451,3.048351,2.000000
post_qualifying,logistic_regression_multinomial,2025,2,Chinese Grand Prix,sainz,Carlos Sainz,Williams,10,points_no_top5,points_no_top5,1,0.000016,0.016079,0.155242,0.513619,0.315044,4.130557,1.000000
post_qualifying,logistic_regression_multinomial,2025,2,Chinese Grand Prix,hadjar,Isack Hadjar,RB F1 Team,11,no_points,no_points,1,0.000015,0.000365,0.000109,0.349366,0.650146,1.474921,0.000000
post_qualifying,logistic_regression_multinomial,2025,2,Chinese Grand Prix,lawson,Liam Lawson,Red Bull,12,no_points,no_points,1,0.000001,0.000623,0.003324,0.411170,0.584884,1.773757,0.000000
post_qualifying,logistic_regression_multinomial,2025,2,Chinese Grand Prix,doohan,Jack Doohan,Alpine F1 Team,13,no_points,no_points,1,0.000000,0.000046,0.000107,0.000932,0.998914,0.005857,0.000000
post_qualifying,logistic_regression_multinomial,2025,2,Chinese Grand Prix,bortoleto,Gabriel Bortoleto,Sauber,14,no_points,no_points,1,0.000000,0.000752,0.003234,0.228801,0.767213,1.008944,0.000000
post_qualifying,logistic_regression_multinomial,2025,2,Chinese Grand Prix,hulkenberg,Nico Hülkenberg,Sauber,15,no_points,no_points,1,0.000001,0.000159,0.091393,0.436174,0.472274,2.839890,0.000000
post_qualifying,logistic_regression_multinomial,2025,2,Chinese Grand Prix,tsunoda,Yuki Tsunoda,RB F1 Team,16,no_points,no_points,1,0.000000,0.000021,0.000381,0.488609,0.510989,2.056696,0.000000
post_qualifying,logistic_regression_multinomial,2025,2,Chinese Grand Prix,alonso,Fernando Alonso,Aston Martin,17,no_points,points_no_top5,2,0.000003,0.033547,0.115983,0.606663,0.243805,4.377387,0.000000
post_qualifying,logistic_regression_multinomial,2025,2,Chinese Grand Prix,leclerc,Charles Leclerc,Ferrari,18,no_points,top5_no_podium,4,0.017193,0.230112,0.454759,0.151904,0.146032,9.867019,0.000000
post_qualifying,logistic_regression_multinomial,2025,2,Chinese Grand Prix,hamilton,Lewis Hamilton,Ferrari,19,no_points,top5_no_podium,4,0.032246,0.210199,0.460650,0.182146,0.114759,10.106611,0.000000
post_qualifying,logistic_regression_multinomial,2025,2,Chinese Grand Prix,gasly,Pierre Gasly,Alpine F1 Team,20,no_points,points_no_top5,2,0.000004,0.015133,0.049622,0.523818,0.411423,2.995672,0.000000
post_qualifying,logistic_regression_multinomial,2025,3,Japanese Grand Prix,max_verstappen,Max Verstappen,Red Bull,1,win,win,1,0.594314,0.168117,0.193109,0.036362,0.008098,19.908706,25.000000
post_qualifying,logistic_regression_multinomial,2025,3,Japanese Grand Prix,norris,Lando Norris,McLaren,2,podium_no_win,podium_no_win,1,0.334456,0.406405,0.196068,0.054963,0.008107,17.454684,18.000000
post_qualifying,logistic_regression_multinomial,2025,3,Japanese Grand Prix,piastri,Oscar Piastri,McLaren,3,podium_no_win,top5_no_podium,2,0.136980,0.338745,0.414004,0.091211,0.019060,13.950911,15.000000
post_qualifying,logistic_regression_multinomial,2025,3,Japanese Grand Prix,leclerc,Charles Leclerc,Ferrari,4,top5_no_podium,top5_no_podium,1,0.031405,0.211954,0.469666,0.162069,0.124906,10.129395,12.000000
post_qualifying,logistic_regression_multinomial,2025,3,Japanese Grand Prix,russell,George Russell,Mercedes,5,top5_no_podium,top5_no_podium,1,0.058505,0.203072,0.565507,0.114026,0.058889,11.512801,10.000000
post_qualifying,logistic_regression_multinomial,2025,3,Japanese Grand Prix,antonelli,Andrea Kimi Antonelli,Mercedes,6,points_no_top5,points_no_top5,1,0.015653,0.201533,0.228430,0.414043,0.140342,7.968329,8.000000
post_qualifying,logistic_regression_multinomial,2025,3,Japanese Grand Prix,hamilton,Lewis Hamilton,Ferrari,7,points_no_top5,top5_no_podium,2,0.005665,0.092454,0.370610,0.303218,0.228053,7.017335,6.000000
post_qualifying,logistic_regression_multinomial,2025,3,Japanese Grand Prix,hadjar,Isack Hadjar,RB F1 Team,8,points_no_top5,no_points,2,0.000024,0.000280,0.000313,0.370986,0.628396,1.566817,4.000000
post_qualifying,logistic_regression_multinomial,2025,3,Japanese Grand Prix,albon,Alexander Albon,Williams,9,points_no_top5,points_no_top5,1,0.000004,0.026315,0.271823,0.449732,0.252125,5.313243,2.000000
post_qualifying,logistic_regression_multinomial,2025,3,Japanese Grand Prix,bearman,Oliver Bearman,Haas F1 Team,10,points_no_top5,points_no_top5,1,0.000015,0.000005,0.000523,0.826942,0.172515,3.479369,1.000000
post_qualifying,logistic_regression_multinomial,2025,3,Japanese Grand Prix,alonso,Fernando Alonso,Aston Martin,11,no_points,points_no_top5,2,0.000003,0.029797,0.107663,0.589789,0.272749,4.153122,0.000000
post_qualifying,logistic_regression_multinomial,2025,3,Japanese Grand Prix,tsunoda,Yuki Tsunoda,Red Bull,12,no_points,points_no_top5,2,0.000002,0.000942,0.091359,0.564235,0.343462,3.390324,0.000000
post_qualifying,logistic_regression_multinomial,2025,3,Japanese Grand Prix,gasly,Pierre Gasly,Alpine F1 Team,13,no_points,points_no_top5,2,0.000092,0.040013,0.076630,0.544709,0.338557,3.793222,0.000000
post_qualifying,logistic_regression_multinomial,2025,3,Japanese Grand Prix,sainz,Carlos Sainz,Williams,14,no_points,points_no_top5,2,0.000046,0.018501,0.213895,0.508593,0.258965,4.795353,0.000000
post_qualifying,logistic_regression_multinomial,2025,3,Japanese Grand Prix,doohan,Jack Doohan,Alpine F1 Team,15,no_points,no_points,1,0.000000,0.000026,0.000225,0.000857,0.998892,0.006501,0.000000
post_qualifying,logistic_regression_multinomial,2025,3,Japanese Grand Prix,hulkenberg,Nico Hülkenberg,Sauber,16,no_points,no_points,1,0.000000,0.000036,0.048445,0.360071,0.591447,2.045800,0.000000
post_qualifying,logistic_regression_multinomial,2025,3,Japanese Grand Prix,lawson,Liam Lawson,RB F1 Team,17,no_points,no_points,1,0.000000,0.000008,0.000011,0.361539,0.638442,1.518719,0.000000
post_qualifying,logistic_regression_multinomial,2025,3,Japanese Grand Prix,ocon,Esteban Ocon,Haas F1 Team,18,no_points,no_points,1,0.000017,0.000150,0.047917,0.456074,0.495841,2.445512,0.000000
post_qualifying,logistic_regression_multinomial,2025,3,Japanese Grand Prix,bortoleto,Gabriel Bortoleto,Sauber,19,no_points,no_points,1,0.000000,0.001153,0.011669,0.257350,0.729828,1.228253,0.000000
post_qualifying,logistic_regression_multinomial,2025,3,Japanese Grand Prix,stroll,Lance Stroll,Aston Martin,20,no_points,no_points,1,0.000000,0.002540,0.023959,0.397187,0.576314,1.973643,0.000000
post_qualifying,logistic_regression_multinomial,2025,4,Bahrain Grand Prix,piastri,Oscar Piastri,McLaren,1,win,win,1,0.414000,0.344520,0.184605,0.046185,0.010689,18.259218,25.000000
post_qualifying,logistic_regression_multinomial,2025,4,Bahrain Grand Prix,russell,George Russell,Mercedes,2,podium_no_win,top5_no_podium,3,0.274464,0.244677,0.370596,0.073933,0.036330,15.285831,18.000000
post_qualifying,logistic_regression_multinomial,2025,4,Bahrain Grand Prix,norris,Lando Norris,McLaren,3,podium_no_win,podium_no_win,1,0.069810,0.456900,0.287785,0.144073,0.041433,13.054824,15.000000
post_qualifying,logistic_regression_multinomial,2025,4,Bahrain Grand Prix,leclerc,Charles Leclerc,Ferrari,4,top5_no_podium,top5_no_podium,1,0.096053,0.300075,0.416391,0.134224,0.053257,12.496606,12.000000
post_qualifying,logistic_regression_multinomial,2025,4,Bahrain Grand Prix,hamilton,Lewis Hamilton,Ferrari,5,top5_no_podium,points_no_top5,2,0.005637,0.090774,0.317143,0.385075,0.201371,6.744583,10.000000
post_qualifying,logistic_regression_multinomial,2025,4,Bahrain Grand Prix,max_verstappen,Max Verstappen,Red Bull,6,points_no_top5,top5_no_podium,3,0.126110,0.278492,0.374397,0.136260,0.084742,12.438517,8.000000
post_qualifying,logistic_regression_multinomial,2025,4,Bahrain Grand Prix,gasly,Pierre Gasly,Alpine F1 Team,7,points_no_top5,points_no_top5,1,0.004225,0.161943,0.091037,0.474545,0.268250,5.772189,6.000000
post_qualifying,logistic_regression_multinomial,2025,4,Bahrain Grand Prix,ocon,Esteban Ocon,Haas F1 Team,8,points_no_top5,no_points,2,0.000212,0.000364,0.053135,0.451822,0.494467,2.493432,4.000000
post_qualifying,logistic_regression_multinomial,2025,4,Bahrain Grand Prix,tsunoda,Yuki Tsunoda,Red Bull,9,points_no_top5,points_no_top5,1,0.000048,0.003900,0.155457,0.515931,0.324665,3.942475,2.000000
post_qualifying,logistic_regression_multinomial,2025,4,Bahrain Grand Prix,bearman,Oliver Bearman,Haas F1 Team,10,points_no_top5,points_no_top5,1,0.000000,0.000000,0.000097,0.580807,0.419096,2.440457,1.000000
post_qualifying,logistic_regression_multinomial,2025,4,Bahrain Grand Prix,antonelli,Andrea Kimi Antonelli,Mercedes,11,no_points,top5_no_podium,4,0.065024,0.220655,0.365767,0.251541,0.097013,10.346314,0.000000
post_qualifying,logistic_regression_multinomial,2025,4,Bahrain Grand Prix,albon,Alexander Albon,Williams,12,no_points,no_points,1,0.000000,0.005293,0.095026,0.368720,0.530961,2.681243,0.000000
post_qualifying,logistic_regression_multinomial,2025,4,Bahrain Grand Prix,hadjar,Isack Hadjar,RB F1 Team,13,no_points,no_points,1,0.000001,0.000069,0.000278,0.230417,0.769234,0.971988,0.000000
post_qualifying,logistic_regression_multinomial,2025,4,Bahrain Grand Prix,doohan,Jack Doohan,Alpine F1 Team,14,no_points,no_points,1,0.000014,0.000234,0.000520,0.001201,0.998031,0.014974,0.000000
post_qualifying,logistic_regression_multinomial,2025,4,Bahrain Grand Prix,alonso,Fernando Alonso,Aston Martin,15,no_points,points_no_top5,2,0.000002,0.022684,0.070184,0.527834,0.379297,3.363256,0.000000
post_qualifying,logistic_regression_multinomial,2025,4,Bahrain Grand Prix,lawson,Liam Lawson,RB F1 Team,16,no_points,no_points,1,0.000000,0.000003,0.000004,0.247949,0.752044,1.041477,0.000000
post_qualifying,logistic_regression_multinomial,2025,4,Bahrain Grand Prix,stroll,Lance Stroll,Aston Martin,17,no_points,no_points,1,0.000000,0.002821,0.015811,0.317207,0.664160,1.552742,0.000000
post_qualifying,logistic_regression_multinomial,2025,4,Bahrain Grand Prix,bortoleto,Gabriel Bortoleto,Sauber,18,no_points,no_points,1,0.000000,0.000776,0.014391,0.167866,0.816968,0.876133,0.000000
post_qualifying,logistic_regression_multinomial,2025,4,Bahrain Grand Prix,sainz,Carlos Sainz,Williams,19,no_points,points_no_top5,3,0.000787,0.066485,0.267078,0.436543,0.229108,5.888011,0.000000
post_qualifying,logistic_regression_multinomial,2025,4,Bahrain Grand Prix,hulkenberg,Nico Hülkenberg,Sauber,20,no_points,no_points,1,0.000000,0.000029,0.026629,0.269461,0.703881,1.425129,0.000000
post_qualifying,logistic_regression_multinomial,2025,5,Saudi Arabian Grand Prix,piastri,Oscar Piastri,McLaren,1,win,win,1,0.453477,0.367825,0.137327,0.033680,0.007691,19.058096,25.000000
post_qualifying,logistic_regression_multinomial,2025,5,Saudi Arabian Grand Prix,max_verstappen,Max Verstappen,Red Bull,2,podium_no_win,win,2,0.728045,0.153038,0.096825,0.017622,0.004470,21.865341,18.000000
post_qualifying,logistic_regression_multinomial,2025,5,Saudi Arabian Grand Prix,leclerc,Charles Leclerc,Ferrari,3,podium_no_win,top5_no_podium,2,0.058115,0.316047,0.460354,0.117073,0.048412,12.223237,15.000000
post_qualifying,logistic_regression_multinomial,2025,5,Saudi Arabian Grand Prix,norris,Lando Norris,McLaren,4,top5_no_podium,top5_no_podium,1,0.008909,0.341534,0.359915,0.206288,0.083354,10.683510,12.000000
post_qualifying,logistic_regression_multinomial,2025,5,Saudi Arabian Grand Prix,russell,George Russell,Mercedes,5,top5_no_podium,top5_no_podium,1,0.257725,0.268377,0.372528,0.069144,0.032226,15.259557,10.000000
post_qualifying,logistic_regression_multinomial,2025,5,Saudi Arabian Grand Prix,antonelli,Andrea Kimi Antonelli,Mercedes,6,points_no_top5,top5_no_podium,2,0.041603,0.217338,0.386394,0.250039,0.104626,9.926650,8.000000
post_qualifying,logistic_regression_multinomial,2025,5,Saudi Arabian Grand Prix,hamilton,Lewis Hamilton,Ferrari,7,points_no_top5,top5_no_podium,2,0.024517,0.185685,0.402340,0.276495,0.110964,9.263736,6.000000
post_qualifying,logistic_regression_multinomial,2025,5,Saudi Arabian Grand Prix,sainz,Carlos Sainz,Williams,8,points_no_top5,points_no_top5,1,0.003161,0.105970,0.315014,0.399852,0.176003,6.972072,4.000000
post_qualifying,logistic_regression_multinomial,2025,5,Saudi Arabian Grand Prix,albon,Alexander Albon,Williams,9,points_no_top5,no_points,2,0.000001,0.014991,0.157995,0.386048,0.440965,3.606717,2.000000
post_qualifying,logistic_regression_multinomial,2025,5,Saudi Arabian Grand Prix,hadjar,Isack Hadjar,RB F1 Team,10,points_no_top5,no_points,2,0.000000,0.000040,0.000232,0.205705,0.794023,0.867178,1.000000
post_qualifying,logistic_regression_multinomial,2025,5,Saudi Arabian Grand Prix,alonso,Fernando Alonso,Aston Martin,11,no_points,points_no_top5,2,0.000003,0.026446,0.082995,0.555739,0.334817,3.683478,0.000000
post_qualifying,logistic_regression_multinomial,2025,5,Saudi Arabian Grand Prix,lawson,Liam Lawson,RB F1 Team,12,no_points,no_points,1,0.000001,0.000014,0.000011,0.336828,0.663147,1.415042,0.000000
post_qualifying,logistic_regression_multinomial,2025,5,Saudi Arabian Grand Prix,bearman,Oliver Bearman,Haas F1 Team,13,no_points,points_no_top5,2,0.000001,0.000002,0.000279,0.735324,0.264395,3.091480,0.000000
post_qualifying,logistic_regression_multinomial,2025,5,Saudi Arabian Grand Prix,ocon,Esteban Ocon,Haas F1 Team,14,no_points,no_points,1,0.000015,0.000146,0.039790,0.427795,0.532254,2.237223,0.000000
post_qualifying,logistic_regression_multinomial,2025,5,Saudi Arabian Grand Prix,hulkenberg,Nico Hülkenberg,Sauber,15,no_points,no_points,1,0.000000,0.000021,0.021217,0.224979,0.753784,1.178637,0.000000
post_qualifying,logistic_regression_multinomial,2025,5,Saudi Arabian Grand Prix,stroll,Lance Stroll,Aston Martin,16,no_points,no_points,1,0.000000,0.008420,0.027941,0.373811,0.589827,2.016294,0.000000
post_qualifying,logistic_regression_multinomial,2025,5,Saudi Arabian Grand Prix,doohan,Jack Doohan,Alpine F1 Team,17,no_points,no_points,1,0.000001,0.000072,0.000366,0.001142,0.998419,0.010032,0.000000
post_qualifying,logistic_regression_multinomial,2025,5,Saudi Arabian Grand Prix,bortoleto,Gabriel Bortoleto,Sauber,18,no_points,no_points,1,0.000000,0.000559,0.012785,0.161144,0.825512,0.826672,0.000000
post_qualifying,logistic_regression_multinomial,2025,5,Saudi Arabian Grand Prix,tsunoda,Yuki Tsunoda,Red Bull,19,no_points,points_no_top5,2,0.000214,0.006772,0.196336,0.579546,0.217131,4.710893,0.000000
post_qualifying,logistic_regression_multinomial,2025,5,Saudi Arabian Grand Prix,gasly,Pierre Gasly,Alpine F1 Team,20,no_points,points_no_top5,2,0.000489,0.099358,0.097406,0.501043,0.301704,4.827472,0.000000
post_qualifying,logistic_regression_multinomial,2025,6,Miami Grand Prix,piastri,Oscar Piastri,McLaren,1,win,win,1,0.382712,0.369359,0.169157,0.062712,0.016060,17.786343,25.000000
post_qualifying,logistic_regression_multinomial,2025,6,Miami Grand Prix,norris,Lando Norris,McLaren,2,podium_no_win,win,2,0.431523,0.376208,0.147076,0.038854,0.006339,18.776529,18.000000
post_qualifying,logistic_regression_multinomial,2025,6,Miami Grand Prix,russell,George Russell,Mercedes,3,podium_no_win,top5_no_podium,2,0.164258,0.221967,0.434160,0.128905,0.050709,13.086075,15.000000
post_qualifying,logistic_regression_multinomial,2025,6,Miami Grand Prix,max_verstappen,Max Verstappen,Red Bull,4,top5_no_podium,win,3,0.867056,0.080823,0.041158,0.008396,0.002567,23.497987,12.000000
post_qualifying,logistic_regression_multinomial,2025,6,Miami Grand Prix,albon,Alexander Albon,Williams,5,top5_no_podium,points_no_top5,3,0.000026,0.038636,0.231777,0.446477,0.283084,5.062906,10.000000
post_qualifying,logistic_regression_multinomial,2025,6,Miami Grand Prix,antonelli,Andrea Kimi Antonelli,Mercedes,6,points_no_top5,top5_no_podium,2,0.211301,0.218195,0.273957,0.236576,0.059971,12.889881,8.000000
post_qualifying,logistic_regression_multinomial,2025,6,Miami Grand Prix,leclerc,Charles Leclerc,Ferrari,7,points_no_top5,top5_no_podium,3,0.019447,0.218492,0.470058,0.180328,0.111674,10.019315,6.000000
post_qualifying,logistic_regression_multinomial,2025,6,Miami Grand Prix,hamilton,Lewis Hamilton,Ferrari,8,points_no_top5,top5_no_podium,2,0.002369,0.079531,0.365512,0.334104,0.218483,6.795358,4.000000
post_qualifying,logistic_regression_multinomial,2025,6,Miami Grand Prix,sainz,Carlos Sainz,Williams,9,points_no_top5,points_no_top5,1,0.006169,0.106544,0.306202,0.427226,0.153859,7.074777,2.000000
post_qualifying,logistic_regression_multinomial,2025,6,Miami Grand Prix,tsunoda,Yuki Tsunoda,Red Bull,10,points_no_top5,points_no_top5,1,0.000124,0.004510,0.164239,0.549114,0.282013,4.190429,1.000000
post_qualifying,logistic_regression_multinomial,2025,6,Miami Grand Prix,hadjar,Isack Hadjar,RB F1 Team,11,no_points,no_points,1,0.000005,0.000092,0.000345,0.270472,0.729086,1.141426,0.000000
post_qualifying,logistic_regression_multinomial,2025,6,Miami Grand Prix,ocon,Esteban Ocon,Haas F1 Team,12,no_points,points_no_top5,2,0.012570,0.001419,0.100719,0.551796,0.333495,3.763137,0.000000
post_qualifying,logistic_regression_multinomial,2025,6,Miami Grand Prix,gasly,Pierre Gasly,Alpine F1 Team,13,no_points,no_points,1,0.000001,0.005956,0.025656,0.418135,0.550253,2.136678,0.000000
post_qualifying,logistic_regression_multinomial,2025,6,Miami Grand Prix,hulkenberg,Nico Hülkenberg,Sauber,14,no_points,no_points,1,0.000000,0.000034,0.025916,0.271001,0.703049,1.423845,0.000000
post_qualifying,logistic_regression_multinomial,2025,6,Miami Grand Prix,alonso,Fernando Alonso,Aston Martin,15,no_points,points_no_top5,2,0.000000,0.007228,0.044146,0.541989,0.406636,2.881242,0.000000
post_qualifying,logistic_regression_multinomial,2025,6,Miami Grand Prix,stroll,Lance Stroll,Aston Martin,16,no_points,no_points,1,0.000000,0.003679,0.014812,0.323280,0.658229,1.581412,0.000000
post_qualifying,logistic_regression_multinomial,2025,6,Miami Grand Prix,lawson,Liam Lawson,RB F1 Team,17,no_points,no_points,1,0.000000,0.000005,0.000006,0.294075,0.705914,1.235267,0.000000
post_qualifying,logistic_regression_multinomial,2025,6,Miami Grand Prix,bortoleto,Gabriel Bortoleto,Sauber,18,no_points,no_points,1,0.000009,0.004476,0.035307,0.264226,0.695982,1.572195,0.000000
post_qualifying,logistic_regression_multinomial,2025,6,Miami Grand Prix,bearman,Oliver Bearman,Haas F1 Team,19,no_points,points_no_top5,2,0.000000,0.000000,0.000103,0.615065,0.384831,2.584413,0.000000
post_qualifying,logistic_regression_multinomial,2025,6,Miami Grand Prix,doohan,Jack Doohan,Alpine F1 Team,20,no_points,no_points,1,0.000010,0.000182,0.000555,0.001546,0.997708,0.015841,0.000000
post_qualifying,logistic_regression_multinomial,2025,7,Emilia Romagna Grand Prix,max_verstappen,Max Verstappen,Red Bull,1,win,win,1,0.660490,0.205532,0.106546,0.022868,0.004564,21.171578,25.000000
post_qualifying,logistic_regression_multinomial,2025,7,Emilia Romagna Grand Prix,norris,Lando Norris,McLaren,2,podium_no_win,podium_no_win,1,0.163509,0.584028,0.195400,0.049613,0.007450,16.081953,18.000000
post_qualifying,logistic_regression_multinomial,2025,7,Emilia Romagna Grand Prix,piastri,Oscar Piastri,McLaren,3,podium_no_win,win,2,0.650699,0.288794,0.048705,0.010333,0.001469,21.611732,15.000000
post_qualifying,logistic_regression_multinomial,2025,7,Emilia Romagna Grand Prix,hamilton,Lewis Hamilton,Ferrari,4,top5_no_podium,top5_no_podium,1,0.002099,0.116369,0.397641,0.325434,0.158456,7.713452,12.000000
post_qualifying,logistic_regression_multinomial,2025,7,Emilia Romagna Grand Prix,albon,Alexander Albon,Williams,5,top5_no_podium,points_no_top5,2,0.000029,0.076756,0.292283,0.428267,0.202664,6.281048,10.000000
post_qualifying,logistic_regression_multinomial,2025,7,Emilia Romagna Grand Prix,leclerc,Charles Leclerc,Ferrari,6,points_no_top5,top5_no_podium,2,0.002592,0.186222,0.461972,0.212317,0.136896,9.110899,8.000000
post_qualifying,logistic_regression_multinomial,2025,7,Emilia Romagna Grand Prix,russell,George Russell,Mercedes,7,points_no_top5,win,4,0.331583,0.314441,0.283385,0.053199,0.017392,16.818523,6.000000
post_qualifying,logistic_regression_multinomial,2025,7,Emilia Romagna Grand Prix,sainz,Carlos Sainz,Williams,8,points_no_top5,points_no_top5,1,0.004074,0.168174,0.358132,0.364639,0.104981,8.347669,4.000000
post_qualifying,logistic_regression_multinomial,2025,7,Emilia Romagna Grand Prix,hadjar,Isack Hadjar,RB F1 Team,9,points_no_top5,no_points,2,0.000024,0.000311,0.000649,0.364924,0.634091,1.545557,2.000000
post_qualifying,logistic_regression_multinomial,2025,7,Emilia Romagna Grand Prix,tsunoda,Yuki Tsunoda,Red Bull,10,points_no_top5,points_no_top5,1,0.000000,0.000467,0.050938,0.539249,0.409346,2.832871,1.000000
post_qualifying,logistic_regression_multinomial,2025,7,Emilia Romagna Grand Prix,alonso,Fernando Alonso,Aston Martin,11,no_points,points_no_top5,4,0.000650,0.219415,0.168469,0.508479,0.102987,7.625360,0.000000
post_qualifying,logistic_regression_multinomial,2025,7,Emilia Romagna Grand Prix,hulkenberg,Nico Hülkenberg,Sauber,12,no_points,no_points,1,0.000000,0.000049,0.032061,0.315659,0.652231,1.679249,0.000000
post_qualifying,logistic_regression_multinomial,2025,7,Emilia Romagna Grand Prix,gasly,Pierre Gasly,Alpine F1 Team,13,no_points,points_no_top5,2,0.000439,0.116177,0.092737,0.543465,0.247182,5.230549,0.000000
post_qualifying,logistic_regression_multinomial,2025,7,Emilia Romagna Grand Prix,lawson,Liam Lawson,RB F1 Team,14,no_points,no_points,1,0.000000,0.000009,0.000007,0.337825,0.662159,1.419085,0.000000
post_qualifying,logistic_regression_multinomial,2025,7,Emilia Romagna Grand Prix,stroll,Lance Stroll,Aston Martin,15,no_points,points_no_top5,2,0.000000,0.111300,0.084848,0.514177,0.289675,4.929329,0.000000
post_qualifying,logistic_regression_multinomial,2025,7,Emilia Romagna Grand Prix,colapinto,Franco Colapinto,Alpine F1 Team,16,no_points,no_points,1,0.000013,0.000483,0.000908,0.484291,0.514304,2.052316,0.000000
post_qualifying,logistic_regression_multinomial,2025,7,Emilia Romagna Grand Prix,bearman,Oliver Bearman,Haas F1 Team,17,no_points,points_no_top5,2,0.000000,0.000001,0.000142,0.676047,0.323810,2.840976,0.000000
post_qualifying,logistic_regression_multinomial,2025,7,Emilia Romagna Grand Prix,bortoleto,Gabriel Bortoleto,Sauber,18,no_points,no_points,1,0.000005,0.006488,0.043244,0.298285,0.651978,1.835656,0.000000
post_qualifying,logistic_regression_multinomial,2025,7,Emilia Romagna Grand Prix,antonelli,Andrea Kimi Antonelli,Mercedes,19,no_points,points_no_top5,3,0.000684,0.075096,0.273018,0.409988,0.241214,5.981324,0.000000
post_qualifying,logistic_regression_multinomial,2025,7,Emilia Romagna Grand Prix,ocon,Esteban Ocon,Haas F1 Team,20,no_points,points_no_top5,2,0.000027,0.000210,0.042275,0.483880,0.473608,2.501463,0.000000
post_qualifying,logistic_regression_multinomial,2025,8,Monaco Grand Prix,norris,Lando Norris,McLaren,1,win,win,1,0.420538,0.416873,0.133195,0.026075,0.003318,18.966530,25.000000
post_qualifying,logistic_regression_multinomial,2025,8,Monaco Grand Prix,leclerc,Charles Leclerc,Ferrari,2,podium_no_win,top5_no_podium,2,0.167501,0.350535,0.384987,0.072427,0.024550,14.510400,18.000000
post_qualifying,logistic_regression_multinomial,2025,8,Monaco Grand Prix,piastri,Oscar Piastri,McLaren,3,podium_no_win,podium_no_win,1,0.367171,0.420625,0.159192,0.044044,0.008967,18.055685,15.000000
post_qualifying,logistic_regression_multinomial,2025,8,Monaco Grand Prix,max_verstappen,Max Verstappen,Red Bull,4,top5_no_podium,win,3,0.416100,0.295764,0.215529,0.053150,0.019457,17.876648,12.000000
post_qualifying,logistic_regression_multinomial,2025,8,Monaco Grand Prix,hamilton,Lewis Hamilton,Ferrari,5,top5_no_podium,top5_no_podium,1,0.071103,0.203644,0.481097,0.190242,0.053913,11.228789,10.000000
post_qualifying,logistic_regression_multinomial,2025,8,Monaco Grand Prix,hadjar,Isack Hadjar,RB F1 Team,6,points_no_top5,no_points,2,0.000197,0.000716,0.001372,0.462299,0.535415,1.973506,8.000000
post_qualifying,logistic_regression_multinomial,2025,8,Monaco Grand Prix,ocon,Esteban Ocon,Haas F1 Team,7,points_no_top5,points_no_top5,1,0.013131,0.001932,0.129559,0.561060,0.294317,4.141763,6.000000
post_qualifying,logistic_regression_multinomial,2025,8,Monaco Grand Prix,lawson,Liam Lawson,RB F1 Team,8,points_no_top5,points_no_top5,1,0.000007,0.000045,0.000025,0.528884,0.471039,2.222505,4.000000
post_qualifying,logistic_regression_multinomial,2025,8,Monaco Grand Prix,albon,Alexander Albon,Williams,9,points_no_top5,points_no_top5,1,0.000004,0.030725,0.241794,0.438766,0.288711,5.009611,2.000000
post_qualifying,logistic_regression_multinomial,2025,8,Monaco Grand Prix,sainz,Carlos Sainz,Williams,10,points_no_top5,points_no_top5,1,0.000120,0.041634,0.295129,0.447275,0.215842,5.814942,1.000000
post_qualifying,logistic_regression_multinomial,2025,8,Monaco Grand Prix,russell,George Russell,Mercedes,11,no_points,top5_no_podium,3,0.000567,0.056069,0.429577,0.283039,0.230748,6.853428,0.000000
post_qualifying,logistic_regression_multinomial,2025,8,Monaco Grand Prix,bearman,Oliver Bearman,Haas F1 Team,12,no_points,points_no_top5,2,0.000000,0.000001,0.000149,0.660611,0.339240,2.776215,0.000000
post_qualifying,logistic_regression_multinomial,2025,8,Monaco Grand Prix,colapinto,Franco Colapinto,Alpine F1 Team,13,no_points,no_points,1,0.000000,0.000086,0.000349,0.318013,0.681551,1.340926,0.000000
post_qualifying,logistic_regression_multinomial,2025,8,Monaco Grand Prix,bortoleto,Gabriel Bortoleto,Sauber,14,no_points,no_points,1,0.000000,0.001745,0.023949,0.214890,0.759416,1.194786,0.000000
post_qualifying,logistic_regression_multinomial,2025,8,Monaco Grand Prix,stroll,Lance Stroll,Aston Martin,15,no_points,no_points,1,0.000000,0.003403,0.019132,0.364970,0.612495,1.799470,0.000000
post_qualifying,logistic_regression_multinomial,2025,8,Monaco Grand Prix,hulkenberg,Nico Hülkenberg,Sauber,16,no_points,no_points,1,0.000000,0.000073,0.049257,0.348688,0.601982,2.007526,0.000000
post_qualifying,logistic_regression_multinomial,2025,8,Monaco Grand Prix,tsunoda,Yuki Tsunoda,Red Bull,17,no_points,points_no_top5,2,0.000020,0.003041,0.163344,0.541805,0.291790,4.123040,0.000000
post_qualifying,logistic_regression_multinomial,2025,8,Monaco Grand Prix,antonelli,Andrea Kimi Antonelli,Mercedes,18,no_points,points_no_top5,2,0.000123,0.028006,0.180334,0.461869,0.329668,4.388706,0.000000
post_qualifying,logistic_regression_multinomial,2025,8,Monaco Grand Prix,alonso,Fernando Alonso,Aston Martin,19,no_points,points_no_top5,3,0.000150,0.106899,0.159874,0.580052,0.153025,5.962406,0.000000
post_qualifying,logistic_regression_multinomial,2025,8,Monaco Grand Prix,gasly,Pierre Gasly,Alpine F1 Team,20,no_points,no_points,1,0.000001,0.008471,0.028565,0.419518,0.543444,2.215997,0.000000
post_qualifying,logistic_regression_multinomial,2025,9,Spanish Grand Prix,piastri,Oscar Piastri,McLaren,1,win,win,1,0.472143,0.363421,0.121722,0.035646,0.007068,19.288678,25.000000
post_qualifying,logistic_regression_multinomial,2025,9,Spanish Grand Prix,norris,Lando Norris,McLaren,2,podium_no_win,podium_no_win,1,0.310733,0.492257,0.142830,0.046387,0.007792,17.656529,18.000000
post_qualifying,logistic_regression_multinomial,2025,9,Spanish Grand Prix,leclerc,Charles Leclerc,Ferrari,3,podium_no_win,top5_no_podium,2,0.010615,0.220259,0.476607,0.182583,0.109937,9.909171,15.000000
post_qualifying,logistic_regression_multinomial,2025,9,Spanish Grand Prix,russell,George Russell,Mercedes,4,top5_no_podium,top5_no_podium,1,0.063659,0.198368,0.481054,0.174484,0.082435,10.888981,12.000000
post_qualifying,logistic_regression_multinomial,2025,9,Spanish Grand Prix,hulkenberg,Nico Hülkenberg,Sauber,5,top5_no_podium,no_points,3,0.000000,0.000023,0.022760,0.266999,0.710218,1.372132,10.000000
post_qualifying,logistic_regression_multinomial,2025,9,Spanish Grand Prix,hamilton,Lewis Hamilton,Ferrari,6,points_no_top5,top5_no_podium,3,0.044357,0.227953,0.444097,0.210803,0.072791,10.640577,8.000000
post_qualifying,logistic_regression_multinomial,2025,9,Spanish Grand Prix,hadjar,Isack Hadjar,RB F1 Team,7,points_no_top5,no_points,2,0.000013,0.000239,0.000779,0.392194,0.606774,1.660066,6.000000
post_qualifying,logistic_regression_multinomial,2025,9,Spanish Grand Prix,gasly,Pierre Gasly,Alpine F1 Team,8,points_no_top5,points_no_top5,1,0.000345,0.072594,0.076685,0.520337,0.330040,4.235365,4.000000
post_qualifying,logistic_regression_multinomial,2025,9,Spanish Grand Prix,alonso,Fernando Alonso,Aston Martin,9,points_no_top5,points_no_top5,1,0.000008,0.034341,0.085172,0.580651,0.299828,3.942455,2.000000
post_qualifying,logistic_regression_multinomial,2025,9,Spanish Grand Prix,max_verstappen,Max Verstappen,Red Bull,10,points_no_top5,win,4,0.509475,0.245374,0.183549,0.049898,0.011704,19.014161,1.000000
post_qualifying,logistic_regression_multinomial,2025,9,Spanish Grand Prix,lawson,Liam Lawson,RB F1 Team,11,no_points,no_points,1,0.000000,0.000012,0.000013,0.437051,0.562924,1.835967,0.000000
post_qualifying,logistic_regression_multinomial,2025,9,Spanish Grand Prix,bortoleto,Gabriel Bortoleto,Sauber,12,no_points,no_points,1,0.000003,0.003611,0.034075,0.259314,0.702996,1.523613,0.000000
post_qualifying,logistic_regression_multinomial,2025,9,Spanish Grand Prix,tsunoda,Yuki Tsunoda,Red Bull,13,no_points,points_no_top5,2,0.000000,0.000269,0.044325,0.509313,0.446092,2.631142,0.000000
post_qualifying,logistic_regression_multinomial,2025,9,Spanish Grand Prix,sainz,Carlos Sainz,Williams,14,no_points,no_points,1,0.000001,0.005772,0.108761,0.438334,0.447133,3.132622,0.000000
post_qualifying,logistic_regression_multinomial,2025,9,Spanish Grand Prix,colapinto,Franco Colapinto,Alpine F1 Team,15,no_points,no_points,1,0.000000,0.000060,0.000296,0.316814,0.682831,1.334859,0.000000
post_qualifying,logistic_regression_multinomial,2025,9,Spanish Grand Prix,ocon,Esteban Ocon,Haas F1 Team,16,no_points,no_points,1,0.000023,0.000147,0.033633,0.434388,0.531809,2.197384,0.000000
post_qualifying,logistic_regression_multinomial,2025,9,Spanish Grand Prix,bearman,Oliver Bearman,Haas F1 Team,17,no_points,points_no_top5,2,0.000000,0.000001,0.000172,0.681938,0.317888,2.866064,0.000000
post_qualifying,logistic_regression_multinomial,2025,9,Spanish Grand Prix,antonelli,Andrea Kimi Antonelli,Mercedes,18,no_points,points_no_top5,3,0.013575,0.127393,0.257241,0.410477,0.191314,6.995012,0.000000
post_qualifying,logistic_regression_multinomial,2025,9,Spanish Grand Prix,albon,Alexander Albon,Williams,19,no_points,points_no_top5,2,0.000001,0.016781,0.169330,0.452208,0.361680,4.038814,0.000000
post_qualifying,logistic_regression_multinomial,2025,10,Canadian Grand Prix,russell,George Russell,Mercedes,1,win,top5_no_podium,2,0.330392,0.236032,0.350914,0.067929,0.014734,16.299672,25.000000
post_qualifying,logistic_regression_multinomial,2025,10,Canadian Grand Prix,max_verstappen,Max Verstappen,Red Bull,2,podium_no_win,win,2,0.615688,0.214754,0.136415,0.026391,0.006752,20.547049,18.000000
post_qualifying,logistic_regression_multinomial,2025,10,Canadian Grand Prix,antonelli,Andrea Kimi Antonelli,Mercedes,3,podium_no_win,points_no_top5,3,0.073382,0.231482,0.276126,0.323367,0.095643,10.049530,15.000000
post_qualifying,logistic_regression_multinomial,2025,10,Canadian Grand Prix,piastri,Oscar Piastri,McLaren,4,top5_no_podium,podium_no_win,3,0.345436,0.453618,0.157827,0.036037,0.007082,18.008036,12.000000
post_qualifying,logistic_regression_multinomial,2025,10,Canadian Grand Prix,leclerc,Charles Leclerc,Ferrari,5,top5_no_podium,top5_no_podium,1,0.021007,0.305950,0.507155,0.110325,0.055564,11.615405,10.000000
post_qualifying,logistic_regression_multinomial,2025,10,Canadian Grand Prix,hamilton,Lewis Hamilton,Ferrari,6,points_no_top5,top5_no_podium,4,0.103945,0.307833,0.471967,0.093110,0.023145,13.260563,8.000000
post_qualifying,logistic_regression_multinomial,2025,10,Canadian Grand Prix,alonso,Fernando Alonso,Aston Martin,7,points_no_top5,points_no_top5,1,0.000210,0.130958,0.171168,0.533176,0.164488,6.288246,6.000000
post_qualifying,logistic_regression_multinomial,2025,10,Canadian Grand Prix,hulkenberg,Nico Hülkenberg,Sauber,8,points_no_top5,no_points,2,0.000001,0.000185,0.085373,0.402189,0.512252,2.631366,4.000000
post_qualifying,logistic_regression_multinomial,2025,10,Canadian Grand Prix,ocon,Esteban Ocon,Haas F1 Team,9,points_no_top5,points_no_top5,1,0.000272,0.000525,0.072054,0.503241,0.423908,2.921661,2.000000
post_qualifying,logistic_regression_multinomial,2025,10,Canadian Grand Prix,sainz,Carlos Sainz,Williams,10,points_no_top5,points_no_top5,1,0.000004,0.012721,0.176449,0.458835,0.351991,4.078050,1.000000
post_qualifying,logistic_regression_multinomial,2025,10,Canadian Grand Prix,bearman,Oliver Bearman,Haas F1 Team,11,no_points,points_no_top5,2,0.000003,0.000003,0.000309,0.763257,0.236428,3.209198,0.000000
post_qualifying,logistic_regression_multinomial,2025,10,Canadian Grand Prix,tsunoda,Yuki Tsunoda,Red Bull,12,no_points,points_no_top5,2,0.000006,0.001215,0.131556,0.578779,0.288444,3.898179,0.000000
post_qualifying,logistic_regression_multinomial,2025,10,Canadian Grand Prix,colapinto,Franco Colapinto,Alpine F1 Team,13,no_points,points_no_top5,2,0.000098,0.000944,0.001427,0.508538,0.488994,2.169581,0.000000
post_qualifying,logistic_regression_multinomial,2025,10,Canadian Grand Prix,bortoleto,Gabriel Bortoleto,Sauber,14,no_points,no_points,1,0.000001,0.003195,0.042085,0.282233,0.672486,1.701063,0.000000
post_qualifying,logistic_regression_multinomial,2025,10,Canadian Grand Prix,gasly,Pierre Gasly,Alpine F1 Team,15,no_points,no_points,1,0.000000,0.004901,0.023716,0.370045,0.601338,1.895943,0.000000
post_qualifying,logistic_regression_multinomial,2025,10,Canadian Grand Prix,hadjar,Isack Hadjar,RB F1 Team,16,no_points,no_points,1,0.000020,0.000351,0.001320,0.432556,0.565753,1.837558,0.000000
post_qualifying,logistic_regression_multinomial,2025,10,Canadian Grand Prix,stroll,Lance Stroll,Aston Martin,17,no_points,no_points,1,0.000000,0.005177,0.021922,0.350045,0.622856,1.796752,0.000000
post_qualifying,logistic_regression_multinomial,2025,10,Canadian Grand Prix,norris,Lando Norris,McLaren,18,no_points,podium_no_win,5,0.072614,0.555963,0.259573,0.092755,0.019095,14.233620,0.000000
post_qualifying,logistic_regression_multinomial,2025,10,Canadian Grand Prix,lawson,Liam Lawson,RB F1 Team,19,no_points,no_points,1,0.000000,0.000004,0.000009,0.376843,0.623143,1.582915,0.000000
post_qualifying,logistic_regression_multinomial,2025,10,Canadian Grand Prix,albon,Alexander Albon,Williams,20,no_points,points_no_top5,2,0.000005,0.039759,0.251581,0.420391,0.288264,5.189189,0.000000
post_qualifying,logistic_regression_multinomial,2025,11,Austrian Grand Prix,norris,Lando Norris,McLaren,1,win,win,1,0.432255,0.410581,0.109394,0.042090,0.005679,18.961091,25.000000
post_qualifying,logistic_regression_multinomial,2025,11,Austrian Grand Prix,piastri,Oscar Piastri,McLaren,2,podium_no_win,podium_no_win,1,0.295841,0.414735,0.189838,0.084406,0.015179,16.681886,18.000000
post_qualifying,logistic_regression_multinomial,2025,11,Austrian Grand Prix,leclerc,Charles Leclerc,Ferrari,3,podium_no_win,podium_no_win,1,0.245490,0.369122,0.298211,0.061537,0.025640,15.766548,15.000000
post_qualifying,logistic_regression_multinomial,2025,11,Austrian Grand Prix,hamilton,Lewis Hamilton,Ferrari,4,top5_no_podium,top5_no_podium,1,0.109507,0.275822,0.432671,0.135791,0.046208,12.618452,12.000000
post_qualifying,logistic_regression_multinomial,2025,11,Austrian Grand Prix,russell,George Russell,Mercedes,5,top5_no_podium,top5_no_podium,1,0.095727,0.241604,0.444121,0.154243,0.064305,11.912785,10.000000
post_qualifying,logistic_regression_multinomial,2025,11,Austrian Grand Prix,lawson,Liam Lawson,RB F1 Team,6,points_no_top5,points_no_top5,1,0.000048,0.000088,0.000033,0.604752,0.395079,2.542962,8.000000
post_qualifying,logistic_regression_multinomial,2025,11,Austrian Grand Prix,alonso,Fernando Alonso,Aston Martin,7,points_no_top5,points_no_top5,1,0.000004,0.025233,0.072549,0.553025,0.349188,3.537206,6.000000
post_qualifying,logistic_regression_multinomial,2025,11,Austrian Grand Prix,bortoleto,Gabriel Bortoleto,Sauber,8,points_no_top5,no_points,2,0.000099,0.012942,0.077322,0.375150,0.534487,2.642202,4.000000
post_qualifying,logistic_regression_multinomial,2025,11,Austrian Grand Prix,hulkenberg,Nico Hülkenberg,Sauber,9,points_no_top5,no_points,2,0.000000,0.000009,0.015406,0.246995,0.737591,1.206983,2.000000
post_qualifying,logistic_regression_multinomial,2025,11,Austrian Grand Prix,ocon,Esteban Ocon,Haas F1 Team,10,points_no_top5,no_points,2,0.000021,0.000115,0.032178,0.443997,0.523689,2.221177,1.000000
post_qualifying,logistic_regression_multinomial,2025,11,Austrian Grand Prix,bearman,Oliver Bearman,Haas F1 Team,11,no_points,points_no_top5,2,0.000001,0.000001,0.000155,0.716093,0.283750,3.009325,0.000000
post_qualifying,logistic_regression_multinomial,2025,11,Austrian Grand Prix,hadjar,Isack Hadjar,RB F1 Team,12,no_points,no_points,1,0.000001,0.000080,0.000384,0.300471,0.699064,1.267548,0.000000
post_qualifying,logistic_regression_multinomial,2025,11,Austrian Grand Prix,gasly,Pierre Gasly,Alpine F1 Team,13,no_points,points_no_top5,2,0.000109,0.039743,0.053210,0.492094,0.414844,3.310586,0.000000
post_qualifying,logistic_regression_multinomial,2025,11,Austrian Grand Prix,stroll,Lance Stroll,Aston Martin,14,no_points,no_points,1,0.000000,0.003959,0.015833,0.333547,0.646660,1.640393,0.000000
post_qualifying,logistic_regression_multinomial,2025,11,Austrian Grand Prix,colapinto,Franco Colapinto,Alpine F1 Team,15,no_points,no_points,1,0.000006,0.000174,0.000542,0.406197,0.593080,1.715022,0.000000
post_qualifying,logistic_regression_multinomial,2025,11,Austrian Grand Prix,tsunoda,Yuki Tsunoda,Red Bull,16,no_points,points_no_top5,2,0.000000,0.000248,0.036175,0.482500,0.481076,2.428531,0.000000
post_qualifying,logistic_regression_multinomial,2025,11,Austrian Grand Prix,albon,Alexander Albon,Williams,17,no_points,no_points,1,0.000000,0.010182,0.103823,0.393472,0.492523,2.962645,0.000000
post_qualifying,logistic_regression_multinomial,2025,11,Austrian Grand Prix,max_verstappen,Max Verstappen,Red Bull,18,no_points,top5_no_podium,4,0.080944,0.236322,0.368948,0.207593,0.106192,10.853247,0.000000
post_qualifying,logistic_regression_multinomial,2025,11,Austrian Grand Prix,antonelli,Andrea Kimi Antonelli,Mercedes,19,no_points,points_no_top5,2,0.004711,0.086634,0.196630,0.454672,0.257353,5.619791,0.000000
post_qualifying,logistic_regression_multinomial,2025,11,Austrian Grand Prix,sainz,Carlos Sainz,Williams,20,no_points,no_points,1,0.000000,0.002847,0.072599,0.422017,0.502536,2.618049,0.000000
post_qualifying,logistic_regression_multinomial,2025,12,British Grand Prix,norris,Lando Norris,McLaren,1,win,podium_no_win,2,0.218066,0.504987,0.185161,0.079474,0.012311,16.154501,25.000000
post_qualifying,logistic_regression_multinomial,2025,12,British Grand Prix,piastri,Oscar Piastri,McLaren,2,podium_no_win,win,2,0.389357,0.384304,0.159610,0.057803,0.008926,18.073431,18.000000
post_qualifying,logistic_regression_multinomial,2025,12,British Grand Prix,hulkenberg,Nico Hülkenberg,Sauber,3,podium_no_win,no_points,4,0.000000,0.000012,0.022136,0.277475,0.700378,1.409079,15.000000
post_qualifying,logistic_regression_multinomial,2025,12,British Grand Prix,hamilton,Lewis Hamilton,Ferrari,4,top5_no_podium,top5_no_podium,1,0.060995,0.244075,0.484470,0.155805,0.054655,11.535672,12.000000
post_qualifying,logistic_regression_multinomial,2025,12,British Grand Prix,max_verstappen,Max Verstappen,Red Bull,5,top5_no_podium,win,3,0.586223,0.198629,0.152055,0.047068,0.016024,19.803258,10.000000
post_qualifying,logistic_regression_multinomial,2025,12,British Grand Prix,gasly,Pierre Gasly,Alpine F1 Team,6,points_no_top5,points_no_top5,1,0.000157,0.045422,0.062533,0.530074,0.361814,3.667563,8.000000
post_qualifying,logistic_regression_multinomial,2025,12,British Grand Prix,stroll,Lance Stroll,Aston Martin,7,points_no_top5,no_points,2,0.000000,0.002570,0.013710,0.320858,0.662862,1.540819,6.000000
post_qualifying,logistic_regression_multinomial,2025,12,British Grand Prix,albon,Alexander Albon,Williams,8,points_no_top5,no_points,2,0.000000,0.006684,0.083131,0.356642,0.553543,2.522625,4.000000
post_qualifying,logistic_regression_multinomial,2025,12,British Grand Prix,alonso,Fernando Alonso,Aston Martin,9,points_no_top5,points_no_top5,1,0.000018,0.053179,0.115944,0.567284,0.263575,4.535870,2.000000
post_qualifying,logistic_regression_multinomial,2025,12,British Grand Prix,russell,George Russell,Mercedes,10,points_no_top5,top5_no_podium,4,0.157664,0.261791,0.426672,0.114936,0.038937,13.437273,1.000000
post_qualifying,logistic_regression_multinomial,2025,12,British Grand Prix,bearman,Oliver Bearman,Haas F1 Team,11,no_points,points_no_top5,2,0.000003,0.000001,0.000267,0.782554,0.217175,3.289760,0.000000
post_qualifying,logistic_regression_multinomial,2025,12,British Grand Prix,sainz,Carlos Sainz,Williams,12,no_points,points_no_top5,2,0.000116,0.031585,0.204164,0.484225,0.279910,4.803602,0.000000
post_qualifying,logistic_regression_multinomial,2025,12,British Grand Prix,ocon,Esteban Ocon,Haas F1 Team,13,no_points,no_points,1,0.000059,0.000178,0.040518,0.450550,0.508695,2.342412,0.000000
post_qualifying,logistic_regression_multinomial,2025,12,British Grand Prix,leclerc,Charles Leclerc,Ferrari,14,no_points,top5_no_podium,4,0.033731,0.290299,0.463294,0.134228,0.078448,11.293210,0.000000
post_qualifying,logistic_regression_multinomial,2025,12,British Grand Prix,tsunoda,Yuki Tsunoda,Red Bull,15,no_points,points_no_top5,2,0.000009,0.001213,0.084190,0.602922,0.311667,3.478588,0.000000
post_qualifying,logistic_regression_multinomial,2025,12,British Grand Prix,antonelli,Andrea Kimi Antonelli,Mercedes,16,no_points,points_no_top5,3,0.007257,0.092633,0.248037,0.435335,0.216738,6.266693,0.000000
post_qualifying,logistic_regression_multinomial,2025,12,British Grand Prix,hadjar,Isack Hadjar,RB F1 Team,17,no_points,no_points,1,0.000002,0.000094,0.000472,0.334049,0.665383,1.409793,0.000000
post_qualifying,logistic_regression_multinomial,2025,12,British Grand Prix,bortoleto,Gabriel Bortoleto,Sauber,18,no_points,no_points,1,0.000000,0.001112,0.024196,0.248003,0.726689,1.326120,0.000000
post_qualifying,logistic_regression_multinomial,2025,12,British Grand Prix,lawson,Liam Lawson,RB F1 Team,19,no_points,no_points,1,0.000000,0.000007,0.000010,0.420397,0.579586,1.765892,0.000000
post_qualifying,logistic_regression_multinomial,2025,12,British Grand Prix,colapinto,Franco Colapinto,Alpine F1 Team,20,no_points,no_points,1,0.000000,0.000028,0.000225,0.293114,0.706633,1.234022,0.000000
post_qualifying,logistic_regression_multinomial,2025,13,Belgian Grand Prix,piastri,Oscar Piastri,McLaren,1,win,win,1,0.421050,0.385775,0.146228,0.040881,0.006066,18.671746,25.000000
post_qualifying,logistic_regression_multinomial,2025,13,Belgian Grand Prix,norris,Lando Norris,McLaren,2,podium_no_win,win,2,0.512379,0.384962,0.079127,0.021078,0.002453,20.120285,18.000000
post_qualifying,logistic_regression_multinomial,2025,13,Belgian Grand Prix,leclerc,Charles Leclerc,Ferrari,3,podium_no_win,top5_no_podium,2,0.149175,0.370982,0.390266,0.068426,0.021152,14.430881,15.000000
post_qualifying,logistic_regression_multinomial,2025,13,Belgian Grand Prix,max_verstappen,Max Verstappen,Red Bull,4,top5_no_podium,win,3,0.339484,0.288083,0.262323,0.079088,0.031023,16.458182,12.000000
post_qualifying,logistic_regression_multinomial,2025,13,Belgian Grand Prix,russell,George Russell,Mercedes,5,top5_no_podium,top5_no_podium,1,0.056511,0.232069,0.497594,0.144153,0.069673,11.320892,10.000000
post_qualifying,logistic_regression_multinomial,2025,13,Belgian Grand Prix,albon,Alexander Albon,Williams,6,points_no_top5,points_no_top5,1,0.000063,0.076084,0.302034,0.392843,0.228976,6.229278,8.000000
post_qualifying,logistic_regression_multinomial,2025,13,Belgian Grand Prix,hamilton,Lewis Hamilton,Ferrari,7,points_no_top5,points_no_top5,1,0.000152,0.037641,0.361294,0.370902,0.230011,6.156893,6.000000
post_qualifying,logistic_regression_multinomial,2025,13,Belgian Grand Prix,lawson,Liam Lawson,RB F1 Team,8,points_no_top5,points_no_top5,1,0.000011,0.000059,0.000030,0.545171,0.454728,2.291297,4.000000
post_qualifying,logistic_regression_multinomial,2025,13,Belgian Grand Prix,bortoleto,Gabriel Bortoleto,Sauber,9,points_no_top5,no_points,2,0.000074,0.017671,0.130496,0.347923,0.503837,3.190144,2.000000
post_qualifying,logistic_regression_multinomial,2025,13,Belgian Grand Prix,gasly,Pierre Gasly,Alpine F1 Team,10,points_no_top5,points_no_top5,1,0.000021,0.025373,0.056412,0.474569,0.443624,3.032913,1.000000
post_qualifying,logistic_regression_multinomial,2025,13,Belgian Grand Prix,bearman,Oliver Bearman,Haas F1 Team,11,no_points,points_no_top5,2,0.000003,0.000002,0.000243,0.720379,0.279373,3.028363,0.000000
post_qualifying,logistic_regression_multinomial,2025,13,Belgian Grand Prix,hulkenberg,Nico Hülkenberg,Sauber,12,no_points,no_points,1,0.000000,0.000112,0.078043,0.368850,0.552995,2.409491,0.000000
post_qualifying,logistic_regression_multinomial,2025,13,Belgian Grand Prix,tsunoda,Yuki Tsunoda,Red Bull,13,no_points,points_no_top5,2,0.000327,0.005918,0.189956,0.605663,0.198136,4.739123,0.000000
post_qualifying,logistic_regression_multinomial,2025,13,Belgian Grand Prix,stroll,Lance Stroll,Aston Martin,14,no_points,no_points,1,0.000000,0.004452,0.019558,0.346815,0.629175,1.745216,0.000000
post_qualifying,logistic_regression_multinomial,2025,13,Belgian Grand Prix,ocon,Esteban Ocon,Haas F1 Team,15,no_points,points_no_top5,2,0.000751,0.000511,0.071705,0.472155,0.454879,2.799007,0.000000
post_qualifying,logistic_regression_multinomial,2025,13,Belgian Grand Prix,antonelli,Andrea Kimi Antonelli,Mercedes,16,no_points,no_points,1,0.000011,0.009053,0.086510,0.382334,0.522091,2.707072,0.000000
post_qualifying,logistic_regression_multinomial,2025,13,Belgian Grand Prix,alonso,Fernando Alonso,Aston Martin,17,no_points,points_no_top5,2,0.000000,0.004366,0.046450,0.482300,0.466884,2.608648,0.000000
post_qualifying,logistic_regression_multinomial,2025,13,Belgian Grand Prix,sainz,Carlos Sainz,Williams,18,no_points,points_no_top5,2,0.000007,0.009382,0.153540,0.468143,0.368928,3.810106,0.000000
post_qualifying,logistic_regression_multinomial,2025,13,Belgian Grand Prix,colapinto,Franco Colapinto,Alpine F1 Team,19,no_points,no_points,1,0.000002,0.000161,0.000528,0.361805,0.637502,1.528118,0.000000
post_qualifying,logistic_regression_multinomial,2025,13,Belgian Grand Prix,hadjar,Isack Hadjar,RB F1 Team,20,no_points,no_points,1,0.000048,0.000441,0.001043,0.384556,0.613912,1.635085,0.000000
post_qualifying,logistic_regression_multinomial,2025,14,Hungarian Grand Prix,norris,Lando Norris,McLaren,1,win,podium_no_win,2,0.407683,0.455658,0.101173,0.030633,0.004853,18.951996,25.000000
post_qualifying,logistic_regression_multinomial,2025,14,Hungarian Grand Prix,piastri,Oscar Piastri,McLaren,2,podium_no_win,win,2,0.537113,0.346702,0.088315,0.023288,0.004582,20.217671,18.000000
post_qualifying,logistic_regression_multinomial,2025,14,Hungarian Grand Prix,russell,George Russell,Mercedes,3,podium_no_win,top5_no_podium,2,0.110181,0.204259,0.465006,0.167412,0.053141,11.943008,15.000000
post_qualifying,logistic_regression_multinomial,2025,14,Hungarian Grand Prix,leclerc,Charles Leclerc,Ferrari,4,top5_no_podium,win,3,0.399460,0.324480,0.226976,0.036586,0.012497,17.990829,12.000000
post_qualifying,logistic_regression_multinomial,2025,14,Hungarian Grand Prix,alonso,Fernando Alonso,Aston Martin,5,top5_no_podium,points_no_top5,2,0.000289,0.133833,0.173280,0.530107,0.162491,6.348003,10.000000
post_qualifying,logistic_regression_multinomial,2025,14,Hungarian Grand Prix,bortoleto,Gabriel Bortoleto,Sauber,6,points_no_top5,no_points,2,0.000481,0.030840,0.165845,0.384167,0.418666,3.958691,8.000000
post_qualifying,logistic_regression_multinomial,2025,14,Hungarian Grand Prix,stroll,Lance Stroll,Aston Martin,7,points_no_top5,points_no_top5,1,0.000001,0.081505,0.092339,0.535176,0.290979,4.608322,6.000000
post_qualifying,logistic_regression_multinomial,2025,14,Hungarian Grand Prix,lawson,Liam Lawson,RB F1 Team,8,points_no_top5,points_no_top5,1,0.000008,0.000047,0.000028,0.548868,0.451049,2.306530,4.000000
post_qualifying,logistic_regression_multinomial,2025,14,Hungarian Grand Prix,max_verstappen,Max Verstappen,Red Bull,9,points_no_top5,top5_no_podium,2,0.054254,0.219255,0.392749,0.232095,0.101648,10.269086,2.000000
post_qualifying,logistic_regression_multinomial,2025,14,Hungarian Grand Prix,antonelli,Andrea Kimi Antonelli,Mercedes,10,points_no_top5,points_no_top5,1,0.000063,0.014144,0.097466,0.471079,0.417249,3.285591,1.000000
post_qualifying,logistic_regression_multinomial,2025,14,Hungarian Grand Prix,hadjar,Isack Hadjar,RB F1 Team,11,no_points,no_points,1,0.000012,0.000211,0.000620,0.327419,0.671739,1.385754,0.000000
post_qualifying,logistic_regression_multinomial,2025,14,Hungarian Grand Prix,hamilton,Lewis Hamilton,Ferrari,12,no_points,top5_no_podium,3,0.002668,0.102309,0.468671,0.279445,0.146908,8.083833,0.000000
post_qualifying,logistic_regression_multinomial,2025,14,Hungarian Grand Prix,hulkenberg,Nico Hülkenberg,Sauber,13,no_points,no_points,1,0.000000,0.000023,0.029760,0.278453,0.691764,1.497245,0.000000
post_qualifying,logistic_regression_multinomial,2025,14,Hungarian Grand Prix,sainz,Carlos Sainz,Williams,14,no_points,points_no_top5,2,0.000047,0.020196,0.171509,0.478294,0.329954,4.229842,0.000000
post_qualifying,logistic_regression_multinomial,2025,14,Hungarian Grand Prix,albon,Alexander Albon,Williams,15,no_points,no_points,1,0.000000,0.001551,0.049166,0.325440,0.623843,1.933263,0.000000
post_qualifying,logistic_regression_multinomial,2025,14,Hungarian Grand Prix,ocon,Esteban Ocon,Haas F1 Team,16,no_points,no_points,1,0.000007,0.000066,0.020831,0.332518,0.646578,1.626980,0.000000
post_qualifying,logistic_regression_multinomial,2025,14,Hungarian Grand Prix,tsunoda,Yuki Tsunoda,Red Bull,17,no_points,points_no_top5,2,0.000000,0.000227,0.040890,0.581300,0.377583,2.895001,0.000000
post_qualifying,logistic_regression_multinomial,2025,14,Hungarian Grand Prix,colapinto,Franco Colapinto,Alpine F1 Team,18,no_points,no_points,1,0.000012,0.000249,0.000627,0.395214,0.603898,1.671210,0.000000
post_qualifying,logistic_regression_multinomial,2025,14,Hungarian Grand Prix,gasly,Pierre Gasly,Alpine F1 Team,19,no_points,no_points,1,0.000002,0.007609,0.029003,0.424359,0.539027,2.226928,0.000000
post_qualifying,logistic_regression_multinomial,2025,14,Hungarian Grand Prix,bearman,Oliver Bearman,Haas F1 Team,20,no_points,points_no_top5,2,0.000005,0.000002,0.000227,0.734721,0.265045,3.088474,0.000000
post_qualifying,logistic_regression_multinomial,2025,15,Dutch Grand Prix,piastri,Oscar Piastri,McLaren,1,win,win,1,0.470072,0.406923,0.093503,0.024503,0.004999,19.597478,25.000000
post_qualifying,logistic_regression_multinomial,2025,15,Dutch Grand Prix,max_verstappen,Max Verstappen,Red Bull,2,podium_no_win,top5_no_podium,2,0.253587,0.280345,0.311699,0.119719,0.034652,14.896852,18.000000
post_qualifying,logistic_regression_multinomial,2025,15,Dutch Grand Prix,hadjar,Isack Hadjar,RB F1 Team,3,podium_no_win,no_points,4,0.000249,0.000775,0.001133,0.403123,0.594719,1.724604,15.000000
post_qualifying,logistic_regression_multinomial,2025,15,Dutch Grand Prix,russell,George Russell,Mercedes,4,top5_no_podium,top5_no_podium,1,0.039358,0.195292,0.472749,0.192346,0.100255,10.214355,12.000000
post_qualifying,logistic_regression_multinomial,2025,15,Dutch Grand Prix,albon,Alexander Albon,Williams,5,top5_no_podium,no_points,3,0.000000,0.004152,0.084714,0.379537,0.531597,2.594418,10.000000
post_qualifying,logistic_regression_multinomial,2025,15,Dutch Grand Prix,bearman,Oliver Bearman,Haas F1 Team,6,points_no_top5,points_no_top5,1,0.000000,0.000000,0.000061,0.517154,0.482785,2.172719,8.000000
post_qualifying,logistic_regression_multinomial,2025,15,Dutch Grand Prix,stroll,Lance Stroll,Aston Martin,7,points_no_top5,no_points,2,0.000000,0.002098,0.015822,0.354283,0.627797,1.696649,6.000000
post_qualifying,logistic_regression_multinomial,2025,15,Dutch Grand Prix,alonso,Fernando Alonso,Aston Martin,8,points_no_top5,points_no_top5,1,0.000006,0.045871,0.118604,0.553654,0.281865,4.387011,4.000000
post_qualifying,logistic_regression_multinomial,2025,15,Dutch Grand Prix,tsunoda,Yuki Tsunoda,Red Bull,9,points_no_top5,points_no_top5,1,0.000005,0.000976,0.067005,0.627620,0.304395,3.389278,2.000000
post_qualifying,logistic_regression_multinomial,2025,15,Dutch Grand Prix,ocon,Esteban Ocon,Haas F1 Team,10,points_no_top5,no_points,2,0.000002,0.000044,0.015732,0.292247,0.691974,1.401280,1.000000
post_qualifying,logistic_regression_multinomial,2025,15,Dutch Grand Prix,colapinto,Franco Colapinto,Alpine F1 Team,11,no_points,no_points,1,0.000001,0.000107,0.000370,0.314728,0.684794,1.327711,0.000000
post_qualifying,logistic_regression_multinomial,2025,15,Dutch Grand Prix,lawson,Liam Lawson,RB F1 Team,12,no_points,no_points,1,0.000004,0.000039,0.000023,0.499750,0.500183,2.099958,0.000000
post_qualifying,logistic_regression_multinomial,2025,15,Dutch Grand Prix,sainz,Carlos Sainz,Williams,13,no_points,points_no_top5,2,0.000235,0.038928,0.232754,0.484689,0.243394,5.244177,0.000000
post_qualifying,logistic_regression_multinomial,2025,15,Dutch Grand Prix,hulkenberg,Nico Hülkenberg,Sauber,14,no_points,no_points,1,0.000000,0.000028,0.031918,0.271930,0.696124,1.493668,0.000000
post_qualifying,logistic_regression_multinomial,2025,15,Dutch Grand Prix,bortoleto,Gabriel Bortoleto,Sauber,15,no_points,no_points,1,0.000003,0.005055,0.065177,0.295154,0.634611,2.040081,0.000000
post_qualifying,logistic_regression_multinomial,2025,15,Dutch Grand Prix,antonelli,Andrea Kimi Antonelli,Mercedes,16,no_points,points_no_top5,2,0.000326,0.032708,0.169323,0.445909,0.351734,4.283197,0.000000
post_qualifying,logistic_regression_multinomial,2025,15,Dutch Grand Prix,gasly,Pierre Gasly,Alpine F1 Team,17,no_points,no_points,1,0.000005,0.012636,0.034739,0.451879,0.500741,2.488650,0.000000
post_qualifying,logistic_regression_multinomial,2025,15,Dutch Grand Prix,norris,Lando Norris,McLaren,18,no_points,podium_no_win,5,0.348372,0.515938,0.100369,0.030342,0.004979,18.453782,0.000000
post_qualifying,logistic_regression_multinomial,2025,15,Dutch Grand Prix,leclerc,Charles Leclerc,Ferrari,19,no_points,top5_no_podium,4,0.021431,0.275124,0.471421,0.159523,0.072501,10.930961,0.000000
post_qualifying,logistic_regression_multinomial,2025,15,Dutch Grand Prix,hamilton,Lewis Hamilton,Ferrari,20,no_points,top5_no_podium,4,0.014911,0.172487,0.462116,0.260372,0.090114,9.395650,0.000000
post_qualifying,logistic_regression_multinomial,2025,16,Italian Grand Prix,max_verstappen,Max Verstappen,Red Bull,1,win,win,1,0.658544,0.187857,0.114381,0.030471,0.008747,20.949416,25.000000
post_qualifying,logistic_regression_multinomial,2025,16,Italian Grand Prix,norris,Lando Norris,McLaren,2,podium_no_win,podium_no_win,1,0.327023,0.517382,0.118698,0.031465,0.005432,18.150200,18.000000
post_qualifying,logistic_regression_multinomial,2025,16,Italian Grand Prix,piastri,Oscar Piastri,McLaren,3,podium_no_win,podium_no_win,1,0.412884,0.434240,0.108554,0.036597,0.007725,18.834857,15.000000
post_qualifying,logistic_regression_multinomial,2025,16,Italian Grand Prix,leclerc,Charles Leclerc,Ferrari,4,top5_no_podium,top5_no_podium,1,0.093811,0.351930,0.401023,0.112372,0.040864,13.035329,12.000000
post_qualifying,logistic_regression_multinomial,2025,16,Italian Grand Prix,russell,George Russell,Mercedes,5,top5_no_podium,top5_no_podium,1,0.058385,0.233873,0.452072,0.173384,0.082286,11.019545,10.000000
post_qualifying,logistic_regression_multinomial,2025,16,Italian Grand Prix,hamilton,Lewis Hamilton,Ferrari,6,points_no_top5,top5_no_podium,2,0.023208,0.150433,0.478193,0.256206,0.091960,9.398531,8.000000
post_qualifying,logistic_regression_multinomial,2025,16,Italian Grand Prix,albon,Alexander Albon,Williams,7,points_no_top5,no_points,2,0.000000,0.007703,0.113305,0.405779,0.473213,3.077732,6.000000
post_qualifying,logistic_regression_multinomial,2025,16,Italian Grand Prix,bortoleto,Gabriel Bortoleto,Sauber,8,points_no_top5,no_points,2,0.000115,0.017075,0.098292,0.384889,0.499629,2.982368,4.000000
post_qualifying,logistic_regression_multinomial,2025,16,Italian Grand Prix,antonelli,Andrea Kimi Antonelli,Mercedes,9,points_no_top5,points_no_top5,1,0.009530,0.116284,0.265524,0.408589,0.200072,6.793786,2.000000
post_qualifying,logistic_regression_multinomial,2025,16,Italian Grand Prix,hadjar,Isack Hadjar,RB F1 Team,10,points_no_top5,no_points,2,0.000000,0.000022,0.000192,0.179689,0.820097,0.757169,1.000000
post_qualifying,logistic_regression_multinomial,2025,16,Italian Grand Prix,sainz,Carlos Sainz,Williams,11,no_points,points_no_top5,2,0.000035,0.018560,0.168786,0.489781,0.322838,4.220834,0.000000
post_qualifying,logistic_regression_multinomial,2025,16,Italian Grand Prix,bearman,Oliver Bearman,Haas F1 Team,12,no_points,points_no_top5,2,0.000004,0.000002,0.000228,0.710574,0.289191,2.987068,0.000000
post_qualifying,logistic_regression_multinomial,2025,16,Italian Grand Prix,tsunoda,Yuki Tsunoda,Red Bull,13,no_points,points_no_top5,2,0.000043,0.002645,0.120698,0.616345,0.260269,3.961049,0.000000
post_qualifying,logistic_regression_multinomial,2025,16,Italian Grand Prix,lawson,Liam Lawson,RB F1 Team,14,no_points,no_points,1,0.000000,0.000002,0.000006,0.276544,0.723447,1.161595,0.000000
post_qualifying,logistic_regression_multinomial,2025,16,Italian Grand Prix,ocon,Esteban Ocon,Haas F1 Team,15,no_points,no_points,1,0.000043,0.000141,0.030097,0.382577,0.587141,1.941292,0.000000
post_qualifying,logistic_regression_multinomial,2025,16,Italian Grand Prix,gasly,Pierre Gasly,Alpine F1 Team,16,no_points,no_points,1,0.000000,0.002825,0.015335,0.341279,0.640561,1.648676,0.000000
post_qualifying,logistic_regression_multinomial,2025,16,Italian Grand Prix,colapinto,Franco Colapinto,Alpine F1 Team,17,no_points,no_points,1,0.000001,0.000070,0.000319,0.320635,0.678975,1.351348,0.000000
post_qualifying,logistic_regression_multinomial,2025,16,Italian Grand Prix,stroll,Lance Stroll,Aston Martin,18,no_points,no_points,1,0.000000,0.007303,0.031789,0.463491,0.497418,2.416833,0.000000
post_qualifying,logistic_regression_multinomial,2025,16,Italian Grand Prix,alonso,Fernando Alonso,Aston Martin,19,no_points,points_no_top5,2,0.000034,0.087923,0.152446,0.564588,0.195008,5.499766,0.000000
post_qualifying,logistic_regression_multinomial,2025,16,Italian Grand Prix,hulkenberg,Nico Hülkenberg,Sauber,20,no_points,no_points,1,0.000000,0.000089,0.055056,0.344395,0.600459,2.053556,0.000000
post_qualifying,logistic_regression_multinomial,2025,17,Azerbaijan Grand Prix,max_verstappen,Max Verstappen,Red Bull,1,win,win,1,0.818841,0.119906,0.047338,0.010183,0.003733,23.012942,25.000000
post_qualifying,logistic_regression_multinomial,2025,17,Azerbaijan Grand Prix,russell,George Russell,Mercedes,2,podium_no_win,top5_no_podium,2,0.129400,0.252860,0.421791,0.135599,0.060350,12.616422,18.000000
post_qualifying,logistic_regression_multinomial,2025,17,Azerbaijan Grand Prix,sainz,Carlos Sainz,Williams,3,podium_no_win,top5_no_podium,3,0.041474,0.180081,0.376247,0.328011,0.074187,9.524546,15.000000
post_qualifying,logistic_regression_multinomial,2025,17,Azerbaijan Grand Prix,antonelli,Andrea Kimi Antonelli,Mercedes,4,top5_no_podium,points_no_top5,2,0.069096,0.182317,0.310844,0.323439,0.114304,9.513353,12.000000
post_qualifying,logistic_regression_multinomial,2025,17,Azerbaijan Grand Prix,lawson,Liam Lawson,RB F1 Team,5,top5_no_podium,points_no_top5,5,0.000514,0.000300,0.000079,0.611761,0.387346,2.588064,10.000000
post_qualifying,logistic_regression_multinomial,2025,17,Azerbaijan Grand Prix,tsunoda,Yuki Tsunoda,Red Bull,6,points_no_top5,points_no_top5,1,0.000888,0.008881,0.239961,0.545674,0.204596,5.100135,8.000000
post_qualifying,logistic_regression_multinomial,2025,17,Azerbaijan Grand Prix,norris,Lando Norris,McLaren,7,points_no_top5,podium_no_win,3,0.076709,0.562008,0.234068,0.100460,0.026755,14.187547,6.000000
post_qualifying,logistic_regression_multinomial,2025,17,Azerbaijan Grand Prix,hamilton,Lewis Hamilton,Ferrari,8,points_no_top5,points_no_top5,1,0.002080,0.085665,0.337261,0.386033,0.188961,6.796692,4.000000
post_qualifying,logistic_regression_multinomial,2025,17,Azerbaijan Grand Prix,leclerc,Charles Leclerc,Ferrari,9,points_no_top5,top5_no_podium,2,0.006082,0.185200,0.467153,0.231902,0.109663,9.320522,2.000000
post_qualifying,logistic_regression_multinomial,2025,17,Azerbaijan Grand Prix,hadjar,Isack Hadjar,RB F1 Team,10,points_no_top5,no_points,2,0.000064,0.000435,0.000978,0.342028,0.656494,1.456066,1.000000
post_qualifying,logistic_regression_multinomial,2025,17,Azerbaijan Grand Prix,bortoleto,Gabriel Bortoleto,Sauber,11,no_points,no_points,1,0.000006,0.004419,0.051170,0.307961,0.636444,1.929366,0.000000
post_qualifying,logistic_regression_multinomial,2025,17,Azerbaijan Grand Prix,bearman,Oliver Bearman,Haas F1 Team,12,no_points,points_no_top5,2,0.000001,0.000001,0.000145,0.633883,0.365971,2.663932,0.000000
post_qualifying,logistic_regression_multinomial,2025,17,Azerbaijan Grand Prix,albon,Alexander Albon,Williams,13,no_points,no_points,1,0.000000,0.002172,0.059042,0.327356,0.611430,2.060199,0.000000
post_qualifying,logistic_regression_multinomial,2025,17,Azerbaijan Grand Prix,ocon,Esteban Ocon,Haas F1 Team,14,no_points,no_points,1,0.000002,0.000038,0.014848,0.287205,0.697907,1.370269,0.000000
post_qualifying,logistic_regression_multinomial,2025,17,Azerbaijan Grand Prix,alonso,Fernando Alonso,Aston Martin,15,no_points,points_no_top5,2,0.000014,0.057795,0.132605,0.564216,0.245370,4.782331,0.000000
post_qualifying,logistic_regression_multinomial,2025,17,Azerbaijan Grand Prix,hulkenberg,Nico Hülkenberg,Sauber,16,no_points,no_points,1,0.000000,0.000026,0.025721,0.242538,0.731715,1.302026,0.000000
post_qualifying,logistic_regression_multinomial,2025,17,Azerbaijan Grand Prix,stroll,Lance Stroll,Aston Martin,17,no_points,points_no_top5,2,0.000000,0.017833,0.049295,0.496721,0.436152,2.922710,0.000000
post_qualifying,logistic_regression_multinomial,2025,17,Azerbaijan Grand Prix,gasly,Pierre Gasly,Alpine F1 Team,18,no_points,no_points,1,0.000001,0.005442,0.019160,0.347500,0.627898,1.760069,0.000000
post_qualifying,logistic_regression_multinomial,2025,17,Azerbaijan Grand Prix,colapinto,Franco Colapinto,Alpine F1 Team,19,no_points,no_points,1,0.000003,0.000125,0.000467,0.360196,0.639209,1.520094,0.000000
post_qualifying,logistic_regression_multinomial,2025,17,Azerbaijan Grand Prix,piastri,Oscar Piastri,McLaren,20,no_points,podium_no_win,4,0.052309,0.452581,0.268883,0.164460,0.061768,12.423752,0.000000
post_qualifying,logistic_regression_multinomial,2025,18,Singapore Grand Prix,russell,George Russell,Mercedes,1,win,win,1,0.542808,0.211489,0.205340,0.032693,0.007671,19.455813,25.000000
post_qualifying,logistic_regression_multinomial,2025,18,Singapore Grand Prix,max_verstappen,Max Verstappen,Red Bull,2,podium_no_win,win,2,0.799786,0.142140,0.047358,0.007511,0.003205,22.892442,18.000000
post_qualifying,logistic_regression_multinomial,2025,18,Singapore Grand Prix,norris,Lando Norris,McLaren,3,podium_no_win,podium_no_win,1,0.105482,0.494480,0.273681,0.109306,0.017050,14.265556,15.000000
post_qualifying,logistic_regression_multinomial,2025,18,Singapore Grand Prix,piastri,Oscar Piastri,McLaren,4,top5_no_podium,podium_no_win,3,0.376341,0.408599,0.148854,0.056392,0.009814,18.024659,12.000000
post_qualifying,logistic_regression_multinomial,2025,18,Singapore Grand Prix,antonelli,Andrea Kimi Antonelli,Mercedes,5,top5_no_podium,top5_no_podium,1,0.083020,0.210703,0.364928,0.271936,0.069413,10.708441,10.000000
post_qualifying,logistic_regression_multinomial,2025,18,Singapore Grand Prix,leclerc,Charles Leclerc,Ferrari,6,points_no_top5,top5_no_podium,3,0.016728,0.231052,0.506100,0.175630,0.070489,10.535319,8.000000
post_qualifying,logistic_regression_multinomial,2025,18,Singapore Grand Prix,alonso,Fernando Alonso,Aston Martin,7,points_no_top5,points_no_top5,1,0.000014,0.056058,0.141527,0.549331,0.253069,4.789302,6.000000
post_qualifying,logistic_regression_multinomial,2025,18,Singapore Grand Prix,hamilton,Lewis Hamilton,Ferrari,8,points_no_top5,top5_no_podium,2,0.045687,0.203313,0.432579,0.249693,0.068728,10.303919,4.000000
post_qualifying,logistic_regression_multinomial,2025,18,Singapore Grand Prix,bearman,Oliver Bearman,Haas F1 Team,9,points_no_top5,points_no_top5,1,0.000027,0.000004,0.000382,0.790049,0.209539,3.323135,2.000000
post_qualifying,logistic_regression_multinomial,2025,18,Singapore Grand Prix,sainz,Carlos Sainz,Williams,10,points_no_top5,no_points,2,0.000001,0.005432,0.110115,0.379216,0.505236,2.893627,1.000000
post_qualifying,logistic_regression_multinomial,2025,18,Singapore Grand Prix,hadjar,Isack Hadjar,RB F1 Team,11,no_points,no_points,1,0.000083,0.000578,0.001501,0.406133,0.591704,1.733893,0.000000
post_qualifying,logistic_regression_multinomial,2025,18,Singapore Grand Prix,tsunoda,Yuki Tsunoda,Red Bull,12,no_points,points_no_top5,2,0.000010,0.002292,0.191371,0.470604,0.335722,4.119701,0.000000
post_qualifying,logistic_regression_multinomial,2025,18,Singapore Grand Prix,stroll,Lance Stroll,Aston Martin,13,no_points,no_points,1,0.000000,0.010655,0.040053,0.458880,0.490412,2.543685,0.000000
post_qualifying,logistic_regression_multinomial,2025,18,Singapore Grand Prix,albon,Alexander Albon,Williams,14,no_points,no_points,1,0.000000,0.002309,0.086328,0.302958,0.608405,2.260131,0.000000
post_qualifying,logistic_regression_multinomial,2025,18,Singapore Grand Prix,lawson,Liam Lawson,RB F1 Team,15,no_points,no_points,1,0.000001,0.000033,0.000033,0.466338,0.533594,1.959568,0.000000
post_qualifying,logistic_regression_multinomial,2025,18,Singapore Grand Prix,colapinto,Franco Colapinto,Alpine F1 Team,16,no_points,no_points,1,0.000003,0.000132,0.000584,0.385120,0.614161,1.626179,0.000000
post_qualifying,logistic_regression_multinomial,2025,18,Singapore Grand Prix,bortoleto,Gabriel Bortoleto,Sauber,17,no_points,no_points,1,0.000002,0.002917,0.049662,0.307147,0.640272,1.884487,0.000000
post_qualifying,logistic_regression_multinomial,2025,18,Singapore Grand Prix,ocon,Esteban Ocon,Haas F1 Team,18,no_points,no_points,1,0.000019,0.000094,0.030307,0.385265,0.584314,1.953532,0.000000
post_qualifying,logistic_regression_multinomial,2025,18,Singapore Grand Prix,gasly,Pierre Gasly,Alpine F1 Team,19,no_points,no_points,1,0.000001,0.004811,0.023287,0.377570,0.594332,1.921346,0.000000
post_qualifying,logistic_regression_multinomial,2025,18,Singapore Grand Prix,hulkenberg,Nico Hülkenberg,Sauber,20,no_points,no_points,1,0.000001,0.000156,0.077262,0.362898,0.559683,2.376655,0.000000
post_qualifying,logistic_regression_multinomial,2025,19,United States Grand Prix,max_verstappen,Max Verstappen,Red Bull,1,win,win,1,0.805869,0.135905,0.045765,0.008924,0.003537,22.930050,25.000000
post_qualifying,logistic_regression_multinomial,2025,19,United States Grand Prix,norris,Lando Norris,McLaren,2,podium_no_win,podium_no_win,1,0.300723,0.433884,0.174578,0.081913,0.008902,16.941557,18.000000
post_qualifying,logistic_regression_multinomial,2025,19,United States Grand Prix,leclerc,Charles Leclerc,Ferrari,3,podium_no_win,top5_no_podium,2,0.077172,0.290986,0.467024,0.132192,0.032625,12.423050,15.000000
post_qualifying,logistic_regression_multinomial,2025,19,United States Grand Prix,hamilton,Lewis Hamilton,Ferrari,4,top5_no_podium,top5_no_podium,1,0.040082,0.174789,0.439430,0.281661,0.064037,9.902782,12.000000
post_qualifying,logistic_regression_multinomial,2025,19,United States Grand Prix,piastri,Oscar Piastri,McLaren,5,top5_no_podium,podium_no_win,2,0.054021,0.395114,0.326746,0.182601,0.041518,12.231031,10.000000
post_qualifying,logistic_regression_multinomial,2025,19,United States Grand Prix,russell,George Russell,Mercedes,6,points_no_top5,top5_no_podium,4,0.198463,0.303733,0.372397,0.089182,0.036225,14.444097,8.000000
post_qualifying,logistic_regression_multinomial,2025,19,United States Grand Prix,tsunoda,Yuki Tsunoda,Red Bull,7,points_no_top5,points_no_top5,1,0.000005,0.001430,0.145072,0.492447,0.361046,3.687785,6.000000
post_qualifying,logistic_regression_multinomial,2025,19,United States Grand Prix,hulkenberg,Nico Hülkenberg,Sauber,8,points_no_top5,no_points,2,0.000000,0.000102,0.055761,0.350958,0.593179,2.089089,4.000000
post_qualifying,logistic_regression_multinomial,2025,19,United States Grand Prix,bearman,Oliver Bearman,Haas F1 Team,9,points_no_top5,points_no_top5,1,0.000017,0.000003,0.000302,0.794220,0.205458,3.339528,2.000000
post_qualifying,logistic_regression_multinomial,2025,19,United States Grand Prix,alonso,Fernando Alonso,Aston Martin,10,points_no_top5,points_no_top5,1,0.000006,0.035949,0.110102,0.584395,0.269548,4.258896,1.000000
post_qualifying,logistic_regression_multinomial,2025,19,United States Grand Prix,lawson,Liam Lawson,RB F1 Team,11,no_points,points_no_top5,2,0.000001,0.000016,0.000019,0.515324,0.484641,2.164849,0.000000
post_qualifying,logistic_regression_multinomial,2025,19,United States Grand Prix,stroll,Lance Stroll,Aston Martin,12,no_points,no_points,1,0.000000,0.002174,0.017196,0.386318,0.594312,1.847561,0.000000
post_qualifying,logistic_regression_multinomial,2025,19,United States Grand Prix,antonelli,Andrea Kimi Antonelli,Mercedes,13,no_points,top5_no_podium,3,0.010226,0.124215,0.388062,0.348086,0.129411,8.035840,0.000000
post_qualifying,logistic_regression_multinomial,2025,19,United States Grand Prix,albon,Alexander Albon,Williams,14,no_points,no_points,1,0.000000,0.001627,0.060715,0.291541,0.646116,1.919191,0.000000
post_qualifying,logistic_regression_multinomial,2025,19,United States Grand Prix,ocon,Esteban Ocon,Haas F1 Team,15,no_points,no_points,1,0.000008,0.000057,0.020507,0.364838,0.614590,1.759045,0.000000
post_qualifying,logistic_regression_multinomial,2025,19,United States Grand Prix,hadjar,Isack Hadjar,RB F1 Team,16,no_points,no_points,1,0.000000,0.000007,0.000150,0.214274,0.785568,0.901723,0.000000
post_qualifying,logistic_regression_multinomial,2025,19,United States Grand Prix,colapinto,Franco Colapinto,Alpine F1 Team,17,no_points,no_points,1,0.000002,0.000113,0.000486,0.387489,0.611910,1.634714,0.000000
post_qualifying,logistic_regression_multinomial,2025,19,United States Grand Prix,bortoleto,Gabriel Bortoleto,Sauber,18,no_points,no_points,1,0.000000,0.000990,0.026478,0.268514,0.704017,1.435367,0.000000
post_qualifying,logistic_regression_multinomial,2025,19,United States Grand Prix,gasly,Pierre Gasly,Alpine F1 Team,19,no_points,no_points,1,0.000006,0.010926,0.031935,0.450142,0.506991,2.422301,0.000000
post_qualifying,logistic_regression_multinomial,2025,19,United States Grand Prix,sainz,Carlos Sainz,Williams,20,no_points,points_no_top5,3,0.000267,0.037171,0.276041,0.457310,0.229210,5.577168,0.000000
post_qualifying,logistic_regression_multinomial,2025,20,Mexico City Grand Prix,norris,Lando Norris,McLaren,1,win,podium_no_win,2,0.378898,0.396016,0.150423,0.067555,0.007107,17.945107,25.000000
post_qualifying,logistic_regression_multinomial,2025,20,Mexico City Grand Prix,leclerc,Charles Leclerc,Ferrari,2,podium_no_win,top5_no_podium,2,0.106907,0.315481,0.427824,0.108949,0.040840,13.041745,18.000000
post_qualifying,logistic_regression_multinomial,2025,20,Mexico City Grand Prix,max_verstappen,Max Verstappen,Red Bull,3,podium_no_win,win,2,0.398442,0.328703,0.191846,0.053079,0.027929,17.717902,15.000000
post_qualifying,logistic_regression_multinomial,2025,20,Mexico City Grand Prix,bearman,Oliver Bearman,Haas F1 Team,4,top5_no_podium,points_no_top5,3,0.000005,0.000002,0.000239,0.759833,0.239921,3.194072,12.000000
post_qualifying,logistic_regression_multinomial,2025,20,Mexico City Grand Prix,piastri,Oscar Piastri,McLaren,5,top5_no_podium,top5_no_podium,1,0.015766,0.312030,0.389151,0.223482,0.059571,10.761927,10.000000
post_qualifying,logistic_regression_multinomial,2025,20,Mexico City Grand Prix,antonelli,Andrea Kimi Antonelli,Mercedes,6,points_no_top5,top5_no_podium,2,0.013911,0.130569,0.392954,0.334816,0.127749,8.230893,8.000000
post_qualifying,logistic_regression_multinomial,2025,20,Mexico City Grand Prix,russell,George Russell,Mercedes,7,points_no_top5,top5_no_podium,4,0.164823,0.288417,0.400721,0.101326,0.044714,13.712939,6.000000
post_qualifying,logistic_regression_multinomial,2025,20,Mexico City Grand Prix,hamilton,Lewis Hamilton,Ferrari,8,points_no_top5,top5_no_podium,3,0.086612,0.218446,0.451933,0.189498,0.053511,11.536812,4.000000
post_qualifying,logistic_regression_multinomial,2025,20,Mexico City Grand Prix,ocon,Esteban Ocon,Haas F1 Team,9,points_no_top5,no_points,2,0.000242,0.000239,0.042434,0.448478,0.508607,2.360379,2.000000
post_qualifying,logistic_regression_multinomial,2025,20,Mexico City Grand Prix,bortoleto,Gabriel Bortoleto,Sauber,10,points_no_top5,no_points,2,0.000000,0.000837,0.022291,0.238797,0.738074,1.261967,1.000000
post_qualifying,logistic_regression_multinomial,2025,20,Mexico City Grand Prix,tsunoda,Yuki Tsunoda,Red Bull,11,no_points,points_no_top5,2,0.000019,0.002836,0.214693,0.501776,0.280675,4.516362,0.000000
post_qualifying,logistic_regression_multinomial,2025,20,Mexico City Grand Prix,albon,Alexander Albon,Williams,12,no_points,no_points,1,0.000000,0.001884,0.067221,0.289501,0.641394,1.986416,0.000000
post_qualifying,logistic_regression_multinomial,2025,20,Mexico City Grand Prix,hadjar,Isack Hadjar,RB F1 Team,13,no_points,no_points,1,0.000011,0.000204,0.000837,0.402348,0.596600,1.702697,0.000000
post_qualifying,logistic_regression_multinomial,2025,20,Mexico City Grand Prix,stroll,Lance Stroll,Aston Martin,14,no_points,no_points,1,0.000000,0.001466,0.014938,0.368570,0.615026,1.736501,0.000000
post_qualifying,logistic_regression_multinomial,2025,20,Mexico City Grand Prix,gasly,Pierre Gasly,Alpine F1 Team,15,no_points,no_points,1,0.000000,0.002952,0.016067,0.356921,0.624059,1.724523,0.000000
post_qualifying,logistic_regression_multinomial,2025,20,Mexico City Grand Prix,colapinto,Franco Colapinto,Alpine F1 Team,16,no_points,no_points,1,0.000000,0.000020,0.000200,0.271860,0.727920,1.144348,0.000000
post_qualifying,logistic_regression_multinomial,2025,20,Mexico City Grand Prix,sainz,Carlos Sainz,Williams,17,no_points,points_no_top5,3,0.000254,0.027528,0.277213,0.449414,0.245591,5.397434,0.000000
post_qualifying,logistic_regression_multinomial,2025,20,Mexico City Grand Prix,alonso,Fernando Alonso,Aston Martin,18,no_points,points_no_top5,2,0.000000,0.009869,0.069181,0.559247,0.361703,3.272669,0.000000
post_qualifying,logistic_regression_multinomial,2025,20,Mexico City Grand Prix,hulkenberg,Nico Hülkenberg,Sauber,19,no_points,no_points,1,0.000000,0.000044,0.042354,0.324637,0.632965,1.830105,0.000000
post_qualifying,logistic_regression_multinomial,2025,20,Mexico City Grand Prix,lawson,Liam Lawson,RB F1 Team,20,no_points,no_points,1,0.000000,0.000005,0.000012,0.437453,0.562530,1.837522,0.000000
post_qualifying,logistic_regression_multinomial,2025,21,São Paulo Grand Prix,norris,Lando Norris,McLaren,1,win,win,1,0.552590,0.365153,0.063923,0.016230,0.002104,20.611091,25.000000
post_qualifying,logistic_regression_multinomial,2025,21,São Paulo Grand Prix,antonelli,Andrea Kimi Antonelli,Mercedes,2,podium_no_win,top5_no_podium,2,0.185296,0.255218,0.326594,0.192248,0.040644,13.243464,18.000000
post_qualifying,logistic_regression_multinomial,2025,21,São Paulo Grand Prix,max_verstappen,Max Verstappen,Red Bull,3,podium_no_win,no_points,4,0.001024,0.087560,0.286593,0.227756,0.397067,5.579440,15.000000
post_qualifying,logistic_regression_multinomial,2025,21,São Paulo Grand Prix,russell,George Russell,Mercedes,4,top5_no_podium,top5_no_podium,1,0.078474,0.286311,0.463975,0.121936,0.049304,12.301835,12.000000
post_qualifying,logistic_regression_multinomial,2025,21,São Paulo Grand Prix,piastri,Oscar Piastri,McLaren,5,top5_no_podium,podium_no_win,2,0.157017,0.490932,0.288344,0.053706,0.010001,15.423142,10.000000
post_qualifying,logistic_regression_multinomial,2025,21,São Paulo Grand Prix,bearman,Oliver Bearman,Haas F1 Team,6,points_no_top5,points_no_top5,1,0.000032,0.000006,0.000508,0.780205,0.219249,3.283339,8.000000
post_qualifying,logistic_regression_multinomial,2025,21,São Paulo Grand Prix,lawson,Liam Lawson,RB F1 Team,7,points_no_top5,points_no_top5,1,0.000022,0.000092,0.000044,0.581166,0.418677,2.443439,6.000000
post_qualifying,logistic_regression_multinomial,2025,21,São Paulo Grand Prix,hadjar,Isack Hadjar,RB F1 Team,8,points_no_top5,no_points,2,0.000316,0.000982,0.001910,0.488350,0.508441,2.096190,4.000000
post_qualifying,logistic_regression_multinomial,2025,21,São Paulo Grand Prix,hulkenberg,Nico Hülkenberg,Sauber,9,points_no_top5,no_points,2,0.000001,0.000208,0.089262,0.365611,0.544917,2.520920,2.000000
post_qualifying,logistic_regression_multinomial,2025,21,São Paulo Grand Prix,gasly,Pierre Gasly,Alpine F1 Team,10,points_no_top5,points_no_top5,1,0.000334,0.064225,0.076255,0.503948,0.355239,4.023440,1.000000
post_qualifying,logistic_regression_multinomial,2025,21,São Paulo Grand Prix,albon,Alexander Albon,Williams,11,no_points,no_points,1,0.000000,0.011288,0.151864,0.402512,0.434335,3.547321,0.000000
post_qualifying,logistic_regression_multinomial,2025,21,São Paulo Grand Prix,ocon,Esteban Ocon,Haas F1 Team,12,no_points,no_points,1,0.000008,0.000065,0.026957,0.354096,0.618873,1.785018,0.000000
post_qualifying,logistic_regression_multinomial,2025,21,São Paulo Grand Prix,sainz,Carlos Sainz,Williams,13,no_points,points_no_top5,2,0.000008,0.011950,0.159071,0.449660,0.379311,3.835723,0.000000
post_qualifying,logistic_regression_multinomial,2025,21,São Paulo Grand Prix,alonso,Fernando Alonso,Aston Martin,14,no_points,points_no_top5,2,0.000005,0.040437,0.128054,0.556651,0.274853,4.413875,0.000000
post_qualifying,logistic_regression_multinomial,2025,21,São Paulo Grand Prix,colapinto,Franco Colapinto,Alpine F1 Team,15,no_points,no_points,1,0.000001,0.000096,0.000431,0.331881,0.667592,1.400241,0.000000
post_qualifying,logistic_regression_multinomial,2025,21,São Paulo Grand Prix,stroll,Lance Stroll,Aston Martin,16,no_points,points_no_top5,2,0.000000,0.011226,0.043577,0.480677,0.464520,2.683418,0.000000
post_qualifying,logistic_regression_multinomial,2025,21,São Paulo Grand Prix,tsunoda,Yuki Tsunoda,Red Bull,17,no_points,no_points,1,0.000000,0.000520,0.087261,0.397032,0.515187,2.635989,0.000000
post_qualifying,logistic_regression_multinomial,2025,21,São Paulo Grand Prix,hamilton,Lewis Hamilton,Ferrari,18,no_points,top5_no_podium,3,0.000757,0.080661,0.465163,0.262824,0.190595,7.570490,0.000000
post_qualifying,logistic_regression_multinomial,2025,21,São Paulo Grand Prix,leclerc,Charles Leclerc,Ferrari,19,no_points,podium_no_win,5,0.179910,0.406725,0.334274,0.055933,0.023158,15.120648,0.000000
post_qualifying,logistic_regression_multinomial,2025,21,São Paulo Grand Prix,bortoleto,Gabriel Bortoleto,Sauber,20,no_points,points_no_top5,2,0.000046,0.001039,0.000862,0.578836,0.419216,2.458892,0.000000
post_qualifying,logistic_regression_multinomial,2025,22,Las Vegas Grand Prix,max_verstappen,Max Verstappen,Red Bull,1,win,win,1,0.823326,0.135161,0.034701,0.004900,0.001911,23.215617,25.000000
post_qualifying,logistic_regression_multinomial,2025,22,Las Vegas Grand Prix,russell,George Russell,Mercedes,2,podium_no_win,top5_no_podium,2,0.190073,0.325423,0.405611,0.059974,0.018919,14.834924,18.000000
post_qualifying,logistic_regression_multinomial,2025,22,Las Vegas Grand Prix,antonelli,Andrea Kimi Antonelli,Mercedes,3,podium_no_win,points_no_top5,4,0.000071,0.023538,0.160595,0.448075,0.367721,4.038615,15.000000
post_qualifying,logistic_regression_multinomial,2025,22,Las Vegas Grand Prix,leclerc,Charles Leclerc,Ferrari,4,top5_no_podium,top5_no_podium,1,0.012479,0.301651,0.439625,0.127111,0.119134,10.658963,12.000000
post_qualifying,logistic_regression_multinomial,2025,22,Las Vegas Grand Prix,sainz,Carlos Sainz,Williams,5,top5_no_podium,top5_no_podium,1,0.021184,0.209004,0.409411,0.279986,0.080414,9.657632,10.000000
post_qualifying,logistic_regression_multinomial,2025,22,Las Vegas Grand Prix,hadjar,Isack Hadjar,RB F1 Team,6,points_no_top5,no_points,2,0.000092,0.000733,0.001648,0.435537,0.561989,1.861790,8.000000
post_qualifying,logistic_regression_multinomial,2025,22,Las Vegas Grand Prix,hulkenberg,Nico Hülkenberg,Sauber,7,points_no_top5,no_points,2,0.000001,0.000190,0.090198,0.344729,0.564882,2.443203,6.000000
post_qualifying,logistic_regression_multinomial,2025,22,Las Vegas Grand Prix,hamilton,Lewis Hamilton,Ferrari,8,points_no_top5,no_points,2,0.000017,0.024660,0.255674,0.268182,0.451466,4.346105,4.000000
post_qualifying,logistic_regression_multinomial,2025,22,Las Vegas Grand Prix,ocon,Esteban Ocon,Haas F1 Team,9,points_no_top5,points_no_top5,1,0.000649,0.000551,0.079999,0.482552,0.436249,2.932023,2.000000
post_qualifying,logistic_regression_multinomial,2025,22,Las Vegas Grand Prix,bearman,Oliver Bearman,Haas F1 Team,10,points_no_top5,points_no_top5,1,0.000002,0.000002,0.000349,0.714221,0.285426,3.003645,1.000000
post_qualifying,logistic_regression_multinomial,2025,22,Las Vegas Grand Prix,alonso,Fernando Alonso,Aston Martin,11,no_points,points_no_top5,3,0.000117,0.135103,0.195873,0.493987,0.174920,6.461473,0.000000
post_qualifying,logistic_regression_multinomial,2025,22,Las Vegas Grand Prix,tsunoda,Yuki Tsunoda,Red Bull,12,no_points,no_points,1,0.000000,0.000589,0.105604,0.404160,0.489646,2.868850,0.000000
post_qualifying,logistic_regression_multinomial,2025,22,Las Vegas Grand Prix,gasly,Pierre Gasly,Alpine F1 Team,13,no_points,points_no_top5,2,0.000271,0.066985,0.086264,0.497215,0.349265,4.149241,0.000000
post_qualifying,logistic_regression_multinomial,2025,22,Las Vegas Grand Prix,lawson,Liam Lawson,RB F1 Team,14,no_points,points_no_top5,2,0.000108,0.000206,0.000069,0.637642,0.361975,2.684961,0.000000
post_qualifying,logistic_regression_multinomial,2025,22,Las Vegas Grand Prix,colapinto,Franco Colapinto,Alpine F1 Team,15,no_points,no_points,1,0.000008,0.000264,0.000816,0.392631,0.606281,1.662569,0.000000
post_qualifying,logistic_regression_multinomial,2025,22,Las Vegas Grand Prix,albon,Alexander Albon,Williams,16,no_points,no_points,1,0.000000,0.005440,0.110294,0.359253,0.525013,2.811856,0.000000
post_qualifying,logistic_regression_multinomial,2025,22,Las Vegas Grand Prix,bortoleto,Gabriel Bortoleto,Sauber,17,no_points,no_points,1,0.000000,0.001204,0.023430,0.193234,0.782132,1.089185,0.000000
post_qualifying,logistic_regression_multinomial,2025,22,Las Vegas Grand Prix,stroll,Lance Stroll,Aston Martin,18,no_points,points_no_top5,2,0.000000,0.028474,0.065989,0.501668,0.403869,3.302698,0.000000
post_qualifying,logistic_regression_multinomial,2025,22,Las Vegas Grand Prix,norris,Lando Norris,McLaren,19,no_points,win,5,0.669047,0.291514,0.032353,0.006326,0.000760,21.918617,0.000000
post_qualifying,logistic_regression_multinomial,2025,22,Las Vegas Grand Prix,piastri,Oscar Piastri,McLaren,20,no_points,podium_no_win,5,0.137880,0.532652,0.276314,0.044195,0.008958,15.460841,0.000000
post_qualifying,logistic_regression_multinomial,2025,23,Qatar Grand Prix,max_verstappen,Max Verstappen,Red Bull,1,win,win,1,0.555771,0.306409,0.106106,0.022238,0.009476,20.210593,25.000000
post_qualifying,logistic_regression_multinomial,2025,23,Qatar Grand Prix,piastri,Oscar Piastri,McLaren,2,podium_no_win,podium_no_win,1,0.274038,0.503113,0.179695,0.037980,0.005173,17.288489,18.000000
post_qualifying,logistic_regression_multinomial,2025,23,Qatar Grand Prix,sainz,Carlos Sainz,Williams,3,podium_no_win,points_no_top5,4,0.000577,0.078370,0.356776,0.407940,0.156337,6.945414,15.000000
post_qualifying,logistic_regression_multinomial,2025,23,Qatar Grand Prix,norris,Lando Norris,McLaren,4,top5_no_podium,podium_no_win,3,0.288170,0.566374,0.104363,0.036673,0.004420,17.851445,12.000000
post_qualifying,logistic_regression_multinomial,2025,23,Qatar Grand Prix,antonelli,Andrea Kimi Antonelli,Mercedes,5,top5_no_podium,top5_no_podium,1,0.050129,0.260093,0.322505,0.275106,0.092166,10.247761,10.000000
post_qualifying,logistic_regression_multinomial,2025,23,Qatar Grand Prix,russell,George Russell,Mercedes,6,points_no_top5,top5_no_podium,4,0.105144,0.372641,0.428288,0.066457,0.027470,13.767463,8.000000
post_qualifying,logistic_regression_multinomial,2025,23,Qatar Grand Prix,alonso,Fernando Alonso,Aston Martin,7,points_no_top5,points_no_top5,1,0.000012,0.060686,0.129456,0.531080,0.278767,4.656167,6.000000
post_qualifying,logistic_regression_multinomial,2025,23,Qatar Grand Prix,leclerc,Charles Leclerc,Ferrari,8,points_no_top5,top5_no_podium,2,0.002133,0.193681,0.443762,0.203436,0.156988,8.984875,4.000000
post_qualifying,logistic_regression_multinomial,2025,23,Qatar Grand Prix,lawson,Liam Lawson,RB F1 Team,9,points_no_top5,no_points,2,0.000001,0.000027,0.000023,0.498307,0.501642,2.093600,2.000000
post_qualifying,logistic_regression_multinomial,2025,23,Qatar Grand Prix,tsunoda,Yuki Tsunoda,Red Bull,10,points_no_top5,points_no_top5,1,0.000001,0.001034,0.124879,0.447453,0.426634,3.270049,1.000000
post_qualifying,logistic_regression_multinomial,2025,23,Qatar Grand Prix,albon,Alexander Albon,Williams,11,no_points,no_points,1,0.000000,0.005933,0.107738,0.372952,0.513376,2.849421,0.000000
post_qualifying,logistic_regression_multinomial,2025,23,Qatar Grand Prix,hamilton,Lewis Hamilton,Ferrari,12,no_points,no_points,1,0.000013,0.021727,0.223426,0.339663,0.415171,4.243094,0.000000
post_qualifying,logistic_regression_multinomial,2025,23,Qatar Grand Prix,bortoleto,Gabriel Bortoleto,Sauber,13,no_points,no_points,1,0.000000,0.001626,0.041099,0.287935,0.669340,1.688253,0.000000
post_qualifying,logistic_regression_multinomial,2025,23,Qatar Grand Prix,colapinto,Franco Colapinto,Alpine F1 Team,14,no_points,no_points,1,0.000000,0.000035,0.000286,0.292573,0.707106,1.232531,0.000000
post_qualifying,logistic_regression_multinomial,2025,23,Qatar Grand Prix,ocon,Esteban Ocon,Haas F1 Team,15,no_points,no_points,1,0.000013,0.000128,0.039019,0.428479,0.532361,2.231255,0.000000
post_qualifying,logistic_regression_multinomial,2025,23,Qatar Grand Prix,gasly,Pierre Gasly,Alpine F1 Team,16,no_points,points_no_top5,2,0.000128,0.051316,0.080932,0.538394,0.329231,4.001410,0.000000
post_qualifying,logistic_regression_multinomial,2025,23,Qatar Grand Prix,stroll,Lance Stroll,Aston Martin,17,no_points,no_points,1,0.000000,0.002256,0.014178,0.309021,0.674544,1.491082,0.000000
post_qualifying,logistic_regression_multinomial,2025,23,Qatar Grand Prix,hadjar,Isack Hadjar,RB F1 Team,18,no_points,points_no_top5,2,0.000109,0.000915,0.001960,0.499099,0.497917,2.135591,0.000000
post_qualifying,logistic_regression_multinomial,2025,23,Qatar Grand Prix,bearman,Oliver Bearman,Haas F1 Team,19,no_points,points_no_top5,2,0.000001,0.000002,0.000308,0.726152,0.273538,3.053275,0.000000
post_qualifying,logistic_regression_multinomial,2025,23,Qatar Grand Prix,hulkenberg,Nico Hülkenberg,Sauber,20,no_points,no_points,1,0.000001,0.000169,0.093869,0.416713,0.489248,2.785558,0.000000
post_qualifying,logistic_regression_multinomial,2025,24,Abu Dhabi Grand Prix,max_verstappen,Max Verstappen,Red Bull,1,win,win,1,0.836117,0.128173,0.028682,0.005114,0.001914,23.354765,25.000000
post_qualifying,logistic_regression_multinomial,2025,24,Abu Dhabi Grand Prix,piastri,Oscar Piastri,McLaren,2,podium_no_win,podium_no_win,1,0.248722,0.466117,0.196773,0.075342,0.013046,16.389914,18.000000
post_qualifying,logistic_regression_multinomial,2025,24,Abu Dhabi Grand Prix,norris,Lando Norris,McLaren,3,podium_no_win,podium_no_win,1,0.296748,0.519849,0.132648,0.045178,0.005576,17.645094,15.000000
post_qualifying,logistic_regression_multinomial,2025,24,Abu Dhabi Grand Prix,leclerc,Charles Leclerc,Ferrari,4,top5_no_podium,top5_no_podium,1,0.028250,0.284711,0.449221,0.167446,0.070372,11.048677,12.000000
post_qualifying,logistic_regression_multinomial,2025,24,Abu Dhabi Grand Prix,russell,George Russell,Mercedes,5,top5_no_podium,top5_no_podium,1,0.147950,0.341220,0.409366,0.070730,0.030733,14.128972,10.000000
post_qualifying,logistic_regression_multinomial,2025,24,Abu Dhabi Grand Prix,alonso,Fernando Alonso,Aston Martin,6,points_no_top5,points_no_top5,1,0.000079,0.092906,0.173923,0.558613,0.174479,5.794256,8.000000
post_qualifying,logistic_regression_multinomial,2025,24,Abu Dhabi Grand Prix,ocon,Esteban Ocon,Haas F1 Team,7,points_no_top5,points_no_top5,1,0.003785,0.000819,0.088204,0.523195,0.383996,3.275811,6.000000
post_qualifying,logistic_regression_multinomial,2025,24,Abu Dhabi Grand Prix,hamilton,Lewis Hamilton,Ferrari,8,points_no_top5,points_no_top5,1,0.000043,0.019523,0.193291,0.412984,0.374159,4.183932,4.000000
post_qualifying,logistic_regression_multinomial,2025,24,Abu Dhabi Grand Prix,hulkenberg,Nico Hülkenberg,Sauber,9,points_no_top5,no_points,2,0.000000,0.000015,0.023505,0.264219,0.712262,1.368512,2.000000
post_qualifying,logistic_regression_multinomial,2025,24,Abu Dhabi Grand Prix,stroll,Lance Stroll,Aston Martin,10,points_no_top5,no_points,2,0.000000,0.007116,0.028818,0.424066,0.540000,2.215486,1.000000
post_qualifying,logistic_regression_multinomial,2025,24,Abu Dhabi Grand Prix,bortoleto,Gabriel Bortoleto,Sauber,11,no_points,no_points,1,0.000141,0.017348,0.097908,0.363971,0.520632,2.895423,0.000000
post_qualifying,logistic_regression_multinomial,2025,24,Abu Dhabi Grand Prix,bearman,Oliver Bearman,Haas F1 Team,12,no_points,points_no_top5,2,0.000003,0.000002,0.000257,0.694549,0.305189,2.920037,0.000000
post_qualifying,logistic_regression_multinomial,2025,24,Abu Dhabi Grand Prix,sainz,Carlos Sainz,Williams,13,no_points,points_no_top5,2,0.000042,0.026419,0.232764,0.418330,0.322444,4.754367,0.000000
post_qualifying,logistic_regression_multinomial,2025,24,Abu Dhabi Grand Prix,tsunoda,Yuki Tsunoda,Red Bull,14,no_points,points_no_top5,2,0.000032,0.003630,0.227099,0.480167,0.289072,4.575493,0.000000
post_qualifying,logistic_regression_multinomial,2025,24,Abu Dhabi Grand Prix,antonelli,Andrea Kimi Antonelli,Mercedes,15,no_points,points_no_top5,2,0.000298,0.040549,0.183236,0.426401,0.349516,4.482986,0.000000
post_qualifying,logistic_regression_multinomial,2025,24,Abu Dhabi Grand Prix,albon,Alexander Albon,Williams,16,no_points,no_points,1,0.000000,0.002699,0.080854,0.284494,0.631953,2.128803,0.000000
post_qualifying,logistic_regression_multinomial,2025,24,Abu Dhabi Grand Prix,hadjar,Isack Hadjar,RB F1 Team,17,no_points,no_points,1,0.000018,0.000317,0.001025,0.409896,0.588744,1.738524,0.000000
post_qualifying,logistic_regression_multinomial,2025,24,Abu Dhabi Grand Prix,lawson,Liam Lawson,RB F1 Team,18,no_points,no_points,1,0.000000,0.000014,0.000019,0.489858,0.510109,2.057850,0.000000
post_qualifying,logistic_regression_multinomial,2025,24,Abu Dhabi Grand Prix,gasly,Pierre Gasly,Alpine F1 Team,19,no_points,no_points,1,0.000000,0.002563,0.017597,0.379061,0.600779,1.827912,0.000000
post_qualifying,logistic_regression_multinomial,2025,24,Abu Dhabi Grand Prix,colapinto,Franco Colapinto,Alpine F1 Team,20,no_points,no_points,1,0.000000,0.000026,0.000242,0.283455,0.716277,1.193602,0.000000
post_qualifying,hist_gradient_boosting_classifier,2025,1,Australian Grand Prix,norris,Lando Norris,McLaren,1,win,win,1,0.704827,0.186769,0.023800,0.020148,0.064456,21.048789,25.000000
post_qualifying,hist_gradient_boosting_classifier,2025,1,Australian Grand Prix,max_verstappen,Max Verstappen,Red Bull,2,podium_no_win,podium_no_win,1,0.121198,0.385489,0.295600,0.075429,0.122283,12.958918,18.000000
post_qualifying,hist_gradient_boosting_classifier,2025,1,Australian Grand Prix,russell,George Russell,Mercedes,3,podium_no_win,top5_no_podium,2,0.011198,0.372330,0.426291,0.074576,0.115606,11.425816,15.000000
post_qualifying,hist_gradient_boosting_classifier,2025,1,Australian Grand Prix,antonelli,Andrea Kimi Antonelli,Mercedes,4,top5_no_podium,no_points,3,0.000106,0.009712,0.018583,0.352228,0.619372,1.846656,12.000000
post_qualifying,hist_gradient_boosting_classifier,2025,1,Australian Grand Prix,albon,Alexander Albon,Williams,5,top5_no_podium,points_no_top5,3,0.000391,0.024926,0.069170,0.460440,0.445073,3.115775,10.000000
post_qualifying,hist_gradient_boosting_classifier,2025,1,Australian Grand Prix,stroll,Lance Stroll,Aston Martin,6,points_no_top5,no_points,2,0.000037,0.000869,0.000586,0.403765,0.594743,1.717522,8.000000
post_qualifying,hist_gradient_boosting_classifier,2025,1,Australian Grand Prix,hulkenberg,Nico Hülkenberg,Sauber,7,points_no_top5,no_points,2,0.000038,0.000288,0.000659,0.234166,0.764849,0.996453,6.000000
post_qualifying,hist_gradient_boosting_classifier,2025,1,Australian Grand Prix,leclerc,Charles Leclerc,Ferrari,8,points_no_top5,top5_no_podium,4,0.008026,0.085959,0.615789,0.078041,0.212185,8.720428,4.000000
post_qualifying,hist_gradient_boosting_classifier,2025,1,Australian Grand Prix,piastri,Oscar Piastri,McLaren,9,points_no_top5,podium_no_win,3,0.224266,0.425179,0.090637,0.141152,0.118767,14.211925,2.000000
post_qualifying,hist_gradient_boosting_classifier,2025,1,Australian Grand Prix,hamilton,Lewis Hamilton,Ferrari,10,points_no_top5,top5_no_podium,2,0.002146,0.079276,0.349620,0.310268,0.258690,6.510641,1.000000
post_qualifying,hist_gradient_boosting_classifier,2025,1,Australian Grand Prix,gasly,Pierre Gasly,Alpine F1 Team,11,no_points,points_no_top5,2,0.000228,0.011008,0.030326,0.553864,0.404575,2.847144,0.000000
post_qualifying,hist_gradient_boosting_classifier,2025,1,Australian Grand Prix,tsunoda,Yuki Tsunoda,RB F1 Team,12,no_points,points_no_top5,2,0.000498,0.070889,0.027454,0.520522,0.380638,3.670301,0.000000
post_qualifying,hist_gradient_boosting_classifier,2025,1,Australian Grand Prix,ocon,Esteban Ocon,Haas F1 Team,13,no_points,no_points,1,0.000027,0.001003,0.001151,0.242418,0.755401,1.048032,0.000000
post_qualifying,hist_gradient_boosting_classifier,2025,1,Australian Grand Prix,bearman,Oliver Bearman,Haas F1 Team,14,no_points,no_points,1,0.000024,0.000918,0.000653,0.146271,0.852134,0.637266,0.000000
post_qualifying,hist_gradient_boosting_classifier,2025,1,Australian Grand Prix,lawson,Liam Lawson,Red Bull,15,no_points,no_points,1,0.000024,0.003514,0.002812,0.102843,0.890807,0.521445,0.000000
post_qualifying,hist_gradient_boosting_classifier,2025,1,Australian Grand Prix,bortoleto,Gabriel Bortoleto,Sauber,16,no_points,no_points,1,0.000076,0.002797,0.002378,0.240538,0.754210,1.084478,0.000000
post_qualifying,hist_gradient_boosting_classifier,2025,1,Australian Grand Prix,alonso,Fernando Alonso,Aston Martin,17,no_points,points_no_top5,2,0.000078,0.004408,0.010762,0.505731,0.479021,2.317142,0.000000
post_qualifying,hist_gradient_boosting_classifier,2025,1,Australian Grand Prix,sainz,Carlos Sainz,Williams,18,no_points,points_no_top5,2,0.001664,0.011597,0.114924,0.534595,0.337221,3.742409,0.000000
post_qualifying,hist_gradient_boosting_classifier,2025,1,Australian Grand Prix,doohan,Jack Doohan,Alpine F1 Team,19,no_points,no_points,1,0.000057,0.002002,0.000692,0.334103,0.663146,1.445296,0.000000
post_qualifying,hist_gradient_boosting_classifier,2025,1,Australian Grand Prix,hadjar,Isack Hadjar,RB F1 Team,20,no_points,no_points,1,0.000399,0.003980,0.009932,0.307958,0.677731,1.478316,0.000000
post_qualifying,hist_gradient_boosting_classifier,2025,2,Chinese Grand Prix,piastri,Oscar Piastri,McLaren,1,win,win,1,0.512499,0.271048,0.024485,0.111091,0.080878,18.020682,25.000000
post_qualifying,hist_gradient_boosting_classifier,2025,2,Chinese Grand Prix,norris,Lando Norris,McLaren,2,podium_no_win,podium_no_win,1,0.012930,0.670796,0.153271,0.071766,0.091238,13.378769,18.000000
post_qualifying,hist_gradient_boosting_classifier,2025,2,Chinese Grand Prix,russell,George Russell,Mercedes,3,podium_no_win,podium_no_win,1,0.064806,0.418372,0.227876,0.087319,0.201628,11.396657,15.000000
post_qualifying,hist_gradient_boosting_classifier,2025,2,Chinese Grand Prix,max_verstappen,Max Verstappen,Red Bull,4,top5_no_podium,podium_no_win,2,0.026067,0.411772,0.369824,0.089464,0.102873,11.889724,12.000000
post_qualifying,hist_gradient_boosting_classifier,2025,2,Chinese Grand Prix,ocon,Esteban Ocon,Haas F1 Team,5,top5_no_podium,no_points,3,0.000521,0.000237,0.002052,0.106953,0.890237,0.488717,10.000000
post_qualifying,hist_gradient_boosting_classifier,2025,2,Chinese Grand Prix,antonelli,Andrea Kimi Antonelli,Mercedes,6,points_no_top5,points_no_top5,1,0.001796,0.099084,0.154252,0.436732,0.308136,5.210827,8.000000
post_qualifying,hist_gradient_boosting_classifier,2025,2,Chinese Grand Prix,albon,Alexander Albon,Williams,7,points_no_top5,points_no_top5,1,0.000641,0.001024,0.035840,0.516994,0.445501,2.598539,6.000000
post_qualifying,hist_gradient_boosting_classifier,2025,2,Chinese Grand Prix,bearman,Oliver Bearman,Haas F1 Team,8,points_no_top5,no_points,2,0.000018,0.000094,0.000075,0.033521,0.966292,0.143625,4.000000
post_qualifying,hist_gradient_boosting_classifier,2025,2,Chinese Grand Prix,stroll,Lance Stroll,Aston Martin,9,points_no_top5,no_points,2,0.000066,0.002185,0.001528,0.239128,0.757093,1.058855,2.000000
post_qualifying,hist_gradient_boosting_classifier,2025,2,Chinese Grand Prix,sainz,Carlos Sainz,Williams,10,points_no_top5,no_points,2,0.000081,0.006774,0.001863,0.404062,0.587220,1.831350,1.000000
post_qualifying,hist_gradient_boosting_classifier,2025,2,Chinese Grand Prix,hadjar,Isack Hadjar,RB F1 Team,11,no_points,no_points,1,0.001896,0.009196,0.004029,0.485959,0.498921,2.284469,0.000000
post_qualifying,hist_gradient_boosting_classifier,2025,2,Chinese Grand Prix,lawson,Liam Lawson,Red Bull,12,no_points,no_points,1,0.000039,0.008165,0.007076,0.182041,0.802678,0.978110,0.000000
post_qualifying,hist_gradient_boosting_classifier,2025,2,Chinese Grand Prix,doohan,Jack Doohan,Alpine F1 Team,13,no_points,no_points,1,0.000021,0.000372,0.000112,0.068922,0.930574,0.297355,0.000000
post_qualifying,hist_gradient_boosting_classifier,2025,2,Chinese Grand Prix,bortoleto,Gabriel Bortoleto,Sauber,14,no_points,no_points,1,0.000014,0.000190,0.000107,0.030829,0.968860,0.134144,0.000000
post_qualifying,hist_gradient_boosting_classifier,2025,2,Chinese Grand Prix,hulkenberg,Nico Hülkenberg,Sauber,15,no_points,no_points,1,0.000110,0.000472,0.007394,0.413703,0.578321,1.829426,0.000000
post_qualifying,hist_gradient_boosting_classifier,2025,2,Chinese Grand Prix,tsunoda,Yuki Tsunoda,RB F1 Team,16,no_points,no_points,1,0.000443,0.001685,0.003293,0.380811,0.613769,1.674492,0.000000
post_qualifying,hist_gradient_boosting_classifier,2025,2,Chinese Grand Prix,alonso,Fernando Alonso,Aston Martin,17,no_points,no_points,1,0.000070,0.000664,0.000809,0.184540,0.813917,0.796669,0.000000
post_qualifying,hist_gradient_boosting_classifier,2025,2,Chinese Grand Prix,leclerc,Charles Leclerc,Ferrari,18,no_points,no_points,1,0.008773,0.226882,0.101770,0.322916,0.339660,6.438582,0.000000
post_qualifying,hist_gradient_boosting_classifier,2025,2,Chinese Grand Prix,hamilton,Lewis Hamilton,Ferrari,19,no_points,points_no_top5,3,0.007650,0.151543,0.233874,0.442088,0.164844,7.121104,0.000000
post_qualifying,hist_gradient_boosting_classifier,2025,2,Chinese Grand Prix,gasly,Pierre Gasly,Alpine F1 Team,20,no_points,no_points,1,0.000053,0.001889,0.000208,0.106768,0.891082,0.483218,0.000000
post_qualifying,hist_gradient_boosting_classifier,2025,3,Japanese Grand Prix,max_verstappen,Max Verstappen,Red Bull,1,win,win,1,0.328493,0.263673,0.107603,0.088861,0.211370,14.119776,25.000000
post_qualifying,hist_gradient_boosting_classifier,2025,3,Japanese Grand Prix,norris,Lando Norris,McLaren,2,podium_no_win,podium_no_win,1,0.069797,0.770135,0.024619,0.076103,0.059346,15.042588,18.000000
post_qualifying,hist_gradient_boosting_classifier,2025,3,Japanese Grand Prix,piastri,Oscar Piastri,McLaren,3,podium_no_win,podium_no_win,1,0.020987,0.523263,0.285536,0.050766,0.119448,12.512622,15.000000
post_qualifying,hist_gradient_boosting_classifier,2025,3,Japanese Grand Prix,leclerc,Charles Leclerc,Ferrari,4,top5_no_podium,points_no_top5,4,0.002620,0.143141,0.096298,0.557947,0.199993,5.829986,12.000000
post_qualifying,hist_gradient_boosting_classifier,2025,3,Japanese Grand Prix,russell,George Russell,Mercedes,5,top5_no_podium,top5_no_podium,1,0.007334,0.270475,0.422020,0.119902,0.180269,9.791991,10.000000
post_qualifying,hist_gradient_boosting_classifier,2025,3,Japanese Grand Prix,antonelli,Andrea Kimi Antonelli,Mercedes,6,points_no_top5,no_points,2,0.002077,0.102496,0.264059,0.278134,0.353233,5.815939,8.000000
post_qualifying,hist_gradient_boosting_classifier,2025,3,Japanese Grand Prix,hamilton,Lewis Hamilton,Ferrari,7,points_no_top5,points_no_top5,1,0.002931,0.015003,0.112244,0.694720,0.175101,4.473339,6.000000
post_qualifying,hist_gradient_boosting_classifier,2025,3,Japanese Grand Prix,hadjar,Isack Hadjar,RB F1 Team,8,points_no_top5,points_no_top5,1,0.002500,0.002886,0.002337,0.504853,0.487424,2.256206,4.000000
post_qualifying,hist_gradient_boosting_classifier,2025,3,Japanese Grand Prix,albon,Alexander Albon,Williams,9,points_no_top5,points_no_top5,1,0.000138,0.001336,0.093819,0.519331,0.385376,3.238697,2.000000
post_qualifying,hist_gradient_boosting_classifier,2025,3,Japanese Grand Prix,bearman,Oliver Bearman,Haas F1 Team,10,points_no_top5,no_points,2,0.000340,0.001384,0.006287,0.479680,0.512309,2.115141,1.000000
post_qualifying,hist_gradient_boosting_classifier,2025,3,Japanese Grand Prix,alonso,Fernando Alonso,Aston Martin,11,no_points,no_points,1,0.000067,0.000294,0.002106,0.199843,0.797689,0.869044,0.000000
post_qualifying,hist_gradient_boosting_classifier,2025,3,Japanese Grand Prix,tsunoda,Yuki Tsunoda,Red Bull,12,no_points,points_no_top5,2,0.000132,0.010881,0.003324,0.584720,0.400943,2.675228,0.000000
post_qualifying,hist_gradient_boosting_classifier,2025,3,Japanese Grand Prix,gasly,Pierre Gasly,Alpine F1 Team,13,no_points,no_points,1,0.001111,0.001145,0.001313,0.475184,0.521247,2.056875,0.000000
post_qualifying,hist_gradient_boosting_classifier,2025,3,Japanese Grand Prix,sainz,Carlos Sainz,Williams,14,no_points,points_no_top5,2,0.000048,0.002133,0.003857,0.573200,0.420762,2.486250,0.000000
post_qualifying,hist_gradient_boosting_classifier,2025,3,Japanese Grand Prix,doohan,Jack Doohan,Alpine F1 Team,15,no_points,no_points,1,0.000022,0.000167,0.000279,0.059960,0.939572,0.258204,0.000000
post_qualifying,hist_gradient_boosting_classifier,2025,3,Japanese Grand Prix,hulkenberg,Nico Hülkenberg,Sauber,16,no_points,no_points,1,0.000058,0.000131,0.000596,0.149834,0.849381,0.639470,0.000000
post_qualifying,hist_gradient_boosting_classifier,2025,3,Japanese Grand Prix,lawson,Liam Lawson,RB F1 Team,17,no_points,no_points,1,0.000046,0.000199,0.000184,0.163094,0.836477,0.691446,0.000000
post_qualifying,hist_gradient_boosting_classifier,2025,3,Japanese Grand Prix,ocon,Esteban Ocon,Haas F1 Team,18,no_points,no_points,1,0.000019,0.000227,0.000411,0.143291,0.856051,0.610564,0.000000
post_qualifying,hist_gradient_boosting_classifier,2025,3,Japanese Grand Prix,bortoleto,Gabriel Bortoleto,Sauber,19,no_points,no_points,1,0.000047,0.000134,0.000373,0.074695,0.924751,0.321200,0.000000
post_qualifying,hist_gradient_boosting_classifier,2025,3,Japanese Grand Prix,stroll,Lance Stroll,Aston Martin,20,no_points,no_points,1,0.000026,0.000508,0.002352,0.160709,0.836406,0.709879,0.000000
post_qualifying,hist_gradient_boosting_classifier,2025,4,Bahrain Grand Prix,piastri,Oscar Piastri,McLaren,1,win,win,1,0.558769,0.305036,0.027713,0.024103,0.084379,19.408391,25.000000
post_qualifying,hist_gradient_boosting_classifier,2025,4,Bahrain Grand Prix,russell,George Russell,Mercedes,2,podium_no_win,podium_no_win,1,0.321244,0.330000,0.159136,0.069316,0.120305,15.517710,18.000000
post_qualifying,hist_gradient_boosting_classifier,2025,4,Bahrain Grand Prix,norris,Lando Norris,McLaren,3,podium_no_win,podium_no_win,1,0.007540,0.429545,0.103128,0.400818,0.058969,10.093838,15.000000
post_qualifying,hist_gradient_boosting_classifier,2025,4,Bahrain Grand Prix,leclerc,Charles Leclerc,Ferrari,4,top5_no_podium,points_no_top5,3,0.022828,0.306043,0.230435,0.315086,0.125608,9.478565,12.000000
post_qualifying,hist_gradient_boosting_classifier,2025,4,Bahrain Grand Prix,hamilton,Lewis Hamilton,Ferrari,5,top5_no_podium,points_no_top5,3,0.000932,0.054851,0.090901,0.690131,0.163185,4.826810,10.000000
post_qualifying,hist_gradient_boosting_classifier,2025,4,Bahrain Grand Prix,max_verstappen,Max Verstappen,Red Bull,6,points_no_top5,points_no_top5,1,0.031146,0.255973,0.109206,0.474669,0.129007,8.197067,8.000000
post_qualifying,hist_gradient_boosting_classifier,2025,4,Bahrain Grand Prix,gasly,Pierre Gasly,Alpine F1 Team,7,points_no_top5,no_points,2,0.005582,0.012989,0.011680,0.393791,0.575958,2.136276,6.000000
post_qualifying,hist_gradient_boosting_classifier,2025,4,Bahrain Grand Prix,ocon,Esteban Ocon,Haas F1 Team,8,points_no_top5,no_points,2,0.000069,0.000400,0.000678,0.175528,0.823325,0.753002,4.000000
post_qualifying,hist_gradient_boosting_classifier,2025,4,Bahrain Grand Prix,tsunoda,Yuki Tsunoda,Red Bull,9,points_no_top5,points_no_top5,1,0.000981,0.100232,0.038452,0.454216,0.406120,4.009032,2.000000
post_qualifying,hist_gradient_boosting_classifier,2025,4,Bahrain Grand Prix,bearman,Oliver Bearman,Haas F1 Team,10,points_no_top5,no_points,2,0.000020,0.000279,0.000463,0.097701,0.901537,0.420548,1.000000
post_qualifying,hist_gradient_boosting_classifier,2025,4,Bahrain Grand Prix,antonelli,Andrea Kimi Antonelli,Mercedes,11,no_points,podium_no_win,4,0.005324,0.394236,0.364642,0.117966,0.117832,11.144514,0.000000
post_qualifying,hist_gradient_boosting_classifier,2025,4,Bahrain Grand Prix,albon,Alexander Albon,Williams,12,no_points,no_points,1,0.000056,0.000938,0.002763,0.150862,0.845381,0.680896,0.000000
post_qualifying,hist_gradient_boosting_classifier,2025,4,Bahrain Grand Prix,hadjar,Isack Hadjar,RB F1 Team,13,no_points,no_points,1,0.000071,0.001291,0.001283,0.218200,0.779156,0.953621,0.000000
post_qualifying,hist_gradient_boosting_classifier,2025,4,Bahrain Grand Prix,doohan,Jack Doohan,Alpine F1 Team,14,no_points,no_points,1,0.000833,0.000258,0.000681,0.126418,0.871810,0.563531,0.000000
post_qualifying,hist_gradient_boosting_classifier,2025,4,Bahrain Grand Prix,alonso,Fernando Alonso,Aston Martin,15,no_points,no_points,1,0.000043,0.000069,0.000080,0.084065,0.915743,0.356163,0.000000
post_qualifying,hist_gradient_boosting_classifier,2025,4,Bahrain Grand Prix,lawson,Liam Lawson,RB F1 Team,16,no_points,no_points,1,0.000061,0.000208,0.000121,0.070749,0.928862,0.303423,0.000000
post_qualifying,hist_gradient_boosting_classifier,2025,4,Bahrain Grand Prix,stroll,Lance Stroll,Aston Martin,17,no_points,no_points,1,0.000027,0.000501,0.001415,0.113348,0.884708,0.500584,0.000000
post_qualifying,hist_gradient_boosting_classifier,2025,4,Bahrain Grand Prix,bortoleto,Gabriel Bortoleto,Sauber,18,no_points,no_points,1,0.000037,0.000152,0.000523,0.088410,0.910878,0.380498,0.000000
post_qualifying,hist_gradient_boosting_classifier,2025,4,Bahrain Grand Prix,sainz,Carlos Sainz,Williams,19,no_points,no_points,1,0.001650,0.040669,0.102911,0.367723,0.487046,3.388759,0.000000
post_qualifying,hist_gradient_boosting_classifier,2025,4,Bahrain Grand Prix,hulkenberg,Nico Hülkenberg,Sauber,20,no_points,no_points,1,0.000067,0.000242,0.001023,0.200404,0.798263,0.858630,0.000000
post_qualifying,hist_gradient_boosting_classifier,2025,5,Saudi Arabian Grand Prix,piastri,Oscar Piastri,McLaren,1,win,podium_no_win,2,0.379616,0.493735,0.052636,0.045310,0.028703,18.406329,25.000000
post_qualifying,hist_gradient_boosting_classifier,2025,5,Saudi Arabian Grand Prix,max_verstappen,Max Verstappen,Red Bull,2,podium_no_win,podium_no_win,1,0.212797,0.593631,0.075061,0.044830,0.073682,16.128782,18.000000
post_qualifying,hist_gradient_boosting_classifier,2025,5,Saudi Arabian Grand Prix,leclerc,Charles Leclerc,Ferrari,3,podium_no_win,top5_no_podium,3,0.015926,0.188277,0.363363,0.265206,0.167228,8.615570,15.000000
post_qualifying,hist_gradient_boosting_classifier,2025,5,Saudi Arabian Grand Prix,norris,Lando Norris,McLaren,4,top5_no_podium,points_no_top5,3,0.009376,0.160971,0.120948,0.690639,0.018066,7.121542,12.000000
post_qualifying,hist_gradient_boosting_classifier,2025,5,Saudi Arabian Grand Prix,russell,George Russell,Mercedes,5,top5_no_podium,podium_no_win,2,0.063211,0.431922,0.264538,0.116160,0.124170,12.104764,10.000000
post_qualifying,hist_gradient_boosting_classifier,2025,5,Saudi Arabian Grand Prix,antonelli,Andrea Kimi Antonelli,Mercedes,6,points_no_top5,podium_no_win,4,0.000676,0.326009,0.280326,0.185507,0.207483,9.258747,8.000000
post_qualifying,hist_gradient_boosting_classifier,2025,5,Saudi Arabian Grand Prix,hamilton,Lewis Hamilton,Ferrari,7,points_no_top5,points_no_top5,1,0.001317,0.051311,0.094465,0.785046,0.067861,5.215878,6.000000
post_qualifying,hist_gradient_boosting_classifier,2025,5,Saudi Arabian Grand Prix,sainz,Carlos Sainz,Williams,8,points_no_top5,no_points,2,0.000159,0.005547,0.060983,0.433800,0.499512,2.588275,4.000000
post_qualifying,hist_gradient_boosting_classifier,2025,5,Saudi Arabian Grand Prix,albon,Alexander Albon,Williams,9,points_no_top5,no_points,2,0.000331,0.003264,0.068568,0.344392,0.583444,2.262834,2.000000
post_qualifying,hist_gradient_boosting_classifier,2025,5,Saudi Arabian Grand Prix,hadjar,Isack Hadjar,RB F1 Team,10,points_no_top5,no_points,2,0.000119,0.000861,0.000741,0.185332,0.812947,0.803731,1.000000
post_qualifying,hist_gradient_boosting_classifier,2025,5,Saudi Arabian Grand Prix,alonso,Fernando Alonso,Aston Martin,11,no_points,no_points,1,0.000069,0.000314,0.000691,0.390373,0.608554,1.654057,0.000000
post_qualifying,hist_gradient_boosting_classifier,2025,5,Saudi Arabian Grand Prix,lawson,Liam Lawson,RB F1 Team,12,no_points,no_points,1,0.000037,0.000125,0.002486,0.311719,0.685633,1.339552,0.000000
post_qualifying,hist_gradient_boosting_classifier,2025,5,Saudi Arabian Grand Prix,bearman,Oliver Bearman,Haas F1 Team,13,no_points,no_points,1,0.000123,0.003776,0.006168,0.264315,0.725618,1.243356,0.000000
post_qualifying,hist_gradient_boosting_classifier,2025,5,Saudi Arabian Grand Prix,ocon,Esteban Ocon,Haas F1 Team,14,no_points,no_points,1,0.000037,0.002549,0.002095,0.286125,0.709193,1.267763,0.000000
post_qualifying,hist_gradient_boosting_classifier,2025,5,Saudi Arabian Grand Prix,hulkenberg,Nico Hülkenberg,Sauber,15,no_points,no_points,1,0.000014,0.000070,0.000811,0.035174,0.963931,0.158168,0.000000
post_qualifying,hist_gradient_boosting_classifier,2025,5,Saudi Arabian Grand Prix,stroll,Lance Stroll,Aston Martin,16,no_points,no_points,1,0.000028,0.000555,0.000906,0.078779,0.919732,0.350702,0.000000
post_qualifying,hist_gradient_boosting_classifier,2025,5,Saudi Arabian Grand Prix,doohan,Jack Doohan,Alpine F1 Team,17,no_points,no_points,1,0.000024,0.000157,0.000590,0.157219,0.842009,0.670011,0.000000
post_qualifying,hist_gradient_boosting_classifier,2025,5,Saudi Arabian Grand Prix,bortoleto,Gabriel Bortoleto,Sauber,18,no_points,no_points,1,0.000010,0.000063,0.000624,0.056594,0.942709,0.245835,0.000000
post_qualifying,hist_gradient_boosting_classifier,2025,5,Saudi Arabian Grand Prix,tsunoda,Yuki Tsunoda,Red Bull,19,no_points,points_no_top5,2,0.000436,0.033036,0.131093,0.578286,0.257150,4.426803,0.000000
post_qualifying,hist_gradient_boosting_classifier,2025,5,Saudi Arabian Grand Prix,gasly,Pierre Gasly,Alpine F1 Team,20,no_points,points_no_top5,2,0.001304,0.001865,0.041625,0.558267,0.396939,2.865977,0.000000
post_qualifying,hist_gradient_boosting_classifier,2025,6,Miami Grand Prix,piastri,Oscar Piastri,McLaren,1,win,podium_no_win,4,0.035510,0.606891,0.256911,0.034507,0.066180,13.872414,25.000000
post_qualifying,hist_gradient_boosting_classifier,2025,6,Miami Grand Prix,norris,Lando Norris,McLaren,2,podium_no_win,podium_no_win,1,0.063597,0.749681,0.134673,0.033161,0.018887,15.580350,18.000000
post_qualifying,hist_gradient_boosting_classifier,2025,6,Miami Grand Prix,russell,George Russell,Mercedes,3,podium_no_win,top5_no_podium,4,0.019556,0.149059,0.409213,0.230583,0.191590,8.418161,15.000000
post_qualifying,hist_gradient_boosting_classifier,2025,6,Miami Grand Prix,max_verstappen,Max Verstappen,Red Bull,4,top5_no_podium,podium_no_win,2,0.055450,0.536635,0.203707,0.050384,0.153824,12.693123,12.000000
post_qualifying,hist_gradient_boosting_classifier,2025,6,Miami Grand Prix,albon,Alexander Albon,Williams,5,top5_no_podium,points_no_top5,3,0.000241,0.016254,0.051248,0.517126,0.415131,3.009871,10.000000
post_qualifying,hist_gradient_boosting_classifier,2025,6,Miami Grand Prix,antonelli,Andrea Kimi Antonelli,Mercedes,6,points_no_top5,podium_no_win,4,0.007773,0.522418,0.264219,0.091494,0.114096,12.104899,8.000000
post_qualifying,hist_gradient_boosting_classifier,2025,6,Miami Grand Prix,leclerc,Charles Leclerc,Ferrari,7,points_no_top5,points_no_top5,1,0.006448,0.062549,0.228552,0.407803,0.294648,5.420112,6.000000
post_qualifying,hist_gradient_boosting_classifier,2025,6,Miami Grand Prix,hamilton,Lewis Hamilton,Ferrari,8,points_no_top5,points_no_top5,1,0.000133,0.039121,0.088614,0.602219,0.269914,4.152882,4.000000
post_qualifying,hist_gradient_boosting_classifier,2025,6,Miami Grand Prix,sainz,Carlos Sainz,Williams,9,points_no_top5,points_no_top5,1,0.000190,0.004379,0.055998,0.490489,0.448944,2.753036,2.000000
post_qualifying,hist_gradient_boosting_classifier,2025,6,Miami Grand Prix,tsunoda,Yuki Tsunoda,Red Bull,10,points_no_top5,points_no_top5,1,0.000231,0.018794,0.042573,0.471489,0.466913,2.764422,1.000000
post_qualifying,hist_gradient_boosting_classifier,2025,6,Miami Grand Prix,hadjar,Isack Hadjar,RB F1 Team,11,no_points,no_points,1,0.000216,0.001655,0.015144,0.349512,0.633473,1.667233,0.000000
post_qualifying,hist_gradient_boosting_classifier,2025,6,Miami Grand Prix,ocon,Esteban Ocon,Haas F1 Team,12,no_points,points_no_top5,2,0.000339,0.001597,0.011028,0.765247,0.221789,3.370179,0.000000
post_qualifying,hist_gradient_boosting_classifier,2025,6,Miami Grand Prix,gasly,Pierre Gasly,Alpine F1 Team,13,no_points,no_points,1,0.000037,0.002508,0.000888,0.108991,0.887577,0.509830,0.000000
post_qualifying,hist_gradient_boosting_classifier,2025,6,Miami Grand Prix,hulkenberg,Nico Hülkenberg,Sauber,14,no_points,no_points,1,0.000024,0.000100,0.002487,0.130901,0.866488,0.579390,0.000000
post_qualifying,hist_gradient_boosting_classifier,2025,6,Miami Grand Prix,alonso,Fernando Alonso,Aston Martin,15,no_points,no_points,1,0.000029,0.000524,0.000975,0.284503,0.713970,1.215002,0.000000
post_qualifying,hist_gradient_boosting_classifier,2025,6,Miami Grand Prix,stroll,Lance Stroll,Aston Martin,16,no_points,no_points,1,0.000009,0.000193,0.002928,0.087867,0.909002,0.404661,0.000000
post_qualifying,hist_gradient_boosting_classifier,2025,6,Miami Grand Prix,lawson,Liam Lawson,RB F1 Team,17,no_points,no_points,1,0.000015,0.000139,0.000474,0.109287,0.890084,0.466901,0.000000
post_qualifying,hist_gradient_boosting_classifier,2025,6,Miami Grand Prix,bortoleto,Gabriel Bortoleto,Sauber,18,no_points,no_points,1,0.000012,0.000099,0.001114,0.110757,0.888018,0.479379,0.000000
post_qualifying,hist_gradient_boosting_classifier,2025,6,Miami Grand Prix,bearman,Oliver Bearman,Haas F1 Team,19,no_points,no_points,1,0.000016,0.000568,0.001323,0.239172,0.758920,1.028857,0.000000
post_qualifying,hist_gradient_boosting_classifier,2025,6,Miami Grand Prix,doohan,Jack Doohan,Alpine F1 Team,20,no_points,no_points,1,0.000017,0.000113,0.000902,0.130262,0.868707,0.559298,0.000000
post_qualifying,hist_gradient_boosting_classifier,2025,7,Emilia Romagna Grand Prix,max_verstappen,Max Verstappen,Red Bull,1,win,podium_no_win,2,0.241069,0.354785,0.182242,0.100074,0.121829,14.305662,25.000000
post_qualifying,hist_gradient_boosting_classifier,2025,7,Emilia Romagna Grand Prix,norris,Lando Norris,McLaren,2,podium_no_win,podium_no_win,1,0.004184,0.600254,0.173356,0.189103,0.033103,12.709941,18.000000
post_qualifying,hist_gradient_boosting_classifier,2025,7,Emilia Romagna Grand Prix,piastri,Oscar Piastri,McLaren,3,podium_no_win,win,2,0.742106,0.140614,0.010842,0.014813,0.091626,21.054253,15.000000
post_qualifying,hist_gradient_boosting_classifier,2025,7,Emilia Romagna Grand Prix,hamilton,Lewis Hamilton,Ferrari,4,top5_no_podium,points_no_top5,3,0.000175,0.065012,0.090782,0.514396,0.329634,4.236138,12.000000
post_qualifying,hist_gradient_boosting_classifier,2025,7,Emilia Romagna Grand Prix,albon,Alexander Albon,Williams,5,top5_no_podium,points_no_top5,3,0.000230,0.009340,0.157855,0.509563,0.323012,4.036429,10.000000
post_qualifying,hist_gradient_boosting_classifier,2025,7,Emilia Romagna Grand Prix,leclerc,Charles Leclerc,Ferrari,6,points_no_top5,top5_no_podium,2,0.003485,0.084067,0.422043,0.260605,0.229801,7.211237,8.000000
post_qualifying,hist_gradient_boosting_classifier,2025,7,Emilia Romagna Grand Prix,russell,George Russell,Mercedes,7,points_no_top5,top5_no_podium,3,0.039435,0.397148,0.469146,0.049708,0.044563,12.908206,6.000000
post_qualifying,hist_gradient_boosting_classifier,2025,7,Emilia Romagna Grand Prix,sainz,Carlos Sainz,Williams,8,points_no_top5,points_no_top5,1,0.000242,0.022694,0.052347,0.663445,0.261272,3.742786,4.000000
post_qualifying,hist_gradient_boosting_classifier,2025,7,Emilia Romagna Grand Prix,hadjar,Isack Hadjar,RB F1 Team,9,points_no_top5,no_points,2,0.000335,0.003215,0.005868,0.448254,0.542327,2.008650,2.000000
post_qualifying,hist_gradient_boosting_classifier,2025,7,Emilia Romagna Grand Prix,tsunoda,Yuki Tsunoda,Red Bull,10,points_no_top5,no_points,2,0.000038,0.003885,0.002505,0.308193,0.685379,1.387008,1.000000
post_qualifying,hist_gradient_boosting_classifier,2025,7,Emilia Romagna Grand Prix,alonso,Fernando Alonso,Aston Martin,11,no_points,points_no_top5,2,0.000360,0.003382,0.011599,0.678373,0.306286,3.041559,0.000000
post_qualifying,hist_gradient_boosting_classifier,2025,7,Emilia Romagna Grand Prix,hulkenberg,Nico Hülkenberg,Sauber,12,no_points,no_points,1,0.000029,0.000113,0.000539,0.030462,0.968856,0.136469,0.000000
post_qualifying,hist_gradient_boosting_classifier,2025,7,Emilia Romagna Grand Prix,gasly,Pierre Gasly,Alpine F1 Team,13,no_points,points_no_top5,2,0.001142,0.010903,0.008713,0.583412,0.395830,2.754620,0.000000
post_qualifying,hist_gradient_boosting_classifier,2025,7,Emilia Romagna Grand Prix,lawson,Liam Lawson,RB F1 Team,14,no_points,no_points,1,0.000015,0.000086,0.000409,0.078379,0.921111,0.335490,0.000000
post_qualifying,hist_gradient_boosting_classifier,2025,7,Emilia Romagna Grand Prix,stroll,Lance Stroll,Aston Martin,15,no_points,no_points,1,0.000797,0.001951,0.011544,0.425404,0.560304,1.965795,0.000000
post_qualifying,hist_gradient_boosting_classifier,2025,7,Emilia Romagna Grand Prix,colapinto,Franco Colapinto,Alpine F1 Team,16,no_points,no_points,1,0.000026,0.000143,0.000939,0.108248,0.890644,0.467965,0.000000
post_qualifying,hist_gradient_boosting_classifier,2025,7,Emilia Romagna Grand Prix,bearman,Oliver Bearman,Haas F1 Team,17,no_points,no_points,1,0.000023,0.001213,0.000851,0.199465,0.798448,0.867709,0.000000
post_qualifying,hist_gradient_boosting_classifier,2025,7,Emilia Romagna Grand Prix,bortoleto,Gabriel Bortoleto,Sauber,18,no_points,no_points,1,0.000019,0.000085,0.001659,0.080137,0.918100,0.356701,0.000000
post_qualifying,hist_gradient_boosting_classifier,2025,7,Emilia Romagna Grand Prix,antonelli,Andrea Kimi Antonelli,Mercedes,19,no_points,points_no_top5,2,0.000091,0.102008,0.013495,0.460450,0.423956,3.767746,0.000000
post_qualifying,hist_gradient_boosting_classifier,2025,7,Emilia Romagna Grand Prix,ocon,Esteban Ocon,Haas F1 Team,20,no_points,no_points,1,0.000012,0.000593,0.000449,0.066750,0.932195,0.295392,0.000000
post_qualifying,hist_gradient_boosting_classifier,2025,8,Monaco Grand Prix,norris,Lando Norris,McLaren,1,win,win,1,0.516383,0.214743,0.142596,0.060098,0.066180,18.273794,25.000000
post_qualifying,hist_gradient_boosting_classifier,2025,8,Monaco Grand Prix,leclerc,Charles Leclerc,Ferrari,2,podium_no_win,podium_no_win,1,0.026902,0.490809,0.315249,0.061295,0.105745,12.496075,18.000000
post_qualifying,hist_gradient_boosting_classifier,2025,8,Monaco Grand Prix,piastri,Oscar Piastri,McLaren,3,podium_no_win,win,2,0.494575,0.324040,0.058578,0.083207,0.039600,18.704864,15.000000
post_qualifying,hist_gradient_boosting_classifier,2025,8,Monaco Grand Prix,max_verstappen,Max Verstappen,Red Bull,4,top5_no_podium,top5_no_podium,1,0.022771,0.295735,0.360811,0.122809,0.197874,9.933623,12.000000
post_qualifying,hist_gradient_boosting_classifier,2025,8,Monaco Grand Prix,hamilton,Lewis Hamilton,Ferrari,5,top5_no_podium,top5_no_podium,1,0.000727,0.093149,0.585588,0.274775,0.045762,9.150646,10.000000
post_qualifying,hist_gradient_boosting_classifier,2025,8,Monaco Grand Prix,hadjar,Isack Hadjar,RB F1 Team,6,points_no_top5,points_no_top5,1,0.000991,0.019229,0.035993,0.705440,0.238347,3.700817,8.000000
post_qualifying,hist_gradient_boosting_classifier,2025,8,Monaco Grand Prix,ocon,Esteban Ocon,Haas F1 Team,7,points_no_top5,no_points,2,0.000282,0.000634,0.006107,0.286581,0.706396,1.288333,6.000000
post_qualifying,hist_gradient_boosting_classifier,2025,8,Monaco Grand Prix,lawson,Liam Lawson,RB F1 Team,8,points_no_top5,points_no_top5,1,0.000465,0.000753,0.007071,0.574617,0.417094,2.515225,4.000000
post_qualifying,hist_gradient_boosting_classifier,2025,8,Monaco Grand Prix,albon,Alexander Albon,Williams,9,points_no_top5,points_no_top5,1,0.000455,0.003334,0.063114,0.632065,0.301032,3.415310,2.000000
post_qualifying,hist_gradient_boosting_classifier,2025,8,Monaco Grand Prix,sainz,Carlos Sainz,Williams,10,points_no_top5,no_points,2,0.000147,0.006687,0.017398,0.343908,0.631860,1.749797,1.000000
post_qualifying,hist_gradient_boosting_classifier,2025,8,Monaco Grand Prix,russell,George Russell,Mercedes,11,no_points,points_no_top5,2,0.000442,0.042560,0.063529,0.455824,0.437644,3.326585,0.000000
post_qualifying,hist_gradient_boosting_classifier,2025,8,Monaco Grand Prix,bearman,Oliver Bearman,Haas F1 Team,12,no_points,no_points,1,0.000010,0.000271,0.000224,0.047660,0.951835,0.207361,0.000000
post_qualifying,hist_gradient_boosting_classifier,2025,8,Monaco Grand Prix,colapinto,Franco Colapinto,Alpine F1 Team,13,no_points,no_points,1,0.000005,0.000043,0.000136,0.027166,0.972650,0.116429,0.000000
post_qualifying,hist_gradient_boosting_classifier,2025,8,Monaco Grand Prix,bortoleto,Gabriel Bortoleto,Sauber,14,no_points,no_points,1,0.000010,0.000050,0.000367,0.027822,0.971752,0.121943,0.000000
post_qualifying,hist_gradient_boosting_classifier,2025,8,Monaco Grand Prix,stroll,Lance Stroll,Aston Martin,15,no_points,no_points,1,0.000008,0.000276,0.000400,0.045183,0.954134,0.198908,0.000000
post_qualifying,hist_gradient_boosting_classifier,2025,8,Monaco Grand Prix,hulkenberg,Nico Hülkenberg,Sauber,16,no_points,no_points,1,0.000027,0.000326,0.000595,0.159761,0.839292,0.683575,0.000000
post_qualifying,hist_gradient_boosting_classifier,2025,8,Monaco Grand Prix,tsunoda,Yuki Tsunoda,Red Bull,17,no_points,no_points,1,0.000058,0.007750,0.024856,0.261961,0.705376,1.502967,0.000000
post_qualifying,hist_gradient_boosting_classifier,2025,8,Monaco Grand Prix,antonelli,Andrea Kimi Antonelli,Mercedes,18,no_points,no_points,1,0.000069,0.017116,0.016214,0.368306,0.598295,2.009375,0.000000
post_qualifying,hist_gradient_boosting_classifier,2025,8,Monaco Grand Prix,alonso,Fernando Alonso,Aston Martin,19,no_points,points_no_top5,2,0.000704,0.002461,0.012190,0.747768,0.236877,3.332926,0.000000
post_qualifying,hist_gradient_boosting_classifier,2025,8,Monaco Grand Prix,gasly,Pierre Gasly,Alpine F1 Team,20,no_points,no_points,1,0.000019,0.001343,0.000124,0.027940,0.970573,0.141351,0.000000
post_qualifying,hist_gradient_boosting_classifier,2025,9,Spanish Grand Prix,piastri,Oscar Piastri,McLaren,1,win,podium_no_win,2,0.316314,0.338137,0.035228,0.036168,0.274153,14.026531,25.000000
post_qualifying,hist_gradient_boosting_classifier,2025,9,Spanish Grand Prix,norris,Lando Norris,McLaren,2,podium_no_win,podium_no_win,1,0.034340,0.724609,0.044982,0.133510,0.062559,13.870097,18.000000
post_qualifying,hist_gradient_boosting_classifier,2025,9,Spanish Grand Prix,leclerc,Charles Leclerc,Ferrari,3,podium_no_win,top5_no_podium,4,0.001904,0.047075,0.419948,0.340920,0.190153,6.875633,15.000000
post_qualifying,hist_gradient_boosting_classifier,2025,9,Spanish Grand Prix,russell,George Russell,Mercedes,4,top5_no_podium,podium_no_win,2,0.000901,0.500625,0.351689,0.099794,0.046991,12.570558,12.000000
post_qualifying,hist_gradient_boosting_classifier,2025,9,Spanish Grand Prix,hulkenberg,Nico Hülkenberg,Sauber,5,top5_no_podium,no_points,3,0.000048,0.000231,0.000735,0.109482,0.889505,0.472921,10.000000
post_qualifying,hist_gradient_boosting_classifier,2025,9,Spanish Grand Prix,hamilton,Lewis Hamilton,Ferrari,6,points_no_top5,top5_no_podium,2,0.000979,0.191225,0.562084,0.196295,0.049417,10.187059,8.000000
post_qualifying,hist_gradient_boosting_classifier,2025,9,Spanish Grand Prix,hadjar,Isack Hadjar,RB F1 Team,7,points_no_top5,points_no_top5,1,0.000764,0.005235,0.023382,0.493213,0.477406,2.434185,6.000000
post_qualifying,hist_gradient_boosting_classifier,2025,9,Spanish Grand Prix,gasly,Pierre Gasly,Alpine F1 Team,8,points_no_top5,points_no_top5,1,0.002203,0.001302,0.004214,0.581036,0.411245,2.563270,4.000000
post_qualifying,hist_gradient_boosting_classifier,2025,9,Spanish Grand Prix,alonso,Fernando Alonso,Aston Martin,9,points_no_top5,no_points,2,0.000230,0.000116,0.001401,0.326277,0.671976,1.393440,2.000000
post_qualifying,hist_gradient_boosting_classifier,2025,9,Spanish Grand Prix,max_verstappen,Max Verstappen,Red Bull,10,points_no_top5,podium_no_win,5,0.064671,0.391522,0.253671,0.064230,0.225906,11.137044,1.000000
post_qualifying,hist_gradient_boosting_classifier,2025,9,Spanish Grand Prix,lawson,Liam Lawson,RB F1 Team,11,no_points,no_points,1,0.000054,0.001645,0.001497,0.287902,0.708903,1.254145,0.000000
post_qualifying,hist_gradient_boosting_classifier,2025,9,Spanish Grand Prix,bortoleto,Gabriel Bortoleto,Sauber,12,no_points,no_points,1,0.000026,0.000110,0.001884,0.147829,0.850151,0.644077,0.000000
post_qualifying,hist_gradient_boosting_classifier,2025,9,Spanish Grand Prix,tsunoda,Yuki Tsunoda,Red Bull,13,no_points,no_points,1,0.000032,0.014653,0.009477,0.190586,0.785252,1.147289,0.000000
post_qualifying,hist_gradient_boosting_classifier,2025,9,Spanish Grand Prix,sainz,Carlos Sainz,Williams,14,no_points,no_points,1,0.000062,0.005611,0.008784,0.160311,0.825233,0.864059,0.000000
post_qualifying,hist_gradient_boosting_classifier,2025,9,Spanish Grand Prix,colapinto,Franco Colapinto,Alpine F1 Team,15,no_points,no_points,1,0.000007,0.000034,0.000100,0.028461,0.971399,0.121355,0.000000
post_qualifying,hist_gradient_boosting_classifier,2025,9,Spanish Grand Prix,ocon,Esteban Ocon,Haas F1 Team,16,no_points,no_points,1,0.000039,0.000695,0.000478,0.112661,0.886127,0.490881,0.000000
post_qualifying,hist_gradient_boosting_classifier,2025,9,Spanish Grand Prix,bearman,Oliver Bearman,Haas F1 Team,17,no_points,no_points,1,0.000044,0.000368,0.000474,0.101510,0.897603,0.438735,0.000000
post_qualifying,hist_gradient_boosting_classifier,2025,9,Spanish Grand Prix,antonelli,Andrea Kimi Antonelli,Mercedes,18,no_points,points_no_top5,4,0.000503,0.134510,0.205203,0.545017,0.114767,6.778307,0.000000
post_qualifying,hist_gradient_boosting_classifier,2025,9,Spanish Grand Prix,albon,Alexander Albon,Williams,19,no_points,points_no_top5,2,0.000292,0.011454,0.065399,0.476748,0.446107,2.918026,0.000000
post_qualifying,hist_gradient_boosting_classifier,2025,10,Canadian Grand Prix,russell,George Russell,Mercedes,1,win,podium_no_win,2,0.255185,0.408781,0.062775,0.098996,0.174263,14.230818,25.000000
post_qualifying,hist_gradient_boosting_classifier,2025,10,Canadian Grand Prix,max_verstappen,Max Verstappen,Red Bull,2,podium_no_win,podium_no_win,1,0.115556,0.449157,0.207995,0.071591,0.155701,12.888611,18.000000
post_qualifying,hist_gradient_boosting_classifier,2025,10,Canadian Grand Prix,antonelli,Andrea Kimi Antonelli,Mercedes,3,podium_no_win,top5_no_podium,4,0.006230,0.139884,0.408773,0.279867,0.165246,8.135777,15.000000
post_qualifying,hist_gradient_boosting_classifier,2025,10,Canadian Grand Prix,piastri,Oscar Piastri,McLaren,4,top5_no_podium,podium_no_win,3,0.244526,0.413681,0.213974,0.059202,0.068617,15.541258,12.000000
post_qualifying,hist_gradient_boosting_classifier,2025,10,Canadian Grand Prix,leclerc,Charles Leclerc,Ferrari,5,top5_no_podium,top5_no_podium,1,0.007901,0.078151,0.628541,0.103163,0.182244,8.834245,10.000000
post_qualifying,hist_gradient_boosting_classifier,2025,10,Canadian Grand Prix,hamilton,Lewis Hamilton,Ferrari,6,points_no_top5,top5_no_podium,4,0.002398,0.269548,0.375702,0.122388,0.229964,9.154239,8.000000
post_qualifying,hist_gradient_boosting_classifier,2025,10,Canadian Grand Prix,alonso,Fernando Alonso,Aston Martin,7,points_no_top5,points_no_top5,1,0.000078,0.039761,0.009248,0.822593,0.128319,4.214645,6.000000
post_qualifying,hist_gradient_boosting_classifier,2025,10,Canadian Grand Prix,hulkenberg,Nico Hülkenberg,Sauber,8,points_no_top5,no_points,2,0.000115,0.000266,0.014168,0.267960,0.717491,1.288545,4.000000
post_qualifying,hist_gradient_boosting_classifier,2025,10,Canadian Grand Prix,ocon,Esteban Ocon,Haas F1 Team,9,points_no_top5,points_no_top5,1,0.000079,0.000808,0.000559,0.696608,0.301945,2.947215,2.000000
post_qualifying,hist_gradient_boosting_classifier,2025,10,Canadian Grand Prix,sainz,Carlos Sainz,Williams,10,points_no_top5,no_points,2,0.000026,0.002628,0.002322,0.387435,0.607590,1.696768,1.000000
post_qualifying,hist_gradient_boosting_classifier,2025,10,Canadian Grand Prix,bearman,Oliver Bearman,Haas F1 Team,11,no_points,no_points,1,0.000035,0.000196,0.000330,0.182380,0.817059,0.773744,0.000000
post_qualifying,hist_gradient_boosting_classifier,2025,10,Canadian Grand Prix,tsunoda,Yuki Tsunoda,Red Bull,12,no_points,no_points,1,0.000052,0.007280,0.013872,0.328301,0.650495,1.652874,0.000000
post_qualifying,hist_gradient_boosting_classifier,2025,10,Canadian Grand Prix,colapinto,Franco Colapinto,Alpine F1 Team,13,no_points,no_points,1,0.000042,0.000737,0.001511,0.490789,0.506922,2.091138,0.000000
post_qualifying,hist_gradient_boosting_classifier,2025,10,Canadian Grand Prix,bortoleto,Gabriel Bortoleto,Sauber,14,no_points,no_points,1,0.000028,0.000544,0.000964,0.229748,0.768716,0.985225,0.000000
post_qualifying,hist_gradient_boosting_classifier,2025,10,Canadian Grand Prix,gasly,Pierre Gasly,Alpine F1 Team,15,no_points,no_points,1,0.000009,0.001737,0.000186,0.058169,0.939899,0.275231,0.000000
post_qualifying,hist_gradient_boosting_classifier,2025,10,Canadian Grand Prix,hadjar,Isack Hadjar,RB F1 Team,16,no_points,no_points,1,0.000085,0.003380,0.004470,0.320820,0.671246,1.454503,0.000000
post_qualifying,hist_gradient_boosting_classifier,2025,10,Canadian Grand Prix,stroll,Lance Stroll,Aston Martin,17,no_points,no_points,1,0.000023,0.000328,0.000530,0.195562,0.803556,0.833197,0.000000
post_qualifying,hist_gradient_boosting_classifier,2025,10,Canadian Grand Prix,norris,Lando Norris,McLaren,18,no_points,top5_no_podium,4,0.028189,0.169907,0.605637,0.156223,0.040044,10.826330,0.000000
post_qualifying,hist_gradient_boosting_classifier,2025,10,Canadian Grand Prix,lawson,Liam Lawson,RB F1 Team,19,no_points,no_points,1,0.000015,0.003062,0.000675,0.116522,0.879725,0.547724,0.000000
post_qualifying,hist_gradient_boosting_classifier,2025,10,Canadian Grand Prix,albon,Alexander Albon,Williams,20,no_points,no_points,1,0.000102,0.004138,0.095926,0.448093,0.451741,3.008002,0.000000
post_qualifying,hist_gradient_boosting_classifier,2025,11,Austrian Grand Prix,norris,Lando Norris,McLaren,1,win,win,1,0.504694,0.272726,0.034143,0.038149,0.150288,17.653129,25.000000
post_qualifying,hist_gradient_boosting_classifier,2025,11,Austrian Grand Prix,piastri,Oscar Piastri,McLaren,2,podium_no_win,podium_no_win,1,0.044134,0.510371,0.073119,0.083275,0.289102,10.678526,18.000000
post_qualifying,hist_gradient_boosting_classifier,2025,11,Austrian Grand Prix,leclerc,Charles Leclerc,Ferrari,3,podium_no_win,podium_no_win,1,0.122347,0.434900,0.170407,0.036540,0.235805,12.262485,15.000000
post_qualifying,hist_gradient_boosting_classifier,2025,11,Austrian Grand Prix,hamilton,Lewis Hamilton,Ferrari,4,top5_no_podium,top5_no_podium,1,0.005730,0.399413,0.485935,0.059240,0.049682,12.327669,12.000000
post_qualifying,hist_gradient_boosting_classifier,2025,11,Austrian Grand Prix,russell,George Russell,Mercedes,5,top5_no_podium,top5_no_podium,1,0.002258,0.190665,0.586337,0.096455,0.124284,10.057250,10.000000
post_qualifying,hist_gradient_boosting_classifier,2025,11,Austrian Grand Prix,lawson,Liam Lawson,RB F1 Team,6,points_no_top5,points_no_top5,1,0.000352,0.010288,0.011983,0.649413,0.327965,3.037891,8.000000
post_qualifying,hist_gradient_boosting_classifier,2025,11,Austrian Grand Prix,alonso,Fernando Alonso,Aston Martin,7,points_no_top5,no_points,2,0.000139,0.000619,0.002618,0.175481,0.821144,0.779493,6.000000
post_qualifying,hist_gradient_boosting_classifier,2025,11,Austrian Grand Prix,bortoleto,Gabriel Bortoleto,Sauber,8,points_no_top5,points_no_top5,1,0.000145,0.000939,0.023483,0.571015,0.404418,2.675687,4.000000
post_qualifying,hist_gradient_boosting_classifier,2025,11,Austrian Grand Prix,hulkenberg,Nico Hülkenberg,Sauber,9,points_no_top5,no_points,2,0.000022,0.000456,0.002161,0.111532,0.885829,0.500274,2.000000
post_qualifying,hist_gradient_boosting_classifier,2025,11,Austrian Grand Prix,ocon,Esteban Ocon,Haas F1 Team,10,points_no_top5,no_points,2,0.000112,0.000662,0.000879,0.208484,0.789862,0.899042,1.000000
post_qualifying,hist_gradient_boosting_classifier,2025,11,Austrian Grand Prix,bearman,Oliver Bearman,Haas F1 Team,11,no_points,no_points,1,0.000047,0.000555,0.000752,0.178593,0.820054,0.768687,0.000000
post_qualifying,hist_gradient_boosting_classifier,2025,11,Austrian Grand Prix,hadjar,Isack Hadjar,RB F1 Team,12,no_points,no_points,1,0.000076,0.004610,0.000684,0.290465,0.704166,1.305428,0.000000
post_qualifying,hist_gradient_boosting_classifier,2025,11,Austrian Grand Prix,gasly,Pierre Gasly,Alpine F1 Team,13,no_points,no_points,1,0.000215,0.002693,0.001764,0.265284,0.730044,1.183402,0.000000
post_qualifying,hist_gradient_boosting_classifier,2025,11,Austrian Grand Prix,stroll,Lance Stroll,Aston Martin,14,no_points,no_points,1,0.000013,0.000203,0.000125,0.086513,0.913146,0.368406,0.000000
post_qualifying,hist_gradient_boosting_classifier,2025,11,Austrian Grand Prix,colapinto,Franco Colapinto,Alpine F1 Team,15,no_points,no_points,1,0.000017,0.000134,0.000191,0.061787,0.937871,0.264246,0.000000
post_qualifying,hist_gradient_boosting_classifier,2025,11,Austrian Grand Prix,tsunoda,Yuki Tsunoda,Red Bull,16,no_points,no_points,1,0.000029,0.001830,0.004524,0.191366,0.802251,0.884420,0.000000
post_qualifying,hist_gradient_boosting_classifier,2025,11,Austrian Grand Prix,albon,Alexander Albon,Williams,17,no_points,no_points,1,0.000059,0.001952,0.026245,0.416572,0.555172,2.071988,0.000000
post_qualifying,hist_gradient_boosting_classifier,2025,11,Austrian Grand Prix,max_verstappen,Max Verstappen,Red Bull,18,no_points,points_no_top5,2,0.003055,0.043926,0.231319,0.480335,0.241364,5.363083,0.000000
post_qualifying,hist_gradient_boosting_classifier,2025,11,Austrian Grand Prix,antonelli,Andrea Kimi Antonelli,Mercedes,19,no_points,points_no_top5,2,0.000313,0.052535,0.139424,0.616229,0.191499,4.996473,0.000000
post_qualifying,hist_gradient_boosting_classifier,2025,11,Austrian Grand Prix,sainz,Carlos Sainz,Williams,20,no_points,no_points,1,0.000019,0.002428,0.002652,0.197144,0.797757,0.897708,0.000000
post_qualifying,hist_gradient_boosting_classifier,2025,12,British Grand Prix,norris,Lando Norris,McLaren,1,win,podium_no_win,5,0.036690,0.656486,0.067800,0.121946,0.117078,13.007232,25.000000
post_qualifying,hist_gradient_boosting_classifier,2025,12,British Grand Prix,piastri,Oscar Piastri,McLaren,2,podium_no_win,podium_no_win,1,0.181703,0.601636,0.019677,0.061609,0.135375,14.944772,18.000000
post_qualifying,hist_gradient_boosting_classifier,2025,12,British Grand Prix,hulkenberg,Nico Hülkenberg,Sauber,3,podium_no_win,no_points,3,0.000016,0.001015,0.000506,0.156643,0.841820,0.680629,15.000000
post_qualifying,hist_gradient_boosting_classifier,2025,12,British Grand Prix,hamilton,Lewis Hamilton,Ferrari,4,top5_no_podium,top5_no_podium,1,0.005503,0.336848,0.447981,0.164195,0.045473,11.312971,12.000000
post_qualifying,hist_gradient_boosting_classifier,2025,12,British Grand Prix,max_verstappen,Max Verstappen,Red Bull,5,top5_no_podium,win,3,0.651832,0.202086,0.059958,0.054068,0.032056,20.516837,10.000000
post_qualifying,hist_gradient_boosting_classifier,2025,12,British Grand Prix,gasly,Pierre Gasly,Alpine F1 Team,6,points_no_top5,points_no_top5,1,0.001245,0.003086,0.003574,0.602193,0.389901,2.650577,8.000000
post_qualifying,hist_gradient_boosting_classifier,2025,12,British Grand Prix,stroll,Lance Stroll,Aston Martin,7,points_no_top5,no_points,2,0.000018,0.000439,0.000376,0.078037,0.921129,0.339595,6.000000
post_qualifying,hist_gradient_boosting_classifier,2025,12,British Grand Prix,albon,Alexander Albon,Williams,8,points_no_top5,no_points,2,0.000061,0.001355,0.002391,0.397417,0.598776,1.719338,4.000000
post_qualifying,hist_gradient_boosting_classifier,2025,12,British Grand Prix,alonso,Fernando Alonso,Aston Martin,9,points_no_top5,no_points,2,0.000294,0.014628,0.025377,0.443947,0.515753,2.392461,2.000000
post_qualifying,hist_gradient_boosting_classifier,2025,12,British Grand Prix,russell,George Russell,Mercedes,10,points_no_top5,top5_no_podium,4,0.008767,0.297287,0.385911,0.100185,0.207850,9.790216,1.000000
post_qualifying,hist_gradient_boosting_classifier,2025,12,British Grand Prix,bearman,Oliver Bearman,Haas F1 Team,11,no_points,no_points,1,0.000224,0.000582,0.000746,0.146237,0.852211,0.637600,0.000000
post_qualifying,hist_gradient_boosting_classifier,2025,12,British Grand Prix,sainz,Carlos Sainz,Williams,12,no_points,points_no_top5,2,0.000453,0.002948,0.028607,0.604049,0.363943,2.911645,0.000000
post_qualifying,hist_gradient_boosting_classifier,2025,12,British Grand Prix,ocon,Esteban Ocon,Haas F1 Team,13,no_points,no_points,1,0.000043,0.000676,0.000421,0.119908,0.878952,0.520479,0.000000
post_qualifying,hist_gradient_boosting_classifier,2025,12,British Grand Prix,leclerc,Charles Leclerc,Ferrari,14,no_points,top5_no_podium,2,0.004349,0.144009,0.495557,0.072616,0.283469,8.240992,0.000000
post_qualifying,hist_gradient_boosting_classifier,2025,12,British Grand Prix,tsunoda,Yuki Tsunoda,Red Bull,15,no_points,no_points,1,0.000049,0.002993,0.018364,0.185662,0.792931,1.032404,0.000000
post_qualifying,hist_gradient_boosting_classifier,2025,12,British Grand Prix,antonelli,Andrea Kimi Antonelli,Mercedes,16,no_points,points_no_top5,3,0.000748,0.066991,0.160208,0.630338,0.141714,5.533776,0.000000
post_qualifying,hist_gradient_boosting_classifier,2025,12,British Grand Prix,hadjar,Isack Hadjar,RB F1 Team,17,no_points,no_points,1,0.000048,0.002157,0.005503,0.249991,0.742301,1.147281,0.000000
post_qualifying,hist_gradient_boosting_classifier,2025,12,British Grand Prix,bortoleto,Gabriel Bortoleto,Sauber,18,no_points,no_points,1,0.000021,0.001330,0.001379,0.112562,0.884707,0.510412,0.000000
post_qualifying,hist_gradient_boosting_classifier,2025,12,British Grand Prix,lawson,Liam Lawson,RB F1 Team,19,no_points,no_points,1,0.000042,0.001975,0.000620,0.163867,0.833497,0.728691,0.000000
post_qualifying,hist_gradient_boosting_classifier,2025,12,British Grand Prix,colapinto,Franco Colapinto,Alpine F1 Team,20,no_points,no_points,1,0.000016,0.000290,0.000238,0.080729,0.918728,0.346848,0.000000
post_qualifying,hist_gradient_boosting_classifier,2025,13,Belgian Grand Prix,piastri,Oscar Piastri,McLaren,1,win,win,1,0.484074,0.454724,0.020828,0.016358,0.024017,19.902590,25.000000
post_qualifying,hist_gradient_boosting_classifier,2025,13,Belgian Grand Prix,norris,Lando Norris,McLaren,2,podium_no_win,podium_no_win,1,0.434796,0.490707,0.031832,0.025690,0.016974,19.424628,18.000000
post_qualifying,hist_gradient_boosting_classifier,2025,13,Belgian Grand Prix,leclerc,Charles Leclerc,Ferrari,3,podium_no_win,podium_no_win,1,0.024167,0.438621,0.335870,0.104846,0.096495,11.976356,15.000000
post_qualifying,hist_gradient_boosting_classifier,2025,13,Belgian Grand Prix,max_verstappen,Max Verstappen,Red Bull,4,top5_no_podium,podium_no_win,2,0.021399,0.341751,0.270720,0.267144,0.098985,10.273801,12.000000
post_qualifying,hist_gradient_boosting_classifier,2025,13,Belgian Grand Prix,russell,George Russell,Mercedes,5,top5_no_podium,points_no_top5,2,0.001200,0.177188,0.277906,0.338881,0.204826,7.433863,10.000000
post_qualifying,hist_gradient_boosting_classifier,2025,13,Belgian Grand Prix,albon,Alexander Albon,Williams,6,points_no_top5,points_no_top5,1,0.000170,0.008181,0.241452,0.508408,0.241789,4.930518,8.000000
post_qualifying,hist_gradient_boosting_classifier,2025,13,Belgian Grand Prix,hamilton,Lewis Hamilton,Ferrari,7,points_no_top5,points_no_top5,1,0.000165,0.065155,0.062197,0.613801,0.258683,4.341297,6.000000
post_qualifying,hist_gradient_boosting_classifier,2025,13,Belgian Grand Prix,lawson,Liam Lawson,RB F1 Team,8,points_no_top5,no_points,2,0.000058,0.001561,0.008497,0.395519,0.594364,1.781864,4.000000
post_qualifying,hist_gradient_boosting_classifier,2025,13,Belgian Grand Prix,bortoleto,Gabriel Bortoleto,Sauber,9,points_no_top5,no_points,2,0.000056,0.006199,0.014980,0.380652,0.598113,1.867199,2.000000
post_qualifying,hist_gradient_boosting_classifier,2025,13,Belgian Grand Prix,gasly,Pierre Gasly,Alpine F1 Team,10,points_no_top5,no_points,2,0.000044,0.002896,0.000812,0.344764,0.651484,1.505820,1.000000
post_qualifying,hist_gradient_boosting_classifier,2025,13,Belgian Grand Prix,bearman,Oliver Bearman,Haas F1 Team,11,no_points,no_points,1,0.000007,0.000284,0.001330,0.171013,0.827366,0.737745,0.000000
post_qualifying,hist_gradient_boosting_classifier,2025,13,Belgian Grand Prix,hulkenberg,Nico Hülkenberg,Sauber,12,no_points,no_points,1,0.000030,0.000328,0.002530,0.351291,0.645821,1.509417,0.000000
post_qualifying,hist_gradient_boosting_classifier,2025,13,Belgian Grand Prix,tsunoda,Yuki Tsunoda,Red Bull,13,no_points,points_no_top5,2,0.000125,0.008357,0.071883,0.662438,0.257197,3.713960,0.000000
post_qualifying,hist_gradient_boosting_classifier,2025,13,Belgian Grand Prix,stroll,Lance Stroll,Aston Martin,14,no_points,no_points,1,0.000012,0.000938,0.002890,0.132892,0.863268,0.605705,0.000000
post_qualifying,hist_gradient_boosting_classifier,2025,13,Belgian Grand Prix,ocon,Esteban Ocon,Haas F1 Team,15,no_points,no_points,1,0.000096,0.001093,0.004033,0.376825,0.617953,1.647458,0.000000
post_qualifying,hist_gradient_boosting_classifier,2025,13,Belgian Grand Prix,antonelli,Andrea Kimi Antonelli,Mercedes,16,no_points,no_points,1,0.000038,0.015663,0.038429,0.450176,0.495693,2.572852,0.000000
post_qualifying,hist_gradient_boosting_classifier,2025,13,Belgian Grand Prix,alonso,Fernando Alonso,Aston Martin,17,no_points,no_points,1,0.000009,0.002737,0.003208,0.187867,0.806179,0.869710,0.000000
post_qualifying,hist_gradient_boosting_classifier,2025,13,Belgian Grand Prix,sainz,Carlos Sainz,Williams,18,no_points,no_points,1,0.000024,0.000929,0.005145,0.312810,0.681092,1.386324,0.000000
post_qualifying,hist_gradient_boosting_classifier,2025,13,Belgian Grand Prix,colapinto,Franco Colapinto,Alpine F1 Team,19,no_points,no_points,1,0.000009,0.000191,0.000292,0.045147,0.954361,0.196209,0.000000
post_qualifying,hist_gradient_boosting_classifier,2025,13,Belgian Grand Prix,hadjar,Isack Hadjar,RB F1 Team,20,no_points,no_points,1,0.000195,0.002378,0.023315,0.466283,0.507829,2.258966,0.000000
post_qualifying,hist_gradient_boosting_classifier,2025,14,Hungarian Grand Prix,norris,Lando Norris,McLaren,1,win,podium_no_win,3,0.127729,0.539360,0.026399,0.236951,0.069561,13.378257,25.000000
post_qualifying,hist_gradient_boosting_classifier,2025,14,Hungarian Grand Prix,piastri,Oscar Piastri,McLaren,2,podium_no_win,win,2,0.497499,0.340895,0.025448,0.109717,0.026441,18.802985,18.000000
post_qualifying,hist_gradient_boosting_classifier,2025,14,Hungarian Grand Prix,russell,George Russell,Mercedes,3,podium_no_win,points_no_top5,3,0.000556,0.253795,0.298324,0.369267,0.078058,9.034001,15.000000
post_qualifying,hist_gradient_boosting_classifier,2025,14,Hungarian Grand Prix,leclerc,Charles Leclerc,Ferrari,4,top5_no_podium,win,3,0.351087,0.310097,0.256366,0.017533,0.064917,16.787445,12.000000
post_qualifying,hist_gradient_boosting_classifier,2025,14,Hungarian Grand Prix,alonso,Fernando Alonso,Aston Martin,5,top5_no_podium,no_points,3,0.000173,0.017265,0.136612,0.416400,0.429550,3.540816,10.000000
post_qualifying,hist_gradient_boosting_classifier,2025,14,Hungarian Grand Prix,bortoleto,Gabriel Bortoleto,Sauber,6,points_no_top5,no_points,2,0.000121,0.008787,0.042901,0.338764,0.609427,2.042734,8.000000
post_qualifying,hist_gradient_boosting_classifier,2025,14,Hungarian Grand Prix,stroll,Lance Stroll,Aston Martin,7,points_no_top5,points_no_top5,1,0.000136,0.007787,0.082547,0.601091,0.308440,3.564471,6.000000
post_qualifying,hist_gradient_boosting_classifier,2025,14,Hungarian Grand Prix,lawson,Liam Lawson,RB F1 Team,8,points_no_top5,no_points,2,0.000197,0.002663,0.018205,0.484419,0.494516,2.283672,4.000000
post_qualifying,hist_gradient_boosting_classifier,2025,14,Hungarian Grand Prix,max_verstappen,Max Verstappen,Red Bull,9,points_no_top5,points_no_top5,1,0.000284,0.024896,0.284836,0.601917,0.088067,6.079134,2.000000
post_qualifying,hist_gradient_boosting_classifier,2025,14,Hungarian Grand Prix,antonelli,Andrea Kimi Antonelli,Mercedes,10,points_no_top5,no_points,2,0.000132,0.004575,0.014433,0.412711,0.568148,1.970945,1.000000
post_qualifying,hist_gradient_boosting_classifier,2025,14,Hungarian Grand Prix,hadjar,Isack Hadjar,RB F1 Team,11,no_points,no_points,1,0.000563,0.001954,0.005854,0.391884,0.599745,1.756634,0.000000
post_qualifying,hist_gradient_boosting_classifier,2025,14,Hungarian Grand Prix,hamilton,Lewis Hamilton,Ferrari,12,no_points,points_no_top5,4,0.000230,0.217699,0.087780,0.622551,0.071740,7.178084,0.000000
post_qualifying,hist_gradient_boosting_classifier,2025,14,Hungarian Grand Prix,hulkenberg,Nico Hülkenberg,Sauber,13,no_points,no_points,1,0.000009,0.000239,0.000510,0.140945,0.858296,0.601755,0.000000
post_qualifying,hist_gradient_boosting_classifier,2025,14,Hungarian Grand Prix,sainz,Carlos Sainz,Williams,14,no_points,no_points,1,0.000045,0.000722,0.002578,0.178638,0.818017,0.791669,0.000000
post_qualifying,hist_gradient_boosting_classifier,2025,14,Hungarian Grand Prix,albon,Alexander Albon,Williams,15,no_points,no_points,1,0.000011,0.001651,0.001290,0.145429,0.851619,0.652514,0.000000
post_qualifying,hist_gradient_boosting_classifier,2025,14,Hungarian Grand Prix,ocon,Esteban Ocon,Haas F1 Team,16,no_points,no_points,1,0.000033,0.000489,0.000188,0.101506,0.897784,0.437294,0.000000
post_qualifying,hist_gradient_boosting_classifier,2025,14,Hungarian Grand Prix,tsunoda,Yuki Tsunoda,Red Bull,17,no_points,no_points,1,0.000011,0.000786,0.001571,0.167607,0.830025,0.734479,0.000000
post_qualifying,hist_gradient_boosting_classifier,2025,14,Hungarian Grand Prix,colapinto,Franco Colapinto,Alpine F1 Team,18,no_points,no_points,1,0.000012,0.000177,0.000512,0.038836,0.960463,0.171959,0.000000
post_qualifying,hist_gradient_boosting_classifier,2025,14,Hungarian Grand Prix,gasly,Pierre Gasly,Alpine F1 Team,19,no_points,no_points,1,0.000023,0.001386,0.000758,0.094906,0.902927,0.430394,0.000000
post_qualifying,hist_gradient_boosting_classifier,2025,14,Hungarian Grand Prix,bearman,Oliver Bearman,Haas F1 Team,20,no_points,no_points,1,0.000019,0.000194,0.001314,0.086841,0.911632,0.382869,0.000000
post_qualifying,hist_gradient_boosting_classifier,2025,15,Dutch Grand Prix,piastri,Oscar Piastri,McLaren,1,win,win,1,0.463621,0.449712,0.007276,0.045801,0.033590,19.283173,25.000000
post_qualifying,hist_gradient_boosting_classifier,2025,15,Dutch Grand Prix,max_verstappen,Max Verstappen,Red Bull,2,podium_no_win,points_no_top5,2,0.112511,0.236705,0.218983,0.259982,0.171819,10.219144,18.000000
post_qualifying,hist_gradient_boosting_classifier,2025,15,Dutch Grand Prix,hadjar,Isack Hadjar,RB F1 Team,3,podium_no_win,points_no_top5,4,0.007400,0.012482,0.028258,0.594037,0.357823,3.196743,15.000000
post_qualifying,hist_gradient_boosting_classifier,2025,15,Dutch Grand Prix,russell,George Russell,Mercedes,4,top5_no_podium,podium_no_win,2,0.007524,0.552822,0.211591,0.152180,0.075883,12.276319,12.000000
post_qualifying,hist_gradient_boosting_classifier,2025,15,Dutch Grand Prix,albon,Alexander Albon,Williams,5,top5_no_podium,no_points,3,0.000022,0.000806,0.001557,0.155603,0.842012,0.684524,10.000000
post_qualifying,hist_gradient_boosting_classifier,2025,15,Dutch Grand Prix,bearman,Oliver Bearman,Haas F1 Team,6,points_no_top5,no_points,2,0.000002,0.000032,0.000034,0.010018,0.989914,0.043030,8.000000
post_qualifying,hist_gradient_boosting_classifier,2025,15,Dutch Grand Prix,stroll,Lance Stroll,Aston Martin,7,points_no_top5,no_points,2,0.000017,0.001093,0.000833,0.085871,0.912186,0.388292,6.000000
post_qualifying,hist_gradient_boosting_classifier,2025,15,Dutch Grand Prix,alonso,Fernando Alonso,Aston Martin,8,points_no_top5,points_no_top5,1,0.000183,0.003712,0.012393,0.799102,0.184611,3.558360,4.000000
post_qualifying,hist_gradient_boosting_classifier,2025,15,Dutch Grand Prix,tsunoda,Yuki Tsunoda,Red Bull,9,points_no_top5,no_points,2,0.000031,0.014659,0.004984,0.145489,0.834836,0.908546,2.000000
post_qualifying,hist_gradient_boosting_classifier,2025,15,Dutch Grand Prix,ocon,Esteban Ocon,Haas F1 Team,10,points_no_top5,no_points,2,0.000006,0.000090,0.000045,0.026690,0.973168,0.114233,1.000000
post_qualifying,hist_gradient_boosting_classifier,2025,15,Dutch Grand Prix,colapinto,Franco Colapinto,Alpine F1 Team,11,no_points,no_points,1,0.000009,0.000188,0.000257,0.055507,0.944040,0.239280,0.000000
post_qualifying,hist_gradient_boosting_classifier,2025,15,Dutch Grand Prix,lawson,Liam Lawson,RB F1 Team,12,no_points,no_points,1,0.000206,0.005783,0.023004,0.442390,0.528617,2.211639,0.000000
post_qualifying,hist_gradient_boosting_classifier,2025,15,Dutch Grand Prix,sainz,Carlos Sainz,Williams,13,no_points,no_points,1,0.000042,0.016644,0.020221,0.308221,0.654872,1.792636,0.000000
post_qualifying,hist_gradient_boosting_classifier,2025,15,Dutch Grand Prix,hulkenberg,Nico Hülkenberg,Sauber,14,no_points,no_points,1,0.000048,0.000409,0.000691,0.147456,0.851396,0.634859,0.000000
post_qualifying,hist_gradient_boosting_classifier,2025,15,Dutch Grand Prix,bortoleto,Gabriel Bortoleto,Sauber,15,no_points,no_points,1,0.000022,0.027462,0.004400,0.267520,0.700595,1.625670,0.000000
post_qualifying,hist_gradient_boosting_classifier,2025,15,Dutch Grand Prix,antonelli,Andrea Kimi Antonelli,Mercedes,16,no_points,no_points,1,0.000091,0.019736,0.096022,0.438344,0.445807,3.225216,0.000000
post_qualifying,hist_gradient_boosting_classifier,2025,15,Dutch Grand Prix,gasly,Pierre Gasly,Alpine F1 Team,17,no_points,no_points,1,0.000075,0.026694,0.001032,0.070719,0.901480,0.750701,0.000000
post_qualifying,hist_gradient_boosting_classifier,2025,15,Dutch Grand Prix,norris,Lando Norris,McLaren,18,no_points,podium_no_win,4,0.089716,0.770131,0.002085,0.119966,0.018101,15.476868,0.000000
post_qualifying,hist_gradient_boosting_classifier,2025,15,Dutch Grand Prix,leclerc,Charles Leclerc,Ferrari,19,no_points,top5_no_podium,4,0.004968,0.247060,0.484085,0.177722,0.086165,10.272065,0.000000
post_qualifying,hist_gradient_boosting_classifier,2025,15,Dutch Grand Prix,hamilton,Lewis Hamilton,Ferrari,20,no_points,points_no_top5,4,0.000399,0.105829,0.144370,0.645509,0.103892,6.055374,0.000000
post_qualifying,hist_gradient_boosting_classifier,2025,16,Italian Grand Prix,max_verstappen,Max Verstappen,Red Bull,1,win,podium_no_win,3,0.148479,0.533708,0.062185,0.071750,0.183877,13.503555,25.000000
post_qualifying,hist_gradient_boosting_classifier,2025,16,Italian Grand Prix,norris,Lando Norris,McLaren,2,podium_no_win,podium_no_win,1,0.047998,0.840361,0.030489,0.063335,0.017816,15.667313,18.000000
post_qualifying,hist_gradient_boosting_classifier,2025,16,Italian Grand Prix,piastri,Oscar Piastri,McLaren,3,podium_no_win,podium_no_win,1,0.321478,0.557640,0.006637,0.087772,0.026473,17.679654,15.000000
post_qualifying,hist_gradient_boosting_classifier,2025,16,Italian Grand Prix,leclerc,Charles Leclerc,Ferrari,4,top5_no_podium,top5_no_podium,1,0.012105,0.313598,0.537371,0.072113,0.064812,11.690961,12.000000
post_qualifying,hist_gradient_boosting_classifier,2025,16,Italian Grand Prix,russell,George Russell,Mercedes,5,top5_no_podium,points_no_top5,2,0.002661,0.214417,0.315288,0.355403,0.112231,8.565261,10.000000
post_qualifying,hist_gradient_boosting_classifier,2025,16,Italian Grand Prix,hamilton,Lewis Hamilton,Ferrari,6,points_no_top5,top5_no_podium,2,0.000974,0.130114,0.457776,0.341515,0.069621,8.641125,8.000000
post_qualifying,hist_gradient_boosting_classifier,2025,16,Italian Grand Prix,albon,Alexander Albon,Williams,7,points_no_top5,no_points,2,0.000137,0.003216,0.001054,0.240998,0.754595,1.080271,6.000000
post_qualifying,hist_gradient_boosting_classifier,2025,16,Italian Grand Prix,bortoleto,Gabriel Bortoleto,Sauber,8,points_no_top5,points_no_top5,1,0.000489,0.002632,0.069054,0.467961,0.459864,2.780681,4.000000
post_qualifying,hist_gradient_boosting_classifier,2025,16,Italian Grand Prix,antonelli,Andrea Kimi Antonelli,Mercedes,9,points_no_top5,points_no_top5,1,0.000473,0.075276,0.270827,0.533634,0.119790,6.474238,2.000000
post_qualifying,hist_gradient_boosting_classifier,2025,16,Italian Grand Prix,hadjar,Isack Hadjar,RB F1 Team,10,points_no_top5,no_points,2,0.000015,0.002775,0.000233,0.167474,0.829503,0.752112,1.000000
post_qualifying,hist_gradient_boosting_classifier,2025,16,Italian Grand Prix,sainz,Carlos Sainz,Williams,11,no_points,no_points,1,0.000023,0.003061,0.001458,0.131121,0.864337,0.617837,0.000000
post_qualifying,hist_gradient_boosting_classifier,2025,16,Italian Grand Prix,bearman,Oliver Bearman,Haas F1 Team,12,no_points,no_points,1,0.000214,0.000262,0.002839,0.179607,0.817077,0.795270,0.000000
post_qualifying,hist_gradient_boosting_classifier,2025,16,Italian Grand Prix,tsunoda,Yuki Tsunoda,Red Bull,13,no_points,points_no_top5,2,0.000121,0.009522,0.020396,0.640270,0.329690,3.073640,0.000000
post_qualifying,hist_gradient_boosting_classifier,2025,16,Italian Grand Prix,lawson,Liam Lawson,RB F1 Team,14,no_points,no_points,1,0.000013,0.002388,0.000365,0.088700,0.908534,0.416276,0.000000
post_qualifying,hist_gradient_boosting_classifier,2025,16,Italian Grand Prix,ocon,Esteban Ocon,Haas F1 Team,15,no_points,no_points,1,0.000034,0.000273,0.000244,0.048430,0.951019,0.211445,0.000000
post_qualifying,hist_gradient_boosting_classifier,2025,16,Italian Grand Prix,gasly,Pierre Gasly,Alpine F1 Team,16,no_points,no_points,1,0.000011,0.001424,0.000419,0.034882,0.963263,0.174900,0.000000
post_qualifying,hist_gradient_boosting_classifier,2025,16,Italian Grand Prix,colapinto,Franco Colapinto,Alpine F1 Team,17,no_points,no_points,1,0.000010,0.000223,0.000175,0.040568,0.959024,0.176247,0.000000
post_qualifying,hist_gradient_boosting_classifier,2025,16,Italian Grand Prix,stroll,Lance Stroll,Aston Martin,18,no_points,no_points,1,0.000017,0.001048,0.001265,0.084765,0.912905,0.387648,0.000000
post_qualifying,hist_gradient_boosting_classifier,2025,16,Italian Grand Prix,alonso,Fernando Alonso,Aston Martin,19,no_points,points_no_top5,2,0.000172,0.004485,0.040734,0.517073,0.437536,2.698096,0.000000
post_qualifying,hist_gradient_boosting_classifier,2025,16,Italian Grand Prix,hulkenberg,Nico Hülkenberg,Sauber,20,no_points,no_points,1,0.000051,0.000906,0.021691,0.288390,0.688961,1.466077,0.000000
post_qualifying,hist_gradient_boosting_classifier,2025,17,Azerbaijan Grand Prix,max_verstappen,Max Verstappen,Red Bull,1,win,podium_no_win,4,0.059702,0.430345,0.206254,0.035387,0.268312,11.010667,25.000000
post_qualifying,hist_gradient_boosting_classifier,2025,17,Azerbaijan Grand Prix,russell,George Russell,Mercedes,2,podium_no_win,podium_no_win,1,0.006837,0.426624,0.173117,0.245016,0.148406,10.143578,18.000000
post_qualifying,hist_gradient_boosting_classifier,2025,17,Azerbaijan Grand Prix,sainz,Carlos Sainz,Williams,3,podium_no_win,no_points,3,0.001377,0.182692,0.155403,0.256788,0.403740,5.836792,15.000000
post_qualifying,hist_gradient_boosting_classifier,2025,17,Azerbaijan Grand Prix,antonelli,Andrea Kimi Antonelli,Mercedes,4,top5_no_podium,points_no_top5,2,0.001400,0.178543,0.353467,0.399709,0.066881,8.547883,12.000000
post_qualifying,hist_gradient_boosting_classifier,2025,17,Azerbaijan Grand Prix,lawson,Liam Lawson,RB F1 Team,5,top5_no_podium,points_no_top5,3,0.003669,0.100639,0.119728,0.465716,0.310247,5.025299,10.000000
post_qualifying,hist_gradient_boosting_classifier,2025,17,Azerbaijan Grand Prix,tsunoda,Yuki Tsunoda,Red Bull,6,points_no_top5,points_no_top5,1,0.000450,0.059617,0.119060,0.442598,0.378274,4.163509,8.000000
post_qualifying,hist_gradient_boosting_classifier,2025,17,Azerbaijan Grand Prix,norris,Lando Norris,McLaren,7,points_no_top5,top5_no_podium,3,0.023097,0.338376,0.364169,0.266410,0.007949,11.285394,6.000000
post_qualifying,hist_gradient_boosting_classifier,2025,17,Azerbaijan Grand Prix,hamilton,Lewis Hamilton,Ferrari,8,points_no_top5,points_no_top5,1,0.000359,0.007814,0.114901,0.551950,0.324976,3.720019,4.000000
post_qualifying,hist_gradient_boosting_classifier,2025,17,Azerbaijan Grand Prix,leclerc,Charles Leclerc,Ferrari,9,points_no_top5,points_no_top5,1,0.001015,0.025009,0.215991,0.578778,0.179206,5.244798,2.000000
post_qualifying,hist_gradient_boosting_classifier,2025,17,Azerbaijan Grand Prix,hadjar,Isack Hadjar,RB F1 Team,10,points_no_top5,points_no_top5,1,0.000132,0.009854,0.011689,0.515375,0.462949,2.459058,1.000000
post_qualifying,hist_gradient_boosting_classifier,2025,17,Azerbaijan Grand Prix,bortoleto,Gabriel Bortoleto,Sauber,11,no_points,no_points,1,0.000032,0.003435,0.036016,0.322740,0.637776,1.809174,0.000000
post_qualifying,hist_gradient_boosting_classifier,2025,17,Azerbaijan Grand Prix,bearman,Oliver Bearman,Haas F1 Team,12,no_points,no_points,1,0.000018,0.000249,0.000488,0.109376,0.889869,0.469307,0.000000
post_qualifying,hist_gradient_boosting_classifier,2025,17,Azerbaijan Grand Prix,albon,Alexander Albon,Williams,13,no_points,no_points,1,0.000035,0.003097,0.001170,0.281118,0.714580,1.245540,0.000000
post_qualifying,hist_gradient_boosting_classifier,2025,17,Azerbaijan Grand Prix,ocon,Esteban Ocon,Haas F1 Team,14,no_points,no_points,1,0.000005,0.000111,0.000169,0.036557,0.963159,0.157342,0.000000
post_qualifying,hist_gradient_boosting_classifier,2025,17,Azerbaijan Grand Prix,alonso,Fernando Alonso,Aston Martin,15,no_points,points_no_top5,2,0.000214,0.012208,0.040434,0.511739,0.435405,2.800865,0.000000
post_qualifying,hist_gradient_boosting_classifier,2025,17,Azerbaijan Grand Prix,hulkenberg,Nico Hülkenberg,Sauber,16,no_points,no_points,1,0.000019,0.000161,0.001025,0.133860,0.864935,0.576622,0.000000
post_qualifying,hist_gradient_boosting_classifier,2025,17,Azerbaijan Grand Prix,stroll,Lance Stroll,Aston Martin,17,no_points,no_points,1,0.000043,0.001999,0.002939,0.361225,0.633794,1.583536,0.000000
post_qualifying,hist_gradient_boosting_classifier,2025,17,Azerbaijan Grand Prix,gasly,Pierre Gasly,Alpine F1 Team,18,no_points,no_points,1,0.000006,0.002800,0.000359,0.013013,0.983822,0.104961,0.000000
post_qualifying,hist_gradient_boosting_classifier,2025,17,Azerbaijan Grand Prix,colapinto,Franco Colapinto,Alpine F1 Team,19,no_points,no_points,1,0.000010,0.000159,0.000249,0.040248,0.959334,0.174644,0.000000
post_qualifying,hist_gradient_boosting_classifier,2025,17,Azerbaijan Grand Prix,piastri,Oscar Piastri,McLaren,20,no_points,points_no_top5,5,0.045653,0.247769,0.224415,0.455620,0.026543,9.611674,0.000000
post_qualifying,hist_gradient_boosting_classifier,2025,18,Singapore Grand Prix,russell,George Russell,Mercedes,1,win,podium_no_win,2,0.241559,0.454485,0.049262,0.048091,0.206604,14.281834,25.000000
post_qualifying,hist_gradient_boosting_classifier,2025,18,Singapore Grand Prix,max_verstappen,Max Verstappen,Red Bull,2,podium_no_win,win,2,0.735559,0.151685,0.021492,0.030994,0.060269,21.258381,18.000000
post_qualifying,hist_gradient_boosting_classifier,2025,18,Singapore Grand Prix,norris,Lando Norris,McLaren,3,podium_no_win,points_no_top5,2,0.001752,0.301445,0.222169,0.432674,0.041961,9.278718,15.000000
post_qualifying,hist_gradient_boosting_classifier,2025,18,Singapore Grand Prix,piastri,Oscar Piastri,McLaren,4,top5_no_podium,podium_no_win,4,0.062061,0.523380,0.057095,0.336245,0.021219,12.227569,12.000000
post_qualifying,hist_gradient_boosting_classifier,2025,18,Singapore Grand Prix,antonelli,Andrea Kimi Antonelli,Mercedes,5,top5_no_podium,top5_no_podium,1,0.000629,0.158010,0.490644,0.277038,0.073679,9.183526,10.000000
post_qualifying,hist_gradient_boosting_classifier,2025,18,Singapore Grand Prix,leclerc,Charles Leclerc,Ferrari,6,points_no_top5,top5_no_podium,2,0.000206,0.027139,0.574295,0.332582,0.065778,8.167043,8.000000
post_qualifying,hist_gradient_boosting_classifier,2025,18,Singapore Grand Prix,alonso,Fernando Alonso,Aston Martin,7,points_no_top5,no_points,2,0.000114,0.002240,0.007487,0.238373,0.751785,1.123338,6.000000
post_qualifying,hist_gradient_boosting_classifier,2025,18,Singapore Grand Prix,hamilton,Lewis Hamilton,Ferrari,8,points_no_top5,top5_no_podium,2,0.000580,0.088683,0.553079,0.299977,0.057682,8.821531,4.000000
post_qualifying,hist_gradient_boosting_classifier,2025,18,Singapore Grand Prix,bearman,Oliver Bearman,Haas F1 Team,9,points_no_top5,no_points,2,0.000106,0.000350,0.002127,0.252981,0.744436,1.094349,2.000000
post_qualifying,hist_gradient_boosting_classifier,2025,18,Singapore Grand Prix,sainz,Carlos Sainz,Williams,10,points_no_top5,no_points,2,0.000026,0.004166,0.114366,0.189800,0.691643,2.124570,1.000000
post_qualifying,hist_gradient_boosting_classifier,2025,18,Singapore Grand Prix,hadjar,Isack Hadjar,RB F1 Team,11,no_points,points_no_top5,2,0.000440,0.007428,0.013462,0.584136,0.394535,2.735007,0.000000
post_qualifying,hist_gradient_boosting_classifier,2025,18,Singapore Grand Prix,tsunoda,Yuki Tsunoda,Red Bull,12,no_points,no_points,1,0.000120,0.001785,0.016280,0.380173,0.601642,1.808267,0.000000
post_qualifying,hist_gradient_boosting_classifier,2025,18,Singapore Grand Prix,stroll,Lance Stroll,Aston Martin,13,no_points,no_points,1,0.000033,0.000989,0.001232,0.190851,0.806896,0.832257,0.000000
post_qualifying,hist_gradient_boosting_classifier,2025,18,Singapore Grand Prix,albon,Alexander Albon,Williams,14,no_points,no_points,1,0.000059,0.002261,0.050465,0.262521,0.684694,1.696500,0.000000
post_qualifying,hist_gradient_boosting_classifier,2025,18,Singapore Grand Prix,lawson,Liam Lawson,RB F1 Team,15,no_points,no_points,1,0.000091,0.001657,0.006367,0.440692,0.551193,1.950564,0.000000
post_qualifying,hist_gradient_boosting_classifier,2025,18,Singapore Grand Prix,colapinto,Franco Colapinto,Alpine F1 Team,16,no_points,no_points,1,0.000010,0.000112,0.000239,0.031753,0.967886,0.138083,0.000000
post_qualifying,hist_gradient_boosting_classifier,2025,18,Singapore Grand Prix,bortoleto,Gabriel Bortoleto,Sauber,17,no_points,no_points,1,0.000033,0.000815,0.002409,0.283198,0.713545,1.230213,0.000000
post_qualifying,hist_gradient_boosting_classifier,2025,18,Singapore Grand Prix,ocon,Esteban Ocon,Haas F1 Team,18,no_points,no_points,1,0.000032,0.000274,0.000347,0.034640,0.964707,0.154629,0.000000
post_qualifying,hist_gradient_boosting_classifier,2025,18,Singapore Grand Prix,gasly,Pierre Gasly,Alpine F1 Team,19,no_points,no_points,1,0.000014,0.000692,0.001268,0.048300,0.949725,0.228584,0.000000
post_qualifying,hist_gradient_boosting_classifier,2025,18,Singapore Grand Prix,hulkenberg,Nico Hülkenberg,Sauber,20,no_points,points_no_top5,2,0.000346,0.000398,0.034953,0.490116,0.474189,2.458165,0.000000
post_qualifying,hist_gradient_boosting_classifier,2025,19,United States Grand Prix,max_verstappen,Max Verstappen,Red Bull,1,win,win,1,0.457534,0.381242,0.057136,0.032352,0.071736,18.493217,25.000000
post_qualifying,hist_gradient_boosting_classifier,2025,19,United States Grand Prix,norris,Lando Norris,McLaren,2,podium_no_win,podium_no_win,1,0.071997,0.780342,0.051277,0.087719,0.008665,15.608030,18.000000
post_qualifying,hist_gradient_boosting_classifier,2025,19,United States Grand Prix,leclerc,Charles Leclerc,Ferrari,3,podium_no_win,podium_no_win,1,0.004627,0.410491,0.381009,0.116561,0.087312,11.569436,15.000000
post_qualifying,hist_gradient_boosting_classifier,2025,19,United States Grand Prix,hamilton,Lewis Hamilton,Ferrari,4,top5_no_podium,top5_no_podium,1,0.000937,0.269535,0.418621,0.154754,0.156153,9.725562,12.000000
post_qualifying,hist_gradient_boosting_classifier,2025,19,United States Grand Prix,piastri,Oscar Piastri,McLaren,5,top5_no_podium,points_no_top5,2,0.008029,0.231064,0.346728,0.394475,0.019704,9.484082,10.000000
post_qualifying,hist_gradient_boosting_classifier,2025,19,United States Grand Prix,russell,George Russell,Mercedes,6,points_no_top5,win,5,0.501025,0.222356,0.156909,0.040786,0.078924,18.091787,8.000000
post_qualifying,hist_gradient_boosting_classifier,2025,19,United States Grand Prix,tsunoda,Yuki Tsunoda,Red Bull,7,points_no_top5,no_points,2,0.000066,0.002431,0.086256,0.436612,0.474634,2.824356,6.000000
post_qualifying,hist_gradient_boosting_classifier,2025,19,United States Grand Prix,hulkenberg,Nico Hülkenberg,Sauber,8,points_no_top5,no_points,2,0.000107,0.000207,0.010140,0.372723,0.616823,1.683070,4.000000
post_qualifying,hist_gradient_boosting_classifier,2025,19,United States Grand Prix,bearman,Oliver Bearman,Haas F1 Team,9,points_no_top5,points_no_top5,1,0.000065,0.000551,0.004168,0.504451,0.490766,2.175249,2.000000
post_qualifying,hist_gradient_boosting_classifier,2025,19,United States Grand Prix,alonso,Fernando Alonso,Aston Martin,10,points_no_top5,points_no_top5,1,0.000105,0.002028,0.005872,0.745365,0.246631,3.231207,1.000000
post_qualifying,hist_gradient_boosting_classifier,2025,19,United States Grand Prix,lawson,Liam Lawson,RB F1 Team,11,no_points,no_points,1,0.000081,0.001767,0.005235,0.484233,0.508684,2.122552,0.000000
post_qualifying,hist_gradient_boosting_classifier,2025,19,United States Grand Prix,stroll,Lance Stroll,Aston Martin,12,no_points,no_points,1,0.000016,0.000489,0.001395,0.276739,0.721362,1.186110,0.000000
post_qualifying,hist_gradient_boosting_classifier,2025,19,United States Grand Prix,antonelli,Andrea Kimi Antonelli,Mercedes,13,no_points,points_no_top5,3,0.001468,0.110951,0.304237,0.439559,0.143785,7.060152,0.000000
post_qualifying,hist_gradient_boosting_classifier,2025,19,United States Grand Prix,albon,Alexander Albon,Williams,14,no_points,no_points,1,0.000053,0.002005,0.022225,0.212455,0.763261,1.171205,0.000000
post_qualifying,hist_gradient_boosting_classifier,2025,19,United States Grand Prix,ocon,Esteban Ocon,Haas F1 Team,15,no_points,no_points,1,0.000011,0.000102,0.000082,0.036424,0.963381,0.155852,0.000000
post_qualifying,hist_gradient_boosting_classifier,2025,19,United States Grand Prix,hadjar,Isack Hadjar,RB F1 Team,16,no_points,no_points,1,0.000015,0.001618,0.000513,0.209778,0.788077,0.913779,0.000000
post_qualifying,hist_gradient_boosting_classifier,2025,19,United States Grand Prix,colapinto,Franco Colapinto,Alpine F1 Team,17,no_points,no_points,1,0.000013,0.000097,0.000258,0.063236,0.936395,0.270361,0.000000
post_qualifying,hist_gradient_boosting_classifier,2025,19,United States Grand Prix,bortoleto,Gabriel Bortoleto,Sauber,18,no_points,no_points,1,0.000027,0.001541,0.002327,0.466851,0.529254,2.012469,0.000000
post_qualifying,hist_gradient_boosting_classifier,2025,19,United States Grand Prix,gasly,Pierre Gasly,Alpine F1 Team,19,no_points,no_points,1,0.000018,0.000394,0.000271,0.029515,0.969801,0.133912,0.000000
post_qualifying,hist_gradient_boosting_classifier,2025,19,United States Grand Prix,sainz,Carlos Sainz,Williams,20,no_points,no_points,1,0.000051,0.002057,0.028400,0.425117,0.544376,2.133091,0.000000
post_qualifying,hist_gradient_boosting_classifier,2025,20,Mexico City Grand Prix,norris,Lando Norris,McLaren,1,win,points_no_top5,2,0.319884,0.236007,0.077253,0.347979,0.018877,14.202516,25.000000
post_qualifying,hist_gradient_boosting_classifier,2025,20,Mexico City Grand Prix,leclerc,Charles Leclerc,Ferrari,2,podium_no_win,podium_no_win,1,0.060619,0.327246,0.220852,0.131188,0.260095,9.895407,18.000000
post_qualifying,hist_gradient_boosting_classifier,2025,20,Mexico City Grand Prix,max_verstappen,Max Verstappen,Red Bull,3,podium_no_win,podium_no_win,1,0.122153,0.443079,0.055678,0.294248,0.084842,12.212931,15.000000
post_qualifying,hist_gradient_boosting_classifier,2025,20,Mexico City Grand Prix,bearman,Oliver Bearman,Haas F1 Team,4,top5_no_podium,no_points,3,0.000162,0.000910,0.004367,0.414930,0.579632,1.809792,12.000000
post_qualifying,hist_gradient_boosting_classifier,2025,20,Mexico City Grand Prix,piastri,Oscar Piastri,McLaren,5,top5_no_podium,points_no_top5,3,0.000432,0.203962,0.148432,0.614526,0.032648,7.589943,10.000000
post_qualifying,hist_gradient_boosting_classifier,2025,20,Mexico City Grand Prix,antonelli,Andrea Kimi Antonelli,Mercedes,6,points_no_top5,points_no_top5,1,0.001322,0.145431,0.278552,0.451756,0.122938,7.394129,8.000000
post_qualifying,hist_gradient_boosting_classifier,2025,20,Mexico City Grand Prix,russell,George Russell,Mercedes,7,points_no_top5,podium_no_win,3,0.035294,0.440551,0.424965,0.071691,0.027499,13.127157,6.000000
post_qualifying,hist_gradient_boosting_classifier,2025,20,Mexico City Grand Prix,hamilton,Lewis Hamilton,Ferrari,8,points_no_top5,top5_no_podium,2,0.020026,0.188687,0.418350,0.240043,0.132894,9.224008,4.000000
post_qualifying,hist_gradient_boosting_classifier,2025,20,Mexico City Grand Prix,ocon,Esteban Ocon,Haas F1 Team,9,points_no_top5,no_points,2,0.000120,0.000537,0.001949,0.172017,0.825377,0.755784,2.000000
post_qualifying,hist_gradient_boosting_classifier,2025,20,Mexico City Grand Prix,bortoleto,Gabriel Bortoleto,Sauber,10,points_no_top5,no_points,2,0.000047,0.001718,0.001800,0.158056,0.838379,0.713153,1.000000
post_qualifying,hist_gradient_boosting_classifier,2025,20,Mexico City Grand Prix,tsunoda,Yuki Tsunoda,Red Bull,11,no_points,no_points,1,0.000598,0.009448,0.135469,0.407006,0.447478,3.370432,0.000000
post_qualifying,hist_gradient_boosting_classifier,2025,20,Mexico City Grand Prix,albon,Alexander Albon,Williams,12,no_points,no_points,1,0.000149,0.000792,0.030461,0.234599,0.733999,1.337183,0.000000
post_qualifying,hist_gradient_boosting_classifier,2025,20,Mexico City Grand Prix,hadjar,Isack Hadjar,RB F1 Team,13,no_points,points_no_top5,2,0.000174,0.005804,0.015232,0.490584,0.488207,2.328112,0.000000
post_qualifying,hist_gradient_boosting_classifier,2025,20,Mexico City Grand Prix,stroll,Lance Stroll,Aston Martin,14,no_points,no_points,1,0.000026,0.000818,0.002362,0.142991,0.853803,0.640694,0.000000
post_qualifying,hist_gradient_boosting_classifier,2025,20,Mexico City Grand Prix,gasly,Pierre Gasly,Alpine F1 Team,15,no_points,no_points,1,0.000006,0.002304,0.000282,0.006353,0.991055,0.067954,0.000000
post_qualifying,hist_gradient_boosting_classifier,2025,20,Mexico City Grand Prix,colapinto,Franco Colapinto,Alpine F1 Team,16,no_points,no_points,1,0.000012,0.000086,0.000081,0.012681,0.987140,0.055862,0.000000
post_qualifying,hist_gradient_boosting_classifier,2025,20,Mexico City Grand Prix,sainz,Carlos Sainz,Williams,17,no_points,no_points,1,0.000279,0.006813,0.069612,0.305218,0.618078,2.167028,0.000000
post_qualifying,hist_gradient_boosting_classifier,2025,20,Mexico City Grand Prix,alonso,Fernando Alonso,Aston Martin,18,no_points,no_points,1,0.000147,0.001538,0.001366,0.449474,0.547475,1.931861,0.000000
post_qualifying,hist_gradient_boosting_classifier,2025,20,Mexico City Grand Prix,hulkenberg,Nico Hülkenberg,Sauber,19,no_points,no_points,1,0.000062,0.000266,0.000930,0.372308,0.626434,1.579854,0.000000
post_qualifying,hist_gradient_boosting_classifier,2025,20,Mexico City Grand Prix,lawson,Liam Lawson,RB F1 Team,20,no_points,no_points,1,0.000084,0.001218,0.000506,0.248546,0.749646,1.071662,0.000000
post_qualifying,hist_gradient_boosting_classifier,2025,21,São Paulo Grand Prix,norris,Lando Norris,McLaren,1,win,points_no_top5,2,0.343816,0.179510,0.015201,0.424313,0.037160,13.506636,25.000000
post_qualifying,hist_gradient_boosting_classifier,2025,21,São Paulo Grand Prix,antonelli,Andrea Kimi Antonelli,Mercedes,2,podium_no_win,points_no_top5,2,0.049174,0.312537,0.146218,0.371999,0.120072,9.557003,18.000000
post_qualifying,hist_gradient_boosting_classifier,2025,21,São Paulo Grand Prix,max_verstappen,Max Verstappen,Red Bull,3,podium_no_win,points_no_top5,4,0.031657,0.064859,0.279813,0.531070,0.092601,7.170036,15.000000
post_qualifying,hist_gradient_boosting_classifier,2025,21,São Paulo Grand Prix,russell,George Russell,Mercedes,4,top5_no_podium,top5_no_podium,1,0.009761,0.050289,0.536674,0.290324,0.112952,8.196561,12.000000
post_qualifying,hist_gradient_boosting_classifier,2025,21,São Paulo Grand Prix,piastri,Oscar Piastri,McLaren,5,top5_no_podium,points_no_top5,3,0.007923,0.323310,0.195340,0.447544,0.025883,9.561123,10.000000
post_qualifying,hist_gradient_boosting_classifier,2025,21,São Paulo Grand Prix,bearman,Oliver Bearman,Haas F1 Team,6,points_no_top5,no_points,2,0.000077,0.004735,0.003326,0.301864,0.689997,1.384474,8.000000
post_qualifying,hist_gradient_boosting_classifier,2025,21,São Paulo Grand Prix,lawson,Liam Lawson,RB F1 Team,7,points_no_top5,points_no_top5,1,0.000445,0.012462,0.016193,0.619407,0.351493,2.996389,6.000000
post_qualifying,hist_gradient_boosting_classifier,2025,21,São Paulo Grand Prix,hadjar,Isack Hadjar,RB F1 Team,8,points_no_top5,points_no_top5,1,0.000292,0.047964,0.045378,0.495898,0.410467,3.380649,4.000000
post_qualifying,hist_gradient_boosting_classifier,2025,21,São Paulo Grand Prix,hulkenberg,Nico Hülkenberg,Sauber,9,points_no_top5,points_no_top5,1,0.000234,0.000446,0.013845,0.562716,0.422758,2.528924,2.000000
post_qualifying,hist_gradient_boosting_classifier,2025,21,São Paulo Grand Prix,gasly,Pierre Gasly,Alpine F1 Team,10,points_no_top5,no_points,2,0.000164,0.001724,0.006828,0.295539,0.695746,1.348905,1.000000
post_qualifying,hist_gradient_boosting_classifier,2025,21,São Paulo Grand Prix,albon,Alexander Albon,Williams,11,no_points,no_points,1,0.000205,0.001540,0.102286,0.259514,0.636454,2.245654,0.000000
post_qualifying,hist_gradient_boosting_classifier,2025,21,São Paulo Grand Prix,ocon,Esteban Ocon,Haas F1 Team,12,no_points,no_points,1,0.000005,0.000785,0.000105,0.026852,0.972252,0.127020,0.000000
post_qualifying,hist_gradient_boosting_classifier,2025,21,São Paulo Grand Prix,sainz,Carlos Sainz,Williams,13,no_points,no_points,1,0.000073,0.003805,0.106258,0.199569,0.690295,2.071641,0.000000
post_qualifying,hist_gradient_boosting_classifier,2025,21,São Paulo Grand Prix,alonso,Fernando Alonso,Aston Martin,14,no_points,no_points,1,0.000100,0.003796,0.022471,0.356089,0.617545,1.807880,0.000000
post_qualifying,hist_gradient_boosting_classifier,2025,21,São Paulo Grand Prix,colapinto,Franco Colapinto,Alpine F1 Team,15,no_points,no_points,1,0.000023,0.000444,0.000565,0.052053,0.946915,0.232735,0.000000
post_qualifying,hist_gradient_boosting_classifier,2025,21,São Paulo Grand Prix,stroll,Lance Stroll,Aston Martin,16,no_points,no_points,1,0.000045,0.006133,0.001209,0.205054,0.787559,0.976835,0.000000
post_qualifying,hist_gradient_boosting_classifier,2025,21,São Paulo Grand Prix,tsunoda,Yuki Tsunoda,Red Bull,17,no_points,no_points,1,0.000060,0.001089,0.040911,0.106774,0.851166,0.917938,0.000000
post_qualifying,hist_gradient_boosting_classifier,2025,21,São Paulo Grand Prix,hamilton,Lewis Hamilton,Ferrari,18,no_points,points_no_top5,2,0.000356,0.071078,0.067985,0.453761,0.406820,3.835312,0.000000
post_qualifying,hist_gradient_boosting_classifier,2025,21,São Paulo Grand Prix,leclerc,Charles Leclerc,Ferrari,19,no_points,podium_no_win,3,0.065338,0.579564,0.147750,0.062297,0.145051,13.083146,0.000000
post_qualifying,hist_gradient_boosting_classifier,2025,21,São Paulo Grand Prix,bortoleto,Gabriel Bortoleto,Sauber,20,no_points,points_no_top5,2,0.000866,0.017736,0.013967,0.524868,0.442563,2.672383,0.000000
post_qualifying,hist_gradient_boosting_classifier,2025,22,Las Vegas Grand Prix,max_verstappen,Max Verstappen,Red Bull,1,win,podium_no_win,3,0.197625,0.424373,0.225246,0.105066,0.047690,14.861760,25.000000
post_qualifying,hist_gradient_boosting_classifier,2025,22,Las Vegas Grand Prix,russell,George Russell,Mercedes,2,podium_no_win,top5_no_podium,2,0.013063,0.352299,0.541468,0.049686,0.043484,12.304339,18.000000
post_qualifying,hist_gradient_boosting_classifier,2025,22,Las Vegas Grand Prix,antonelli,Andrea Kimi Antonelli,Mercedes,3,podium_no_win,no_points,3,0.001037,0.060674,0.058373,0.368693,0.511223,3.217662,15.000000
post_qualifying,hist_gradient_boosting_classifier,2025,22,Las Vegas Grand Prix,leclerc,Charles Leclerc,Ferrari,4,top5_no_podium,top5_no_podium,1,0.005457,0.102638,0.425603,0.212026,0.254276,7.402096,12.000000
post_qualifying,hist_gradient_boosting_classifier,2025,22,Las Vegas Grand Prix,sainz,Carlos Sainz,Williams,5,top5_no_podium,points_no_top5,4,0.015481,0.131390,0.069922,0.606430,0.176777,5.871113,10.000000
post_qualifying,hist_gradient_boosting_classifier,2025,22,Las Vegas Grand Prix,hadjar,Isack Hadjar,RB F1 Team,6,points_no_top5,no_points,2,0.000146,0.009365,0.023177,0.470079,0.497234,2.387441,8.000000
post_qualifying,hist_gradient_boosting_classifier,2025,22,Las Vegas Grand Prix,hulkenberg,Nico Hülkenberg,Sauber,7,points_no_top5,points_no_top5,1,0.000209,0.000999,0.029919,0.557448,0.411425,2.692102,6.000000
post_qualifying,hist_gradient_boosting_classifier,2025,22,Las Vegas Grand Prix,hamilton,Lewis Hamilton,Ferrari,8,points_no_top5,no_points,2,0.000216,0.151959,0.024959,0.246610,0.576256,3.823034,4.000000
post_qualifying,hist_gradient_boosting_classifier,2025,22,Las Vegas Grand Prix,ocon,Esteban Ocon,Haas F1 Team,9,points_no_top5,no_points,2,0.000029,0.000652,0.000769,0.250238,0.748312,1.070946,2.000000
post_qualifying,hist_gradient_boosting_classifier,2025,22,Las Vegas Grand Prix,bearman,Oliver Bearman,Haas F1 Team,10,points_no_top5,no_points,2,0.000065,0.001065,0.000967,0.217231,0.780671,0.942212,1.000000
post_qualifying,hist_gradient_boosting_classifier,2025,22,Las Vegas Grand Prix,alonso,Fernando Alonso,Aston Martin,11,no_points,points_no_top5,2,0.000303,0.021844,0.056559,0.717720,0.203575,4.004574,0.000000
post_qualifying,hist_gradient_boosting_classifier,2025,22,Las Vegas Grand Prix,tsunoda,Yuki Tsunoda,Red Bull,12,no_points,no_points,1,0.000026,0.006286,0.022892,0.305342,0.665454,1.638627,0.000000
post_qualifying,hist_gradient_boosting_classifier,2025,22,Las Vegas Grand Prix,gasly,Pierre Gasly,Alpine F1 Team,13,no_points,no_points,1,0.000138,0.007856,0.004497,0.412076,0.575433,1.913252,0.000000
post_qualifying,hist_gradient_boosting_classifier,2025,22,Las Vegas Grand Prix,lawson,Liam Lawson,RB F1 Team,14,no_points,points_no_top5,2,0.000314,0.027022,0.024660,0.485152,0.462852,2.762612,0.000000
post_qualifying,hist_gradient_boosting_classifier,2025,22,Las Vegas Grand Prix,colapinto,Franco Colapinto,Alpine F1 Team,15,no_points,no_points,1,0.000013,0.000297,0.000477,0.040926,0.958287,0.182363,0.000000
post_qualifying,hist_gradient_boosting_classifier,2025,22,Las Vegas Grand Prix,albon,Alexander Albon,Williams,16,no_points,no_points,1,0.000086,0.001408,0.047067,0.158323,0.793115,1.208088,0.000000
post_qualifying,hist_gradient_boosting_classifier,2025,22,Las Vegas Grand Prix,bortoleto,Gabriel Bortoleto,Sauber,17,no_points,no_points,1,0.000012,0.000358,0.000500,0.096109,0.903022,0.415352,0.000000
post_qualifying,hist_gradient_boosting_classifier,2025,22,Las Vegas Grand Prix,stroll,Lance Stroll,Aston Martin,18,no_points,no_points,1,0.000055,0.001616,0.019980,0.426555,0.551794,2.039358,0.000000
post_qualifying,hist_gradient_boosting_classifier,2025,22,Las Vegas Grand Prix,norris,Lando Norris,McLaren,19,no_points,win,3,0.636234,0.288599,0.018304,0.014983,0.041879,20.932013,0.000000
post_qualifying,hist_gradient_boosting_classifier,2025,22,Las Vegas Grand Prix,piastri,Oscar Piastri,McLaren,20,no_points,podium_no_win,4,0.002339,0.579648,0.229290,0.147023,0.041699,12.762363,0.000000
post_qualifying,hist_gradient_boosting_classifier,2025,23,Qatar Grand Prix,max_verstappen,Max Verstappen,Red Bull,1,win,podium_no_win,4,0.090469,0.488735,0.102045,0.244248,0.074503,12.474182,25.000000
post_qualifying,hist_gradient_boosting_classifier,2025,23,Qatar Grand Prix,piastri,Oscar Piastri,McLaren,2,podium_no_win,win,2,0.769617,0.113313,0.008367,0.092383,0.016320,21.590134,18.000000
post_qualifying,hist_gradient_boosting_classifier,2025,23,Qatar Grand Prix,sainz,Carlos Sainz,Williams,3,podium_no_win,points_no_top5,4,0.000203,0.013327,0.035815,0.547623,0.403031,2.918962,15.000000
post_qualifying,hist_gradient_boosting_classifier,2025,23,Qatar Grand Prix,norris,Lando Norris,McLaren,4,top5_no_podium,podium_no_win,5,0.079334,0.566238,0.023646,0.291474,0.039307,12.810585,12.000000
post_qualifying,hist_gradient_boosting_classifier,2025,23,Qatar Grand Prix,antonelli,Andrea Kimi Antonelli,Mercedes,5,top5_no_podium,top5_no_podium,1,0.009343,0.257828,0.291661,0.201095,0.240073,8.540616,10.000000
post_qualifying,hist_gradient_boosting_classifier,2025,23,Qatar Grand Prix,russell,George Russell,Mercedes,6,points_no_top5,top5_no_podium,3,0.020715,0.329540,0.589807,0.037382,0.022556,12.600168,8.000000
post_qualifying,hist_gradient_boosting_classifier,2025,23,Qatar Grand Prix,alonso,Fernando Alonso,Aston Martin,7,points_no_top5,points_no_top5,1,0.000731,0.027831,0.010309,0.682047,0.279082,3.455485,6.000000
post_qualifying,hist_gradient_boosting_classifier,2025,23,Qatar Grand Prix,leclerc,Charles Leclerc,Ferrari,8,points_no_top5,top5_no_podium,2,0.002846,0.076850,0.348309,0.288733,0.283262,6.383258,4.000000
post_qualifying,hist_gradient_boosting_classifier,2025,23,Qatar Grand Prix,lawson,Liam Lawson,RB F1 Team,9,points_no_top5,no_points,2,0.000163,0.010588,0.019766,0.408553,0.560930,2.112114,2.000000
post_qualifying,hist_gradient_boosting_classifier,2025,23,Qatar Grand Prix,tsunoda,Yuki Tsunoda,Red Bull,10,points_no_top5,no_points,2,0.000038,0.042448,0.016260,0.156573,0.784681,1.537816,1.000000
post_qualifying,hist_gradient_boosting_classifier,2025,23,Qatar Grand Prix,albon,Alexander Albon,Williams,11,no_points,no_points,1,0.000127,0.002916,0.025191,0.157315,0.814451,0.989106,0.000000
post_qualifying,hist_gradient_boosting_classifier,2025,23,Qatar Grand Prix,hamilton,Lewis Hamilton,Ferrari,12,no_points,no_points,1,0.000738,0.029437,0.032285,0.346584,0.590956,2.314950,0.000000
post_qualifying,hist_gradient_boosting_classifier,2025,23,Qatar Grand Prix,bortoleto,Gabriel Bortoleto,Sauber,13,no_points,no_points,1,0.000033,0.002362,0.001328,0.121672,0.874606,0.565412,0.000000
post_qualifying,hist_gradient_boosting_classifier,2025,23,Qatar Grand Prix,colapinto,Franco Colapinto,Alpine F1 Team,14,no_points,no_points,1,0.000023,0.000381,0.000780,0.092689,0.906127,0.404733,0.000000
post_qualifying,hist_gradient_boosting_classifier,2025,23,Qatar Grand Prix,ocon,Esteban Ocon,Haas F1 Team,15,no_points,no_points,1,0.000035,0.001360,0.000757,0.053328,0.944520,0.255611,0.000000
post_qualifying,hist_gradient_boosting_classifier,2025,23,Qatar Grand Prix,gasly,Pierre Gasly,Alpine F1 Team,16,no_points,points_no_top5,2,0.000254,0.003978,0.024044,0.622840,0.348883,2.952413,0.000000
post_qualifying,hist_gradient_boosting_classifier,2025,23,Qatar Grand Prix,stroll,Lance Stroll,Aston Martin,17,no_points,no_points,1,0.000011,0.000713,0.000566,0.047528,0.951182,0.217884,0.000000
post_qualifying,hist_gradient_boosting_classifier,2025,23,Qatar Grand Prix,hadjar,Isack Hadjar,RB F1 Team,18,no_points,points_no_top5,2,0.000620,0.032088,0.046671,0.552122,0.368500,3.377236,0.000000
post_qualifying,hist_gradient_boosting_classifier,2025,23,Qatar Grand Prix,bearman,Oliver Bearman,Haas F1 Team,19,no_points,no_points,1,0.000098,0.001787,0.001535,0.421936,0.574644,1.820960,0.000000
post_qualifying,hist_gradient_boosting_classifier,2025,23,Qatar Grand Prix,hulkenberg,Nico Hülkenberg,Sauber,20,no_points,points_no_top5,2,0.000959,0.000944,0.063894,0.499316,0.434887,2.839510,0.000000
post_qualifying,hist_gradient_boosting_classifier,2025,24,Abu Dhabi Grand Prix,max_verstappen,Max Verstappen,Red Bull,1,win,win,1,0.791849,0.055678,0.009202,0.084598,0.058672,21.171459,25.000000
post_qualifying,hist_gradient_boosting_classifier,2025,24,Abu Dhabi Grand Prix,piastri,Oscar Piastri,McLaren,2,podium_no_win,podium_no_win,1,0.026701,0.682285,0.073540,0.202687,0.014787,13.585444,18.000000
post_qualifying,hist_gradient_boosting_classifier,2025,24,Abu Dhabi Grand Prix,norris,Lando Norris,McLaren,3,podium_no_win,podium_no_win,1,0.018723,0.656092,0.020704,0.290361,0.014121,12.740840,15.000000
post_qualifying,hist_gradient_boosting_classifier,2025,24,Abu Dhabi Grand Prix,leclerc,Charles Leclerc,Ferrari,4,top5_no_podium,top5_no_podium,1,0.014828,0.214013,0.454759,0.185850,0.130550,9.684833,12.000000
post_qualifying,hist_gradient_boosting_classifier,2025,24,Abu Dhabi Grand Prix,russell,George Russell,Mercedes,5,top5_no_podium,top5_no_podium,1,0.062363,0.356098,0.533022,0.037262,0.011255,13.454435,10.000000
post_qualifying,hist_gradient_boosting_classifier,2025,24,Abu Dhabi Grand Prix,alonso,Fernando Alonso,Aston Martin,6,points_no_top5,points_no_top5,1,0.000687,0.005246,0.030483,0.843957,0.119626,3.983673,8.000000
post_qualifying,hist_gradient_boosting_classifier,2025,24,Abu Dhabi Grand Prix,ocon,Esteban Ocon,Haas F1 Team,7,points_no_top5,no_points,2,0.000520,0.000655,0.060003,0.412568,0.526254,2.416622,6.000000
post_qualifying,hist_gradient_boosting_classifier,2025,24,Abu Dhabi Grand Prix,hamilton,Lewis Hamilton,Ferrari,8,points_no_top5,no_points,2,0.000282,0.009418,0.020921,0.258401,0.710978,1.477868,4.000000
post_qualifying,hist_gradient_boosting_classifier,2025,24,Abu Dhabi Grand Prix,hulkenberg,Nico Hülkenberg,Sauber,9,points_no_top5,no_points,2,0.000021,0.000351,0.000854,0.128036,0.870739,0.553450,2.000000
post_qualifying,hist_gradient_boosting_classifier,2025,24,Abu Dhabi Grand Prix,stroll,Lance Stroll,Aston Martin,10,points_no_top5,no_points,2,0.000031,0.000570,0.001395,0.276982,0.721022,1.188855,1.000000
post_qualifying,hist_gradient_boosting_classifier,2025,24,Abu Dhabi Grand Prix,bortoleto,Gabriel Bortoleto,Sauber,11,no_points,points_no_top5,2,0.000857,0.005368,0.110991,0.545642,0.337142,3.622589,0.000000
post_qualifying,hist_gradient_boosting_classifier,2025,24,Abu Dhabi Grand Prix,bearman,Oliver Bearman,Haas F1 Team,12,no_points,no_points,1,0.000300,0.000519,0.003231,0.197728,0.798221,0.882080,0.000000
post_qualifying,hist_gradient_boosting_classifier,2025,24,Abu Dhabi Grand Prix,sainz,Carlos Sainz,Williams,13,no_points,points_no_top5,2,0.000039,0.006339,0.081260,0.529817,0.382546,3.224661,0.000000
post_qualifying,hist_gradient_boosting_classifier,2025,24,Abu Dhabi Grand Prix,tsunoda,Yuki Tsunoda,Red Bull,14,no_points,no_points,1,0.000368,0.006662,0.073389,0.356920,0.562660,2.425482,0.000000
post_qualifying,hist_gradient_boosting_classifier,2025,24,Abu Dhabi Grand Prix,antonelli,Andrea Kimi Antonelli,Mercedes,15,no_points,no_points,1,0.005098,0.052252,0.125635,0.324344,0.492670,3.733854,0.000000
post_qualifying,hist_gradient_boosting_classifier,2025,24,Abu Dhabi Grand Prix,albon,Alexander Albon,Williams,16,no_points,no_points,1,0.000033,0.001009,0.005989,0.136234,0.856734,0.655542,0.000000
post_qualifying,hist_gradient_boosting_classifier,2025,24,Abu Dhabi Grand Prix,hadjar,Isack Hadjar,RB F1 Team,17,no_points,points_no_top5,2,0.000280,0.006420,0.024819,0.540018,0.428463,2.654019,0.000000
post_qualifying,hist_gradient_boosting_classifier,2025,24,Abu Dhabi Grand Prix,lawson,Liam Lawson,RB F1 Team,18,no_points,no_points,1,0.000026,0.007372,0.001536,0.193284,0.797782,0.950983,0.000000
post_qualifying,hist_gradient_boosting_classifier,2025,24,Abu Dhabi Grand Prix,gasly,Pierre Gasly,Alpine F1 Team,19,no_points,no_points,1,0.000011,0.004907,0.000271,0.036239,0.958572,0.236423,0.000000
post_qualifying,hist_gradient_boosting_classifier,2025,24,Abu Dhabi Grand Prix,colapinto,Franco Colapinto,Alpine F1 Team,20,no_points,no_points,1,0.000006,0.000099,0.000112,0.036421,0.963363,0.155966,0.000000
pre_race,logistic_regression_multinomial,2025,1,Australian Grand Prix,norris,Lando Norris,McLaren,1,win,podium_no_win,4,0.144792,0.324057,0.308358,0.172403,0.050391,13.082764,25.000000
pre_race,logistic_regression_multinomial,2025,1,Australian Grand Prix,max_verstappen,Max Verstappen,Red Bull,2,podium_no_win,win,3,0.464893,0.187272,0.235032,0.075519,0.037284,17.614847,18.000000
pre_race,logistic_regression_multinomial,2025,1,Australian Grand Prix,russell,George Russell,Mercedes,3,podium_no_win,top5_no_podium,2,0.222648,0.249454,0.383177,0.087774,0.056948,14.265783,15.000000
pre_race,logistic_regression_multinomial,2025,1,Australian Grand Prix,antonelli,Andrea Kimi Antonelli,Mercedes,4,top5_no_podium,points_no_top5,3,0.024984,0.266178,0.218922,0.329712,0.160204,8.809459,12.000000
pre_race,logistic_regression_multinomial,2025,1,Australian Grand Prix,albon,Alexander Albon,Williams,5,top5_no_podium,points_no_top5,3,0.000061,0.037756,0.205048,0.387777,0.369358,4.508690,10.000000
pre_race,logistic_regression_multinomial,2025,1,Australian Grand Prix,stroll,Lance Stroll,Aston Martin,6,points_no_top5,points_no_top5,1,0.000003,0.099112,0.092927,0.460172,0.347786,4.590337,8.000000
pre_race,logistic_regression_multinomial,2025,1,Australian Grand Prix,hulkenberg,Nico Hülkenberg,Sauber,7,points_no_top5,points_no_top5,1,0.000049,0.000334,0.161479,0.482487,0.355651,3.809444,6.000000
pre_race,logistic_regression_multinomial,2025,1,Australian Grand Prix,leclerc,Charles Leclerc,Ferrari,8,points_no_top5,top5_no_podium,4,0.209449,0.347801,0.351685,0.048692,0.042373,15.047983,4.000000
pre_race,logistic_regression_multinomial,2025,1,Australian Grand Prix,piastri,Oscar Piastri,McLaren,9,points_no_top5,top5_no_podium,3,0.107155,0.270321,0.358031,0.186492,0.078002,11.860767,2.000000
pre_race,logistic_regression_multinomial,2025,1,Australian Grand Prix,hamilton,Lewis Hamilton,Ferrari,10,points_no_top5,podium_no_win,4,0.268639,0.317695,0.300681,0.061645,0.051341,15.524330,1.000000
pre_race,logistic_regression_multinomial,2025,1,Australian Grand Prix,gasly,Pierre Gasly,Alpine F1 Team,11,no_points,points_no_top5,3,0.007683,0.218130,0.154242,0.464589,0.155356,7.439155,0.000000
pre_race,logistic_regression_multinomial,2025,1,Australian Grand Prix,tsunoda,Yuki Tsunoda,RB F1 Team,12,no_points,points_no_top5,2,0.000005,0.000024,0.000274,0.576669,0.423028,2.425551,0.000000
pre_race,logistic_regression_multinomial,2025,1,Australian Grand Prix,ocon,Esteban Ocon,Haas F1 Team,13,no_points,points_no_top5,2,0.072129,0.003392,0.101181,0.490366,0.332933,5.031714,0.000000
pre_race,logistic_regression_multinomial,2025,1,Australian Grand Prix,bearman,Oliver Bearman,Haas F1 Team,14,no_points,points_no_top5,2,0.000044,0.000002,0.000150,0.819898,0.179907,3.446354,0.000000
pre_race,logistic_regression_multinomial,2025,1,Australian Grand Prix,lawson,Liam Lawson,Red Bull,15,no_points,points_no_top5,2,0.013547,0.021035,0.007598,0.584609,0.373210,3.224705,0.000000
pre_race,logistic_regression_multinomial,2025,1,Australian Grand Prix,bortoleto,Gabriel Bortoleto,Sauber,16,no_points,no_points,1,0.000293,0.032502,0.091004,0.391655,0.484545,3.189614,0.000000
pre_race,logistic_regression_multinomial,2025,1,Australian Grand Prix,alonso,Fernando Alonso,Aston Martin,17,no_points,points_no_top5,4,0.000630,0.188503,0.210392,0.468117,0.132358,7.406462,0.000000
pre_race,logistic_regression_multinomial,2025,1,Australian Grand Prix,sainz,Carlos Sainz,Williams,18,no_points,points_no_top5,3,0.020082,0.098387,0.253336,0.426547,0.201648,6.703631,0.000000
pre_race,logistic_regression_multinomial,2025,1,Australian Grand Prix,doohan,Jack Doohan,Alpine F1 Team,19,no_points,no_points,1,0.000098,0.000310,0.000063,0.000159,0.999370,0.008921,0.000000
pre_race,logistic_regression_multinomial,2025,1,Australian Grand Prix,hadjar,Isack Hadjar,RB F1 Team,20,no_points,no_points,1,0.000353,0.000866,0.000500,0.477570,0.520712,2.034394,0.000000
pre_race,logistic_regression_multinomial,2025,2,Chinese Grand Prix,piastri,Oscar Piastri,McLaren,1,win,top5_no_podium,4,0.104470,0.251440,0.419761,0.175714,0.048615,12.115886,25.000000
pre_race,logistic_regression_multinomial,2025,2,Chinese Grand Prix,norris,Lando Norris,McLaren,2,podium_no_win,podium_no_win,1,0.183827,0.377573,0.292255,0.118357,0.027989,14.537524,18.000000
pre_race,logistic_regression_multinomial,2025,2,Chinese Grand Prix,russell,George Russell,Mercedes,3,podium_no_win,top5_no_podium,2,0.124645,0.215018,0.495091,0.116981,0.048265,12.601236,15.000000
pre_race,logistic_regression_multinomial,2025,2,Chinese Grand Prix,max_verstappen,Max Verstappen,Red Bull,4,top5_no_podium,win,2,0.361327,0.217691,0.289007,0.083157,0.048818,16.153418,12.000000
pre_race,logistic_regression_multinomial,2025,2,Chinese Grand Prix,ocon,Esteban Ocon,Haas F1 Team,5,top5_no_podium,no_points,3,0.005961,0.000950,0.055677,0.429522,0.507890,2.581133,10.000000
pre_race,logistic_regression_multinomial,2025,2,Chinese Grand Prix,antonelli,Andrea Kimi Antonelli,Mercedes,6,points_no_top5,points_no_top5,1,0.020866,0.208950,0.075045,0.551662,0.143477,7.111797,8.000000
pre_race,logistic_regression_multinomial,2025,2,Chinese Grand Prix,albon,Alexander Albon,Williams,7,points_no_top5,points_no_top5,1,0.000027,0.029212,0.219328,0.433010,0.318423,4.713924,6.000000
pre_race,logistic_regression_multinomial,2025,2,Chinese Grand Prix,bearman,Oliver Bearman,Haas F1 Team,8,points_no_top5,points_no_top5,1,0.000005,0.000000,0.000064,0.701984,0.297947,2.949163,4.000000
pre_race,logistic_regression_multinomial,2025,2,Chinese Grand Prix,stroll,Lance Stroll,Aston Martin,9,points_no_top5,points_no_top5,1,0.000001,0.065042,0.083620,0.490950,0.360388,4.055025,2.000000
pre_race,logistic_regression_multinomial,2025,2,Chinese Grand Prix,sainz,Carlos Sainz,Williams,10,points_no_top5,points_no_top5,1,0.009694,0.071817,0.247956,0.470796,0.199737,6.132193,1.000000
pre_race,logistic_regression_multinomial,2025,2,Chinese Grand Prix,hadjar,Isack Hadjar,RB F1 Team,11,no_points,no_points,1,0.000020,0.000109,0.000023,0.217190,0.782658,0.914748,0.000000
pre_race,logistic_regression_multinomial,2025,2,Chinese Grand Prix,lawson,Liam Lawson,Red Bull,12,no_points,points_no_top5,2,0.008834,0.015234,0.007885,0.624493,0.343555,3.181816,0.000000
pre_race,logistic_regression_multinomial,2025,2,Chinese Grand Prix,doohan,Jack Doohan,Alpine F1 Team,13,no_points,no_points,1,0.000019,0.000071,0.000050,0.000088,0.999773,0.002554,0.000000
pre_race,logistic_regression_multinomial,2025,2,Chinese Grand Prix,bortoleto,Gabriel Bortoleto,Sauber,14,no_points,no_points,1,0.000032,0.007164,0.008268,0.287003,0.697533,1.415377,0.000000
pre_race,logistic_regression_multinomial,2025,2,Chinese Grand Prix,hulkenberg,Nico Hülkenberg,Sauber,15,no_points,points_no_top5,2,0.000012,0.000170,0.112356,0.455573,0.431889,3.152428,0.000000
pre_race,logistic_regression_multinomial,2025,2,Chinese Grand Prix,tsunoda,Yuki Tsunoda,RB F1 Team,16,no_points,no_points,1,0.000001,0.000006,0.000105,0.429593,0.570296,1.805549,0.000000
pre_race,logistic_regression_multinomial,2025,2,Chinese Grand Prix,alonso,Fernando Alonso,Aston Martin,17,no_points,points_no_top5,2,0.000303,0.119412,0.162614,0.547221,0.170451,6.064945,0.000000
pre_race,logistic_regression_multinomial,2025,2,Chinese Grand Prix,leclerc,Charles Leclerc,Ferrari,18,no_points,top5_no_podium,3,0.050333,0.227402,0.411466,0.141051,0.169747,10.129011,0.000000
pre_race,logistic_regression_multinomial,2025,2,Chinese Grand Prix,hamilton,Lewis Hamilton,Ferrari,19,no_points,top5_no_podium,4,0.055491,0.198308,0.398550,0.174786,0.172865,9.777513,0.000000
pre_race,logistic_regression_multinomial,2025,2,Chinese Grand Prix,gasly,Pierre Gasly,Alpine F1 Team,20,no_points,points_no_top5,2,0.000878,0.069664,0.097559,0.550889,0.281010,4.558291,0.000000
pre_race,logistic_regression_multinomial,2025,3,Japanese Grand Prix,max_verstappen,Max Verstappen,Red Bull,1,win,top5_no_podium,3,0.167371,0.189303,0.443763,0.138951,0.060612,12.772767,25.000000
pre_race,logistic_regression_multinomial,2025,3,Japanese Grand Prix,norris,Lando Norris,McLaren,2,podium_no_win,podium_no_win,1,0.208050,0.395832,0.268696,0.102787,0.024634,15.119858,18.000000
pre_race,logistic_regression_multinomial,2025,3,Japanese Grand Prix,piastri,Oscar Piastri,McLaren,3,podium_no_win,top5_no_podium,2,0.089334,0.308001,0.454339,0.115616,0.032711,12.798667,15.000000
pre_race,logistic_regression_multinomial,2025,3,Japanese Grand Prix,leclerc,Charles Leclerc,Ferrari,4,top5_no_podium,top5_no_podium,1,0.015354,0.127238,0.408330,0.199245,0.249832,7.811749,12.000000
pre_race,logistic_regression_multinomial,2025,3,Japanese Grand Prix,russell,George Russell,Mercedes,5,top5_no_podium,top5_no_podium,1,0.071576,0.194743,0.542932,0.110888,0.079860,11.440652,10.000000
pre_race,logistic_regression_multinomial,2025,3,Japanese Grand Prix,antonelli,Andrea Kimi Antonelli,Mercedes,6,points_no_top5,points_no_top5,1,0.017663,0.172616,0.216616,0.430728,0.162377,7.481581,8.000000
pre_race,logistic_regression_multinomial,2025,3,Japanese Grand Prix,hamilton,Lewis Hamilton,Ferrari,7,points_no_top5,top5_no_podium,3,0.025336,0.113427,0.332326,0.257671,0.271240,7.242760,6.000000
pre_race,logistic_regression_multinomial,2025,3,Japanese Grand Prix,hadjar,Isack Hadjar,RB F1 Team,8,points_no_top5,no_points,2,0.000011,0.000061,0.000061,0.233501,0.766365,0.982672,4.000000
pre_race,logistic_regression_multinomial,2025,3,Japanese Grand Prix,albon,Alexander Albon,Williams,9,points_no_top5,points_no_top5,1,0.000017,0.023387,0.246189,0.445955,0.284452,4.967400,2.000000
pre_race,logistic_regression_multinomial,2025,3,Japanese Grand Prix,bearman,Oliver Bearman,Haas F1 Team,10,points_no_top5,points_no_top5,1,0.000008,0.000001,0.000107,0.801789,0.198095,3.368907,1.000000
pre_race,logistic_regression_multinomial,2025,3,Japanese Grand Prix,alonso,Fernando Alonso,Aston Martin,11,no_points,points_no_top5,2,0.000137,0.073660,0.137981,0.558349,0.229872,5.081687,0.000000
pre_race,logistic_regression_multinomial,2025,3,Japanese Grand Prix,tsunoda,Yuki Tsunoda,Red Bull,12,no_points,points_no_top5,2,0.000175,0.002249,0.128640,0.606651,0.262286,4.004441,0.000000
pre_race,logistic_regression_multinomial,2025,3,Japanese Grand Prix,gasly,Pierre Gasly,Alpine F1 Team,13,no_points,points_no_top5,2,0.000332,0.036643,0.071252,0.514425,0.377349,3.557259,0.000000
pre_race,logistic_regression_multinomial,2025,3,Japanese Grand Prix,sainz,Carlos Sainz,Williams,14,no_points,points_no_top5,3,0.004982,0.054769,0.262717,0.467938,0.209593,5.883480,0.000000
pre_race,logistic_regression_multinomial,2025,3,Japanese Grand Prix,doohan,Jack Doohan,Alpine F1 Team,15,no_points,no_points,1,0.000012,0.000036,0.000106,0.000084,0.999762,0.002414,0.000000
pre_race,logistic_regression_multinomial,2025,3,Japanese Grand Prix,hulkenberg,Nico Hülkenberg,Sauber,16,no_points,no_points,1,0.000004,0.000093,0.095256,0.434197,0.470450,2.873080,0.000000
pre_race,logistic_regression_multinomial,2025,3,Japanese Grand Prix,lawson,Liam Lawson,RB F1 Team,17,no_points,no_points,1,0.000004,0.000009,0.000003,0.396389,0.603595,1.665121,0.000000
pre_race,logistic_regression_multinomial,2025,3,Japanese Grand Prix,ocon,Esteban Ocon,Haas F1 Team,18,no_points,points_no_top5,2,0.010540,0.001704,0.117869,0.534945,0.334942,3.834947,0.000000
pre_race,logistic_regression_multinomial,2025,3,Japanese Grand Prix,bortoleto,Gabriel Bortoleto,Sauber,19,no_points,no_points,1,0.000023,0.004103,0.018519,0.274225,0.703131,1.423721,0.000000
pre_race,logistic_regression_multinomial,2025,3,Japanese Grand Prix,stroll,Lance Stroll,Aston Martin,20,no_points,points_no_top5,2,0.000000,0.035604,0.080556,0.501363,0.382477,3.579307,0.000000
pre_race,logistic_regression_multinomial,2025,4,Bahrain Grand Prix,piastri,Oscar Piastri,McLaren,1,win,podium_no_win,3,0.189357,0.363458,0.288746,0.111103,0.047336,14.373832,25.000000
pre_race,logistic_regression_multinomial,2025,4,Bahrain Grand Prix,russell,George Russell,Mercedes,2,podium_no_win,top5_no_podium,2,0.119968,0.207804,0.417273,0.128979,0.125976,11.559678,18.000000
pre_race,logistic_regression_multinomial,2025,4,Bahrain Grand Prix,norris,Lando Norris,McLaren,3,podium_no_win,podium_no_win,1,0.259203,0.414178,0.197079,0.096352,0.033188,15.886559,15.000000
pre_race,logistic_regression_multinomial,2025,4,Bahrain Grand Prix,leclerc,Charles Leclerc,Ferrari,4,top5_no_podium,top5_no_podium,1,0.046313,0.187146,0.410567,0.215194,0.140780,9.665785,12.000000
pre_race,logistic_regression_multinomial,2025,4,Bahrain Grand Prix,hamilton,Lewis Hamilton,Ferrari,5,top5_no_podium,points_no_top5,2,0.069073,0.142669,0.276309,0.305824,0.206125,8.404722,10.000000
pre_race,logistic_regression_multinomial,2025,4,Bahrain Grand Prix,max_verstappen,Max Verstappen,Red Bull,6,points_no_top5,win,4,0.399249,0.214598,0.234498,0.084351,0.067303,16.455862,8.000000
pre_race,logistic_regression_multinomial,2025,4,Bahrain Grand Prix,gasly,Pierre Gasly,Alpine F1 Team,7,points_no_top5,no_points,2,0.000250,0.023907,0.035411,0.402220,0.538212,2.479563,6.000000
pre_race,logistic_regression_multinomial,2025,4,Bahrain Grand Prix,ocon,Esteban Ocon,Haas F1 Team,8,points_no_top5,no_points,2,0.008952,0.001222,0.067268,0.460033,0.462524,2.916064,4.000000
pre_race,logistic_regression_multinomial,2025,4,Bahrain Grand Prix,tsunoda,Yuki Tsunoda,Red Bull,9,points_no_top5,points_no_top5,1,0.000329,0.003028,0.117531,0.512707,0.366405,3.504400,2.000000
pre_race,logistic_regression_multinomial,2025,4,Bahrain Grand Prix,bearman,Oliver Bearman,Haas F1 Team,10,points_no_top5,points_no_top5,1,0.000008,0.000000,0.000061,0.720383,0.279548,3.026481,1.000000
pre_race,logistic_regression_multinomial,2025,4,Bahrain Grand Prix,antonelli,Andrea Kimi Antonelli,Mercedes,11,no_points,points_no_top5,3,0.036421,0.147864,0.322585,0.323543,0.169587,8.257604,0.000000
pre_race,logistic_regression_multinomial,2025,4,Bahrain Grand Prix,albon,Alexander Albon,Williams,12,no_points,no_points,1,0.000018,0.020922,0.160313,0.402379,0.416368,3.799095,0.000000
pre_race,logistic_regression_multinomial,2025,4,Bahrain Grand Prix,hadjar,Isack Hadjar,RB F1 Team,13,no_points,no_points,1,0.000028,0.000066,0.000116,0.197316,0.802475,0.831786,0.000000
pre_race,logistic_regression_multinomial,2025,4,Bahrain Grand Prix,doohan,Jack Doohan,Alpine F1 Team,14,no_points,no_points,1,0.000007,0.000018,0.000041,0.000051,0.999883,0.001147,0.000000
pre_race,logistic_regression_multinomial,2025,4,Bahrain Grand Prix,alonso,Fernando Alonso,Aston Martin,15,no_points,points_no_top5,2,0.000132,0.058847,0.082659,0.504500,0.353862,4.002416,0.000000
pre_race,logistic_regression_multinomial,2025,4,Bahrain Grand Prix,lawson,Liam Lawson,RB F1 Team,16,no_points,no_points,1,0.000005,0.000008,0.000002,0.322833,0.677152,1.356182,0.000000
pre_race,logistic_regression_multinomial,2025,4,Bahrain Grand Prix,stroll,Lance Stroll,Aston Martin,17,no_points,no_points,1,0.000000,0.027687,0.041638,0.393393,0.537282,2.567116,0.000000
pre_race,logistic_regression_multinomial,2025,4,Bahrain Grand Prix,bortoleto,Gabriel Bortoleto,Sauber,18,no_points,no_points,1,0.000041,0.003098,0.022833,0.183291,0.790737,1.073132,0.000000
pre_race,logistic_regression_multinomial,2025,4,Bahrain Grand Prix,sainz,Carlos Sainz,Williams,19,no_points,points_no_top5,2,0.004174,0.048894,0.197327,0.431860,0.317745,4.895510,0.000000
pre_race,logistic_regression_multinomial,2025,4,Bahrain Grand Prix,hulkenberg,Nico Hülkenberg,Sauber,20,no_points,no_points,1,0.000004,0.000065,0.044893,0.321427,0.633612,1.844977,0.000000
pre_race,logistic_regression_multinomial,2025,5,Saudi Arabian Grand Prix,piastri,Oscar Piastri,McLaren,1,win,podium_no_win,2,0.368201,0.397333,0.167852,0.048675,0.017940,17.811813,25.000000
pre_race,logistic_regression_multinomial,2025,5,Saudi Arabian Grand Prix,max_verstappen,Max Verstappen,Red Bull,2,podium_no_win,win,3,0.398278,0.233639,0.257466,0.074334,0.036282,16.956336,18.000000
pre_race,logistic_regression_multinomial,2025,5,Saudi Arabian Grand Prix,leclerc,Charles Leclerc,Ferrari,3,podium_no_win,top5_no_podium,2,0.079099,0.289456,0.438662,0.126520,0.066263,12.110159,15.000000
pre_race,logistic_regression_multinomial,2025,5,Saudi Arabian Grand Prix,norris,Lando Norris,McLaren,4,top5_no_podium,podium_no_win,3,0.255028,0.472735,0.194236,0.059961,0.018040,16.564264,12.000000
pre_race,logistic_regression_multinomial,2025,5,Saudi Arabian Grand Prix,russell,George Russell,Mercedes,5,top5_no_podium,top5_no_podium,1,0.162657,0.242867,0.417320,0.097721,0.079434,13.074696,10.000000
pre_race,logistic_regression_multinomial,2025,5,Saudi Arabian Grand Prix,antonelli,Andrea Kimi Antonelli,Mercedes,6,points_no_top5,top5_no_podium,2,0.035700,0.168719,0.371857,0.281643,0.142081,8.949683,8.000000
pre_race,logistic_regression_multinomial,2025,5,Saudi Arabian Grand Prix,hamilton,Lewis Hamilton,Ferrari,7,points_no_top5,top5_no_podium,3,0.129658,0.241050,0.326499,0.197803,0.104989,11.641042,6.000000
pre_race,logistic_regression_multinomial,2025,5,Saudi Arabian Grand Prix,sainz,Carlos Sainz,Williams,8,points_no_top5,points_no_top5,1,0.004841,0.055272,0.218206,0.417612,0.304069,5.187256,4.000000
pre_race,logistic_regression_multinomial,2025,5,Saudi Arabian Grand Prix,albon,Alexander Albon,Williams,9,points_no_top5,no_points,2,0.000016,0.022317,0.174072,0.371536,0.432059,3.843868,2.000000
pre_race,logistic_regression_multinomial,2025,5,Saudi Arabian Grand Prix,hadjar,Isack Hadjar,RB F1 Team,10,points_no_top5,no_points,2,0.000032,0.000088,0.000166,0.215094,0.784620,0.907474,1.000000
pre_race,logistic_regression_multinomial,2025,5,Saudi Arabian Grand Prix,alonso,Fernando Alonso,Aston Martin,11,no_points,points_no_top5,2,0.000196,0.076308,0.106361,0.524141,0.292994,4.635344,0.000000
pre_race,logistic_regression_multinomial,2025,5,Saudi Arabian Grand Prix,lawson,Liam Lawson,RB F1 Team,12,no_points,no_points,1,0.000008,0.000011,0.000002,0.327025,0.672954,1.373900,0.000000
pre_race,logistic_regression_multinomial,2025,5,Saudi Arabian Grand Prix,bearman,Oliver Bearman,Haas F1 Team,13,no_points,points_no_top5,2,0.000018,0.000001,0.000112,0.790853,0.209015,3.323291,0.000000
pre_race,logistic_regression_multinomial,2025,5,Saudi Arabian Grand Prix,ocon,Esteban Ocon,Haas F1 Team,14,no_points,points_no_top5,2,0.024990,0.002515,0.116588,0.520416,0.335491,4.134458,0.000000
pre_race,logistic_regression_multinomial,2025,5,Saudi Arabian Grand Prix,hulkenberg,Nico Hülkenberg,Sauber,15,no_points,no_points,1,0.000007,0.000107,0.057847,0.310559,0.631480,1.942613,0.000000
pre_race,logistic_regression_multinomial,2025,5,Saudi Arabian Grand Prix,stroll,Lance Stroll,Aston Martin,16,no_points,no_points,1,0.000001,0.038425,0.049909,0.391795,0.519870,2.828569,0.000000
pre_race,logistic_regression_multinomial,2025,5,Saudi Arabian Grand Prix,doohan,Jack Doohan,Alpine F1 Team,17,no_points,no_points,1,0.000036,0.000060,0.000122,0.000095,0.999686,0.003642,0.000000
pre_race,logistic_regression_multinomial,2025,5,Saudi Arabian Grand Prix,bortoleto,Gabriel Bortoleto,Sauber,18,no_points,no_points,1,0.000080,0.004902,0.032395,0.208129,0.754494,1.313375,0.000000
pre_race,logistic_regression_multinomial,2025,5,Saudi Arabian Grand Prix,tsunoda,Yuki Tsunoda,Red Bull,19,no_points,points_no_top5,2,0.000478,0.004006,0.139739,0.580206,0.275570,4.052049,0.000000
pre_race,logistic_regression_multinomial,2025,5,Saudi Arabian Grand Prix,gasly,Pierre Gasly,Alpine F1 Team,20,no_points,points_no_top5,2,0.001012,0.076825,0.083521,0.465426,0.373216,4.166435,0.000000
pre_race,logistic_regression_multinomial,2025,6,Miami Grand Prix,piastri,Oscar Piastri,McLaren,1,win,win,1,0.430208,0.357182,0.140415,0.053073,0.019122,18.416186,25.000000
pre_race,logistic_regression_multinomial,2025,6,Miami Grand Prix,norris,Lando Norris,McLaren,2,podium_no_win,podium_no_win,1,0.280264,0.431683,0.202315,0.068945,0.016792,16.644410,18.000000
pre_race,logistic_regression_multinomial,2025,6,Miami Grand Prix,russell,George Russell,Mercedes,3,podium_no_win,top5_no_podium,2,0.179493,0.224205,0.398675,0.127445,0.070183,13.107395,15.000000
pre_race,logistic_regression_multinomial,2025,6,Miami Grand Prix,max_verstappen,Max Verstappen,Red Bull,4,top5_no_podium,win,3,0.525113,0.196564,0.176340,0.061502,0.040481,18.569185,12.000000
pre_race,logistic_regression_multinomial,2025,6,Miami Grand Prix,albon,Alexander Albon,Williams,5,top5_no_podium,points_no_top5,3,0.000022,0.020250,0.154875,0.421839,0.403015,3.810017,10.000000
pre_race,logistic_regression_multinomial,2025,6,Miami Grand Prix,antonelli,Andrea Kimi Antonelli,Mercedes,6,points_no_top5,points_no_top5,1,0.042935,0.137627,0.282790,0.386277,0.150370,8.077281,8.000000
pre_race,logistic_regression_multinomial,2025,6,Miami Grand Prix,leclerc,Charles Leclerc,Ferrari,7,points_no_top5,top5_no_podium,4,0.132876,0.305247,0.382909,0.114014,0.064954,13.049334,6.000000
pre_race,logistic_regression_multinomial,2025,6,Miami Grand Prix,hamilton,Lewis Hamilton,Ferrari,8,points_no_top5,top5_no_podium,3,0.156939,0.252448,0.345327,0.161539,0.083747,12.565929,4.000000
pre_race,logistic_regression_multinomial,2025,6,Miami Grand Prix,sainz,Carlos Sainz,Williams,9,points_no_top5,points_no_top5,1,0.007413,0.058831,0.213664,0.452789,0.267303,5.408057,2.000000
pre_race,logistic_regression_multinomial,2025,6,Miami Grand Prix,tsunoda,Yuki Tsunoda,Red Bull,10,points_no_top5,points_no_top5,1,0.000694,0.004093,0.135566,0.549908,0.309739,3.885727,1.000000
pre_race,logistic_regression_multinomial,2025,6,Miami Grand Prix,hadjar,Isack Hadjar,RB F1 Team,11,no_points,no_points,1,0.000036,0.000075,0.000138,0.224930,0.774822,0.948356,0.000000
pre_race,logistic_regression_multinomial,2025,6,Miami Grand Prix,ocon,Esteban Ocon,Haas F1 Team,12,no_points,points_no_top5,2,0.013530,0.001375,0.070900,0.490102,0.424093,3.199264,0.000000
pre_race,logistic_regression_multinomial,2025,6,Miami Grand Prix,gasly,Pierre Gasly,Alpine F1 Team,13,no_points,points_no_top5,2,0.001114,0.064559,0.068782,0.488893,0.376652,3.903031,0.000000
pre_race,logistic_regression_multinomial,2025,6,Miami Grand Prix,hulkenberg,Nico Hülkenberg,Sauber,14,no_points,no_points,1,0.000008,0.000089,0.047109,0.322589,0.630205,1.874739,0.000000
pre_race,logistic_regression_multinomial,2025,6,Miami Grand Prix,alonso,Fernando Alonso,Aston Martin,15,no_points,points_no_top5,2,0.000174,0.057174,0.090221,0.569946,0.282486,4.333908,0.000000
pre_race,logistic_regression_multinomial,2025,6,Miami Grand Prix,stroll,Lance Stroll,Aston Martin,16,no_points,no_points,1,0.000001,0.032409,0.037354,0.385599,0.544638,2.565165,0.000000
pre_race,logistic_regression_multinomial,2025,6,Miami Grand Prix,lawson,Liam Lawson,RB F1 Team,17,no_points,no_points,1,0.000008,0.000009,0.000002,0.336153,0.663828,1.412221,0.000000
pre_race,logistic_regression_multinomial,2025,6,Miami Grand Prix,bortoleto,Gabriel Bortoleto,Sauber,18,no_points,no_points,1,0.000097,0.004226,0.025124,0.207445,0.763107,1.219807,0.000000
pre_race,logistic_regression_multinomial,2025,6,Miami Grand Prix,bearman,Oliver Bearman,Haas F1 Team,19,no_points,points_no_top5,2,0.000011,0.000001,0.000070,0.751377,0.248541,3.156841,0.000000
pre_race,logistic_regression_multinomial,2025,6,Miami Grand Prix,doohan,Jack Doohan,Alpine F1 Team,20,no_points,no_points,1,0.000043,0.000051,0.000094,0.000094,0.999718,0.003353,0.000000
pre_race,logistic_regression_multinomial,2025,7,Emilia Romagna Grand Prix,max_verstappen,Max Verstappen,Red Bull,1,win,win,1,0.494190,0.241345,0.185757,0.058861,0.019847,18.627491,25.000000
pre_race,logistic_regression_multinomial,2025,7,Emilia Romagna Grand Prix,norris,Lando Norris,McLaren,2,podium_no_win,podium_no_win,1,0.337449,0.486099,0.136609,0.034155,0.005688,18.103006,18.000000
pre_race,logistic_regression_multinomial,2025,7,Emilia Romagna Grand Prix,piastri,Oscar Piastri,McLaren,3,podium_no_win,win,2,0.565279,0.342467,0.068716,0.019077,0.004462,20.618670,15.000000
pre_race,logistic_regression_multinomial,2025,7,Emilia Romagna Grand Prix,hamilton,Lewis Hamilton,Ferrari,4,top5_no_podium,top5_no_podium,1,0.203015,0.308446,0.312012,0.129560,0.046968,14.141015,12.000000
pre_race,logistic_regression_multinomial,2025,7,Emilia Romagna Grand Prix,albon,Alexander Albon,Williams,5,top5_no_podium,points_no_top5,3,0.000065,0.052545,0.232263,0.440628,0.274499,5.274146,10.000000
pre_race,logistic_regression_multinomial,2025,7,Emilia Romagna Grand Prix,leclerc,Charles Leclerc,Ferrari,6,points_no_top5,podium_no_win,4,0.150458,0.372649,0.349978,0.089254,0.037660,14.134799,8.000000
pre_race,logistic_regression_multinomial,2025,7,Emilia Romagna Grand Prix,russell,George Russell,Mercedes,7,points_no_top5,top5_no_podium,4,0.278980,0.293975,0.311699,0.074929,0.040417,15.568480,6.000000
pre_race,logistic_regression_multinomial,2025,7,Emilia Romagna Grand Prix,sainz,Carlos Sainz,Williams,8,points_no_top5,points_no_top5,1,0.012890,0.123637,0.300674,0.401807,0.160992,7.357261,4.000000
pre_race,logistic_regression_multinomial,2025,7,Emilia Romagna Grand Prix,hadjar,Isack Hadjar,RB F1 Team,9,points_no_top5,no_points,2,0.000076,0.000154,0.000203,0.286779,0.712788,1.211143,2.000000
pre_race,logistic_regression_multinomial,2025,7,Emilia Romagna Grand Prix,tsunoda,Yuki Tsunoda,Red Bull,10,points_no_top5,points_no_top5,1,0.001060,0.005912,0.142328,0.647370,0.203330,4.408605,1.000000
pre_race,logistic_regression_multinomial,2025,7,Emilia Romagna Grand Prix,alonso,Fernando Alonso,Aston Martin,11,no_points,points_no_top5,2,0.000374,0.112571,0.112498,0.567550,0.207006,5.487973,0.000000
pre_race,logistic_regression_multinomial,2025,7,Emilia Romagna Grand Prix,hulkenberg,Nico Hülkenberg,Sauber,12,no_points,no_points,1,0.000018,0.000186,0.071437,0.403880,0.524479,2.485616,0.000000
pre_race,logistic_regression_multinomial,2025,7,Emilia Romagna Grand Prix,gasly,Pierre Gasly,Alpine F1 Team,13,no_points,points_no_top5,2,0.002234,0.118918,0.087966,0.518165,0.272716,5.161926,0.000000
pre_race,logistic_regression_multinomial,2025,7,Emilia Romagna Grand Prix,lawson,Liam Lawson,RB F1 Team,14,no_points,no_points,1,0.000018,0.000019,0.000003,0.420030,0.579930,1.764930,0.000000
pre_race,logistic_regression_multinomial,2025,7,Emilia Romagna Grand Prix,stroll,Lance Stroll,Aston Martin,15,no_points,points_no_top5,2,0.000001,0.064690,0.056048,0.455163,0.424097,3.595636,0.000000
pre_race,logistic_regression_multinomial,2025,7,Emilia Romagna Grand Prix,colapinto,Franco Colapinto,Alpine F1 Team,16,no_points,no_points,1,0.001832,0.001567,0.000560,0.492182,0.503858,2.144994,0.000000
pre_race,logistic_regression_multinomial,2025,7,Emilia Romagna Grand Prix,bearman,Oliver Bearman,Haas F1 Team,17,no_points,points_no_top5,2,0.000029,0.000001,0.000087,0.795813,0.204069,3.344126,0.000000
pre_race,logistic_regression_multinomial,2025,7,Emilia Romagna Grand Prix,bortoleto,Gabriel Bortoleto,Sauber,18,no_points,no_points,1,0.000227,0.009824,0.041167,0.268911,0.679871,1.750044,0.000000
pre_race,logistic_regression_multinomial,2025,7,Emilia Romagna Grand Prix,antonelli,Andrea Kimi Antonelli,Mercedes,19,no_points,top5_no_podium,4,0.073867,0.235335,0.334454,0.268358,0.087986,10.535809,0.000000
pre_race,logistic_regression_multinomial,2025,7,Emilia Romagna Grand Prix,ocon,Esteban Ocon,Haas F1 Team,20,no_points,points_no_top5,2,0.022842,0.002517,0.102611,0.560463,0.311567,4.095242,0.000000
pre_race,logistic_regression_multinomial,2025,8,Monaco Grand Prix,norris,Lando Norris,McLaren,1,win,podium_no_win,2,0.274912,0.462753,0.195496,0.055548,0.011291,16.891990,25.000000
pre_race,logistic_regression_multinomial,2025,8,Monaco Grand Prix,leclerc,Charles Leclerc,Ferrari,2,podium_no_win,top5_no_podium,2,0.085941,0.291414,0.435225,0.121290,0.066129,12.253762,18.000000
pre_race,logistic_regression_multinomial,2025,8,Monaco Grand Prix,piastri,Oscar Piastri,McLaren,3,podium_no_win,win,2,0.408441,0.392048,0.140914,0.044822,0.013774,18.418130,15.000000
pre_race,logistic_regression_multinomial,2025,8,Monaco Grand Prix,max_verstappen,Max Verstappen,Red Bull,4,top5_no_podium,win,3,0.532493,0.217208,0.172144,0.050559,0.027597,19.002180,12.000000
pre_race,logistic_regression_multinomial,2025,8,Monaco Grand Prix,hamilton,Lewis Hamilton,Ferrari,5,top5_no_podium,top5_no_podium,1,0.133477,0.246819,0.374939,0.169621,0.075144,12.246175,10.000000
pre_race,logistic_regression_multinomial,2025,8,Monaco Grand Prix,hadjar,Isack Hadjar,RB F1 Team,6,points_no_top5,no_points,2,0.000061,0.000141,0.000274,0.313730,0.685795,1.324514,8.000000
pre_race,logistic_regression_multinomial,2025,8,Monaco Grand Prix,ocon,Esteban Ocon,Haas F1 Team,7,points_no_top5,points_no_top5,1,0.011168,0.001448,0.079712,0.496093,0.411579,3.263516,6.000000
pre_race,logistic_regression_multinomial,2025,8,Monaco Grand Prix,lawson,Liam Lawson,RB F1 Team,8,points_no_top5,no_points,2,0.000015,0.000015,0.000004,0.458269,0.541697,1.925385,4.000000
pre_race,logistic_regression_multinomial,2025,8,Monaco Grand Prix,albon,Alexander Albon,Williams,9,points_no_top5,points_no_top5,1,0.000046,0.041161,0.239710,0.428348,0.290735,5.116184,2.000000
pre_race,logistic_regression_multinomial,2025,8,Monaco Grand Prix,sainz,Carlos Sainz,Williams,10,points_no_top5,points_no_top5,1,0.006014,0.085306,0.336976,0.400435,0.171269,6.946469,1.000000
pre_race,logistic_regression_multinomial,2025,8,Monaco Grand Prix,russell,George Russell,Mercedes,11,no_points,top5_no_podium,5,0.129544,0.225029,0.447371,0.131323,0.066734,12.424203,0.000000
pre_race,logistic_regression_multinomial,2025,8,Monaco Grand Prix,bearman,Oliver Bearman,Haas F1 Team,12,no_points,points_no_top5,2,0.000015,0.000001,0.000069,0.741902,0.258014,3.117119,0.000000
pre_race,logistic_regression_multinomial,2025,8,Monaco Grand Prix,colapinto,Franco Colapinto,Alpine F1 Team,13,no_points,no_points,1,0.000505,0.000637,0.000371,0.388396,0.610091,1.658482,0.000000
pre_race,logistic_regression_multinomial,2025,8,Monaco Grand Prix,bortoleto,Gabriel Bortoleto,Sauber,14,no_points,no_points,1,0.000062,0.004061,0.027564,0.203636,0.764678,1.227016,0.000000
pre_race,logistic_regression_multinomial,2025,8,Monaco Grand Prix,stroll,Lance Stroll,Aston Martin,15,no_points,no_points,1,0.000001,0.033830,0.048192,0.435117,0.482861,2.915808,0.000000
pre_race,logistic_regression_multinomial,2025,8,Monaco Grand Prix,hulkenberg,Nico Hülkenberg,Sauber,16,no_points,no_points,1,0.000004,0.000072,0.053328,0.351206,0.595390,2.062965,0.000000
pre_race,logistic_regression_multinomial,2025,8,Monaco Grand Prix,tsunoda,Yuki Tsunoda,Red Bull,17,no_points,points_no_top5,2,0.000641,0.004811,0.171123,0.557752,0.265673,4.320318,0.000000
pre_race,logistic_regression_multinomial,2025,8,Monaco Grand Prix,antonelli,Andrea Kimi Antonelli,Mercedes,18,no_points,points_no_top5,4,0.044289,0.153729,0.296509,0.367023,0.138450,8.446847,0.000000
pre_race,logistic_regression_multinomial,2025,8,Monaco Grand Prix,alonso,Fernando Alonso,Aston Martin,19,no_points,points_no_top5,2,0.000152,0.063522,0.108264,0.578620,0.249442,4.673021,0.000000
pre_race,logistic_regression_multinomial,2025,8,Monaco Grand Prix,gasly,Pierre Gasly,Alpine F1 Team,20,no_points,points_no_top5,2,0.000643,0.052121,0.064343,0.477446,0.405448,3.589108,0.000000
pre_race,logistic_regression_multinomial,2025,9,Spanish Grand Prix,piastri,Oscar Piastri,McLaren,1,win,podium_no_win,2,0.299366,0.413092,0.185904,0.075396,0.026242,16.661779,25.000000
pre_race,logistic_regression_multinomial,2025,9,Spanish Grand Prix,norris,Lando Norris,McLaren,2,podium_no_win,podium_no_win,1,0.303622,0.455514,0.157748,0.066205,0.016910,17.119830,18.000000
pre_race,logistic_regression_multinomial,2025,9,Spanish Grand Prix,leclerc,Charles Leclerc,Ferrari,3,podium_no_win,top5_no_podium,2,0.073441,0.281772,0.424097,0.139234,0.081455,11.735123,15.000000
pre_race,logistic_regression_multinomial,2025,9,Spanish Grand Prix,russell,George Russell,Mercedes,4,top5_no_podium,top5_no_podium,1,0.050104,0.152357,0.443999,0.201044,0.152496,9.494868,12.000000
pre_race,logistic_regression_multinomial,2025,9,Spanish Grand Prix,hulkenberg,Nico Hülkenberg,Sauber,5,top5_no_podium,no_points,3,0.000002,0.000049,0.041699,0.325458,0.632791,1.826482,10.000000
pre_race,logistic_regression_multinomial,2025,9,Spanish Grand Prix,hamilton,Lewis Hamilton,Ferrari,6,points_no_top5,top5_no_podium,3,0.102091,0.243279,0.381845,0.183567,0.089218,11.537660,8.000000
pre_race,logistic_regression_multinomial,2025,9,Spanish Grand Prix,hadjar,Isack Hadjar,RB F1 Team,7,points_no_top5,no_points,2,0.000067,0.000163,0.000305,0.339020,0.660445,1.431592,6.000000
pre_race,logistic_regression_multinomial,2025,9,Spanish Grand Prix,gasly,Pierre Gasly,Alpine F1 Team,8,points_no_top5,points_no_top5,1,0.000339,0.036721,0.052878,0.464145,0.445917,3.145442,4.000000
pre_race,logistic_regression_multinomial,2025,9,Spanish Grand Prix,alonso,Fernando Alonso,Aston Martin,9,points_no_top5,points_no_top5,1,0.000081,0.043446,0.075775,0.538754,0.341944,3.815170,2.000000
pre_race,logistic_regression_multinomial,2025,9,Spanish Grand Prix,max_verstappen,Max Verstappen,Red Bull,10,points_no_top5,win,4,0.454853,0.222335,0.214259,0.079773,0.028781,17.731732,1.000000
pre_race,logistic_regression_multinomial,2025,9,Spanish Grand Prix,lawson,Liam Lawson,RB F1 Team,11,no_points,no_points,1,0.000014,0.000016,0.000004,0.485185,0.514782,2.038422,0.000000
pre_race,logistic_regression_multinomial,2025,9,Spanish Grand Prix,bortoleto,Gabriel Bortoleto,Sauber,12,no_points,no_points,1,0.000028,0.002507,0.021763,0.197359,0.778343,1.110369,0.000000
pre_race,logistic_regression_multinomial,2025,9,Spanish Grand Prix,tsunoda,Yuki Tsunoda,Red Bull,13,no_points,points_no_top5,2,0.000372,0.003156,0.129883,0.636451,0.230138,4.163182,0.000000
pre_race,logistic_regression_multinomial,2025,9,Spanish Grand Prix,sainz,Carlos Sainz,Williams,14,no_points,points_no_top5,3,0.003333,0.058314,0.280368,0.443791,0.214195,5.993471,0.000000
pre_race,logistic_regression_multinomial,2025,9,Spanish Grand Prix,colapinto,Franco Colapinto,Alpine F1 Team,15,no_points,no_points,1,0.000219,0.000386,0.000300,0.383495,0.615600,1.625821,0.000000
pre_race,logistic_regression_multinomial,2025,9,Spanish Grand Prix,ocon,Esteban Ocon,Haas F1 Team,16,no_points,points_no_top5,2,0.007196,0.001109,0.069892,0.506890,0.414913,3.095943,0.000000
pre_race,logistic_regression_multinomial,2025,9,Spanish Grand Prix,bearman,Oliver Bearman,Haas F1 Team,17,no_points,points_no_top5,2,0.000008,0.000001,0.000060,0.721750,0.278181,3.032220,0.000000
pre_race,logistic_regression_multinomial,2025,9,Spanish Grand Prix,antonelli,Andrea Kimi Antonelli,Mercedes,18,no_points,points_no_top5,2,0.017978,0.087728,0.211954,0.427471,0.254869,6.023824,0.000000
pre_race,logistic_regression_multinomial,2025,9,Spanish Grand Prix,albon,Alexander Albon,Williams,19,no_points,points_no_top5,2,0.000026,0.027150,0.189825,0.450082,0.332917,4.427053,0.000000
pre_race,logistic_regression_multinomial,2025,10,Canadian Grand Prix,russell,George Russell,Mercedes,1,win,top5_no_podium,5,0.058209,0.169120,0.495949,0.189578,0.087144,10.497379,25.000000
pre_race,logistic_regression_multinomial,2025,10,Canadian Grand Prix,max_verstappen,Max Verstappen,Red Bull,2,podium_no_win,win,3,0.331203,0.246616,0.276398,0.097138,0.048646,15.797584,18.000000
pre_race,logistic_regression_multinomial,2025,10,Canadian Grand Prix,antonelli,Andrea Kimi Antonelli,Mercedes,3,podium_no_win,points_no_top5,4,0.023184,0.099579,0.203721,0.444954,0.228562,6.332390,15.000000
pre_race,logistic_regression_multinomial,2025,10,Canadian Grand Prix,piastri,Oscar Piastri,McLaren,4,top5_no_podium,podium_no_win,3,0.342530,0.430728,0.163740,0.048248,0.014753,17.674053,12.000000
pre_race,logistic_regression_multinomial,2025,10,Canadian Grand Prix,leclerc,Charles Leclerc,Ferrari,5,top5_no_podium,top5_no_podium,1,0.176146,0.353592,0.365386,0.070710,0.034166,14.554138,10.000000
pre_race,logistic_regression_multinomial,2025,10,Canadian Grand Prix,hamilton,Lewis Hamilton,Ferrari,6,points_no_top5,top5_no_podium,4,0.206110,0.302759,0.378447,0.083770,0.028915,14.663007,8.000000
pre_race,logistic_regression_multinomial,2025,10,Canadian Grand Prix,alonso,Fernando Alonso,Aston Martin,7,points_no_top5,points_no_top5,1,0.000091,0.051648,0.093655,0.537883,0.316723,4.143789,6.000000
pre_race,logistic_regression_multinomial,2025,10,Canadian Grand Prix,hulkenberg,Nico Hülkenberg,Sauber,8,points_no_top5,no_points,2,0.000008,0.000124,0.085180,0.409017,0.505670,2.657097,4.000000
pre_race,logistic_regression_multinomial,2025,10,Canadian Grand Prix,ocon,Esteban Ocon,Haas F1 Team,9,points_no_top5,points_no_top5,1,0.013566,0.001662,0.090031,0.515102,0.379640,3.520333,2.000000
pre_race,logistic_regression_multinomial,2025,10,Canadian Grand Prix,sainz,Carlos Sainz,Williams,10,points_no_top5,points_no_top5,1,0.004654,0.067203,0.309515,0.427395,0.191233,6.424918,1.000000
pre_race,logistic_regression_multinomial,2025,10,Canadian Grand Prix,bearman,Oliver Bearman,Haas F1 Team,11,no_points,points_no_top5,2,0.000013,0.000001,0.000074,0.764832,0.235081,3.213448,0.000000
pre_race,logistic_regression_multinomial,2025,10,Canadian Grand Prix,tsunoda,Yuki Tsunoda,Red Bull,12,no_points,points_no_top5,2,0.000295,0.002885,0.124982,0.596979,0.274858,3.937107,0.000000
pre_race,logistic_regression_multinomial,2025,10,Canadian Grand Prix,colapinto,Franco Colapinto,Alpine F1 Team,13,no_points,no_points,1,0.000264,0.000468,0.000375,0.398842,0.600052,1.693578,0.000000
pre_race,logistic_regression_multinomial,2025,10,Canadian Grand Prix,bortoleto,Gabriel Bortoleto,Sauber,14,no_points,no_points,1,0.000077,0.005102,0.042539,0.270288,0.681995,1.689239,0.000000
pre_race,logistic_regression_multinomial,2025,10,Canadian Grand Prix,gasly,Pierre Gasly,Alpine F1 Team,15,no_points,points_no_top5,2,0.000458,0.048230,0.066665,0.466308,0.418339,3.499052,0.000000
pre_race,logistic_regression_multinomial,2025,10,Canadian Grand Prix,hadjar,Isack Hadjar,RB F1 Team,16,no_points,no_points,1,0.000152,0.000322,0.000508,0.384121,0.614897,1.628004,0.000000
pre_race,logistic_regression_multinomial,2025,10,Canadian Grand Prix,stroll,Lance Stroll,Aston Martin,17,no_points,no_points,1,0.000000,0.022567,0.038329,0.385919,0.553184,2.414844,0.000000
pre_race,logistic_regression_multinomial,2025,10,Canadian Grand Prix,norris,Lando Norris,McLaren,18,no_points,podium_no_win,5,0.364351,0.445320,0.135845,0.044823,0.009661,18.139098,0.000000
pre_race,logistic_regression_multinomial,2025,10,Canadian Grand Prix,lawson,Liam Lawson,RB F1 Team,19,no_points,points_no_top5,2,0.000022,0.000024,0.000006,0.547161,0.452788,2.299081,0.000000
pre_race,logistic_regression_multinomial,2025,10,Canadian Grand Prix,albon,Alexander Albon,Williams,20,no_points,points_no_top5,2,0.000034,0.032939,0.207892,0.420061,0.339073,4.595415,0.000000
pre_race,logistic_regression_multinomial,2025,11,Austrian Grand Prix,norris,Lando Norris,McLaren,1,win,podium_no_win,2,0.268356,0.435498,0.168970,0.102877,0.024299,16.185365,25.000000
pre_race,logistic_regression_multinomial,2025,11,Austrian Grand Prix,piastri,Oscar Piastri,McLaren,2,podium_no_win,podium_no_win,1,0.280832,0.395837,0.193140,0.103072,0.027120,16.109541,18.000000
pre_race,logistic_regression_multinomial,2025,11,Austrian Grand Prix,leclerc,Charles Leclerc,Ferrari,3,podium_no_win,top5_no_podium,2,0.134222,0.317466,0.360118,0.111426,0.076768,13.023019,15.000000
pre_race,logistic_regression_multinomial,2025,11,Austrian Grand Prix,hamilton,Lewis Hamilton,Ferrari,4,top5_no_podium,top5_no_podium,1,0.137978,0.267634,0.385633,0.137290,0.071465,12.683997,12.000000
pre_race,logistic_regression_multinomial,2025,11,Austrian Grand Prix,russell,George Russell,Mercedes,5,top5_no_podium,top5_no_podium,1,0.137761,0.222874,0.392052,0.155536,0.091777,12.087270,10.000000
pre_race,logistic_regression_multinomial,2025,11,Austrian Grand Prix,lawson,Liam Lawson,RB F1 Team,6,points_no_top5,no_points,2,0.000013,0.000013,0.000003,0.484222,0.515749,2.034315,8.000000
pre_race,logistic_regression_multinomial,2025,11,Austrian Grand Prix,alonso,Fernando Alonso,Aston Martin,7,points_no_top5,points_no_top5,1,0.000063,0.041158,0.073480,0.518187,0.367112,3.665348,6.000000
pre_race,logistic_regression_multinomial,2025,11,Austrian Grand Prix,bortoleto,Gabriel Bortoleto,Sauber,8,points_no_top5,no_points,2,0.000038,0.002842,0.027483,0.247971,0.721666,1.391628,4.000000
pre_race,logistic_regression_multinomial,2025,11,Austrian Grand Prix,hulkenberg,Nico Hülkenberg,Sauber,9,points_no_top5,no_points,2,0.000005,0.000078,0.057110,0.390850,0.551957,2.271191,2.000000
pre_race,logistic_regression_multinomial,2025,11,Austrian Grand Prix,ocon,Esteban Ocon,Haas F1 Team,10,points_no_top5,points_no_top5,1,0.005967,0.000941,0.066379,0.518909,0.407804,3.074292,1.000000
pre_race,logistic_regression_multinomial,2025,11,Austrian Grand Prix,bearman,Oliver Bearman,Haas F1 Team,11,no_points,points_no_top5,2,0.000006,0.000000,0.000048,0.746781,0.253165,3.137169,0.000000
pre_race,logistic_regression_multinomial,2025,11,Austrian Grand Prix,hadjar,Isack Hadjar,RB F1 Team,12,no_points,no_points,1,0.000085,0.000168,0.000265,0.319496,0.679987,1.349681,0.000000
pre_race,logistic_regression_multinomial,2025,11,Austrian Grand Prix,gasly,Pierre Gasly,Alpine F1 Team,13,no_points,no_points,1,0.000267,0.028882,0.041969,0.436425,0.492458,2.777870,0.000000
pre_race,logistic_regression_multinomial,2025,11,Austrian Grand Prix,stroll,Lance Stroll,Aston Martin,14,no_points,no_points,1,0.000000,0.014056,0.024503,0.347571,0.613871,1.961248,0.000000
pre_race,logistic_regression_multinomial,2025,11,Austrian Grand Prix,colapinto,Franco Colapinto,Alpine F1 Team,15,no_points,no_points,1,0.000124,0.000246,0.000230,0.361145,0.638255,1.526500,0.000000
pre_race,logistic_regression_multinomial,2025,11,Austrian Grand Prix,tsunoda,Yuki Tsunoda,Red Bull,16,no_points,points_no_top5,2,0.000155,0.001499,0.074870,0.588106,0.335370,3.322227,0.000000
pre_race,logistic_regression_multinomial,2025,11,Austrian Grand Prix,albon,Alexander Albon,Williams,17,no_points,no_points,1,0.000016,0.016928,0.112194,0.385722,0.485141,3.133871,0.000000
pre_race,logistic_regression_multinomial,2025,11,Austrian Grand Prix,max_verstappen,Max Verstappen,Red Bull,18,no_points,top5_no_podium,5,0.234607,0.212206,0.286775,0.162940,0.103471,13.205463,0.000000
pre_race,logistic_regression_multinomial,2025,11,Austrian Grand Prix,antonelli,Andrea Kimi Antonelli,Mercedes,19,no_points,points_no_top5,2,0.034827,0.112181,0.190728,0.419068,0.243197,6.579748,0.000000
pre_race,logistic_regression_multinomial,2025,11,Austrian Grand Prix,sainz,Carlos Sainz,Williams,20,no_points,points_no_top5,2,0.002311,0.037088,0.208848,0.477779,0.273974,4.973722,0.000000
pre_race,logistic_regression_multinomial,2025,12,British Grand Prix,norris,Lando Norris,McLaren,1,win,podium_no_win,2,0.263797,0.445230,0.173886,0.094916,0.022170,16.252623,25.000000
pre_race,logistic_regression_multinomial,2025,12,British Grand Prix,piastri,Oscar Piastri,McLaren,2,podium_no_win,podium_no_win,1,0.287252,0.400265,0.196274,0.092634,0.023575,16.333757,18.000000
pre_race,logistic_regression_multinomial,2025,12,British Grand Prix,hulkenberg,Nico Hülkenberg,Sauber,3,podium_no_win,no_points,4,0.000004,0.000083,0.072617,0.404133,0.523163,2.497626,15.000000
pre_race,logistic_regression_multinomial,2025,12,British Grand Prix,hamilton,Lewis Hamilton,Ferrari,4,top5_no_podium,top5_no_podium,1,0.131117,0.262289,0.406927,0.132363,0.067304,12.637809,12.000000
pre_race,logistic_regression_multinomial,2025,12,British Grand Prix,max_verstappen,Max Verstappen,Red Bull,5,top5_no_podium,top5_no_podium,1,0.181910,0.197151,0.301988,0.177024,0.141927,11.866101,10.000000
pre_race,logistic_regression_multinomial,2025,12,British Grand Prix,gasly,Pierre Gasly,Alpine F1 Team,6,points_no_top5,points_no_top5,1,0.000202,0.023874,0.046066,0.468069,0.461789,2.871577,8.000000
pre_race,logistic_regression_multinomial,2025,12,British Grand Prix,stroll,Lance Stroll,Aston Martin,7,points_no_top5,no_points,2,0.000000,0.013902,0.027045,0.359922,0.599131,2.038553,6.000000
pre_race,logistic_regression_multinomial,2025,12,British Grand Prix,albon,Alexander Albon,Williams,8,points_no_top5,no_points,2,0.000016,0.016663,0.111356,0.361060,0.510905,3.016709,4.000000
pre_race,logistic_regression_multinomial,2025,12,British Grand Prix,alonso,Fernando Alonso,Aston Martin,9,points_no_top5,points_no_top5,1,0.000053,0.046871,0.100586,0.524672,0.327818,4.084756,2.000000
pre_race,logistic_regression_multinomial,2025,12,British Grand Prix,russell,George Russell,Mercedes,10,points_no_top5,top5_no_podium,4,0.161058,0.237581,0.400513,0.131713,0.069135,12.905372,1.000000
pre_race,logistic_regression_multinomial,2025,12,British Grand Prix,bearman,Oliver Bearman,Haas F1 Team,11,no_points,points_no_top5,2,0.000004,0.000000,0.000044,0.718361,0.281591,3.017701,0.000000
pre_race,logistic_regression_multinomial,2025,12,British Grand Prix,sainz,Carlos Sainz,Williams,12,no_points,points_no_top5,2,0.002624,0.037714,0.202867,0.459100,0.297694,4.847646,0.000000
pre_race,logistic_regression_multinomial,2025,12,British Grand Prix,ocon,Esteban Ocon,Haas F1 Team,13,no_points,points_no_top5,2,0.003077,0.000683,0.059637,0.470291,0.466312,2.719414,0.000000
pre_race,logistic_regression_multinomial,2025,12,British Grand Prix,leclerc,Charles Leclerc,Ferrari,14,no_points,top5_no_podium,5,0.114842,0.308012,0.388383,0.110985,0.077777,12.691596,0.000000
pre_race,logistic_regression_multinomial,2025,12,British Grand Prix,tsunoda,Yuki Tsunoda,Red Bull,15,no_points,points_no_top5,2,0.000112,0.001140,0.072631,0.594526,0.331592,3.317556,0.000000
pre_race,logistic_regression_multinomial,2025,12,British Grand Prix,antonelli,Andrea Kimi Antonelli,Mercedes,16,no_points,points_no_top5,2,0.035678,0.123960,0.215883,0.394739,0.229740,6.969914,0.000000
pre_race,logistic_regression_multinomial,2025,12,British Grand Prix,hadjar,Isack Hadjar,RB F1 Team,17,no_points,no_points,1,0.000085,0.000166,0.000301,0.339160,0.660287,1.432659,0.000000
pre_race,logistic_regression_multinomial,2025,12,British Grand Prix,bortoleto,Gabriel Bortoleto,Sauber,18,no_points,no_points,1,0.000037,0.003272,0.035362,0.260421,0.700907,1.537672,0.000000
pre_race,logistic_regression_multinomial,2025,12,British Grand Prix,lawson,Liam Lawson,RB F1 Team,19,no_points,points_no_top5,2,0.000017,0.000018,0.000005,0.521518,0.478442,2.191146,0.000000
pre_race,logistic_regression_multinomial,2025,12,British Grand Prix,colapinto,Franco Colapinto,Alpine F1 Team,20,no_points,no_points,1,0.000120,0.000236,0.000241,0.359209,0.640194,1.518215,0.000000
pre_race,logistic_regression_multinomial,2025,13,Belgian Grand Prix,piastri,Oscar Piastri,McLaren,1,win,podium_no_win,2,0.275783,0.423152,0.207526,0.075891,0.017647,16.478123,25.000000
pre_race,logistic_regression_multinomial,2025,13,Belgian Grand Prix,norris,Lando Norris,McLaren,2,podium_no_win,podium_no_win,1,0.343608,0.447339,0.138698,0.058603,0.011753,17.743086,18.000000
pre_race,logistic_regression_multinomial,2025,13,Belgian Grand Prix,leclerc,Charles Leclerc,Ferrari,3,podium_no_win,top5_no_podium,2,0.115182,0.319132,0.423107,0.099469,0.043111,13.217167,15.000000
pre_race,logistic_regression_multinomial,2025,13,Belgian Grand Prix,max_verstappen,Max Verstappen,Red Bull,4,top5_no_podium,top5_no_podium,1,0.267537,0.235018,0.295070,0.122774,0.079602,14.327634,12.000000
pre_race,logistic_regression_multinomial,2025,13,Belgian Grand Prix,russell,George Russell,Mercedes,5,top5_no_podium,top5_no_podium,1,0.112023,0.228626,0.443956,0.132193,0.083202,12.011632,10.000000
pre_race,logistic_regression_multinomial,2025,13,Belgian Grand Prix,albon,Alexander Albon,Williams,6,points_no_top5,no_points,2,0.000021,0.022886,0.165617,0.391368,0.420107,3.843682,8.000000
pre_race,logistic_regression_multinomial,2025,13,Belgian Grand Prix,hamilton,Lewis Hamilton,Ferrari,7,points_no_top5,top5_no_podium,4,0.190027,0.273438,0.373253,0.125233,0.038050,13.894162,6.000000
pre_race,logistic_regression_multinomial,2025,13,Belgian Grand Prix,lawson,Liam Lawson,RB F1 Team,8,points_no_top5,no_points,2,0.000021,0.000020,0.000005,0.487203,0.512751,2.047165,4.000000
pre_race,logistic_regression_multinomial,2025,13,Belgian Grand Prix,bortoleto,Gabriel Bortoleto,Sauber,9,points_no_top5,no_points,2,0.000151,0.008568,0.075613,0.283111,0.632557,2.165943,2.000000
pre_race,logistic_regression_multinomial,2025,13,Belgian Grand Prix,gasly,Pierre Gasly,Alpine F1 Team,10,points_no_top5,points_no_top5,1,0.000336,0.042432,0.070646,0.467284,0.419303,3.448211,1.000000
pre_race,logistic_regression_multinomial,2025,13,Belgian Grand Prix,bearman,Oliver Bearman,Haas F1 Team,11,no_points,points_no_top5,2,0.000002,0.000000,0.000050,0.686207,0.313741,2.882678,0.000000
pre_race,logistic_regression_multinomial,2025,13,Belgian Grand Prix,hulkenberg,Nico Hülkenberg,Sauber,12,no_points,no_points,1,0.000013,0.000175,0.117080,0.405768,0.476964,2.995327,0.000000
pre_race,logistic_regression_multinomial,2025,13,Belgian Grand Prix,tsunoda,Yuki Tsunoda,Red Bull,13,no_points,points_no_top5,2,0.000196,0.001859,0.101968,0.594457,0.301520,3.653939,0.000000
pre_race,logistic_regression_multinomial,2025,13,Belgian Grand Prix,stroll,Lance Stroll,Aston Martin,14,no_points,no_points,1,0.000000,0.029119,0.051814,0.429198,0.489868,2.853068,0.000000
pre_race,logistic_regression_multinomial,2025,13,Belgian Grand Prix,ocon,Esteban Ocon,Haas F1 Team,15,no_points,no_points,1,0.002135,0.000630,0.060773,0.429290,0.507172,2.535292,0.000000
pre_race,logistic_regression_multinomial,2025,13,Belgian Grand Prix,antonelli,Andrea Kimi Antonelli,Mercedes,16,no_points,points_no_top5,3,0.029146,0.119695,0.236184,0.382392,0.232582,6.907697,0.000000
pre_race,logistic_regression_multinomial,2025,13,Belgian Grand Prix,alonso,Fernando Alonso,Aston Martin,17,no_points,points_no_top5,2,0.000110,0.075061,0.142840,0.536638,0.245351,5.066365,0.000000
pre_race,logistic_regression_multinomial,2025,13,Belgian Grand Prix,sainz,Carlos Sainz,Williams,18,no_points,points_no_top5,3,0.003695,0.046935,0.248947,0.454816,0.245608,5.515439,0.000000
pre_race,logistic_regression_multinomial,2025,13,Belgian Grand Prix,colapinto,Franco Colapinto,Alpine F1 Team,19,no_points,no_points,1,0.000222,0.000389,0.000333,0.370439,0.628618,1.571460,0.000000
pre_race,logistic_regression_multinomial,2025,13,Belgian Grand Prix,hadjar,Isack Hadjar,RB F1 Team,20,no_points,no_points,1,0.000080,0.000175,0.000297,0.291871,0.707577,1.234004,0.000000
pre_race,logistic_regression_multinomial,2025,14,Hungarian Grand Prix,norris,Lando Norris,McLaren,1,win,win,1,0.472545,0.401026,0.087465,0.031875,0.007089,19.526550,25.000000
pre_race,logistic_regression_multinomial,2025,14,Hungarian Grand Prix,piastri,Oscar Piastri,McLaren,2,podium_no_win,win,2,0.442147,0.399728,0.110608,0.036211,0.011306,19.017969,18.000000
pre_race,logistic_regression_multinomial,2025,14,Hungarian Grand Prix,russell,George Russell,Mercedes,3,podium_no_win,top5_no_podium,3,0.069856,0.169720,0.450699,0.208347,0.101378,10.379535,15.000000
pre_race,logistic_regression_multinomial,2025,14,Hungarian Grand Prix,leclerc,Charles Leclerc,Ferrari,4,top5_no_podium,top5_no_podium,1,0.160739,0.328620,0.357233,0.094693,0.058716,13.767967,12.000000
pre_race,logistic_regression_multinomial,2025,14,Hungarian Grand Prix,alonso,Fernando Alonso,Aston Martin,5,top5_no_podium,points_no_top5,3,0.000116,0.067472,0.112762,0.531132,0.288517,4.587341,10.000000
pre_race,logistic_regression_multinomial,2025,14,Hungarian Grand Prix,bortoleto,Gabriel Bortoleto,Sauber,6,points_no_top5,no_points,2,0.000147,0.007817,0.069420,0.292628,0.629988,2.125308,8.000000
pre_race,logistic_regression_multinomial,2025,14,Hungarian Grand Prix,stroll,Lance Stroll,Aston Martin,7,points_no_top5,no_points,2,0.000000,0.023451,0.043599,0.440468,0.492481,2.716513,6.000000
pre_race,logistic_regression_multinomial,2025,14,Hungarian Grand Prix,lawson,Liam Lawson,RB F1 Team,8,points_no_top5,points_no_top5,1,0.000020,0.000020,0.000005,0.509795,0.490159,2.142036,4.000000
pre_race,logistic_regression_multinomial,2025,14,Hungarian Grand Prix,max_verstappen,Max Verstappen,Red Bull,9,points_no_top5,top5_no_podium,4,0.268377,0.226407,0.284756,0.150311,0.070149,14.208755,2.000000
pre_race,logistic_regression_multinomial,2025,14,Hungarian Grand Prix,antonelli,Andrea Kimi Antonelli,Mercedes,10,points_no_top5,points_no_top5,1,0.018732,0.079958,0.185546,0.467479,0.248285,5.792023,1.000000
pre_race,logistic_regression_multinomial,2025,14,Hungarian Grand Prix,hadjar,Isack Hadjar,RB F1 Team,11,no_points,no_points,1,0.000101,0.000177,0.000249,0.278579,0.720894,1.178208,0.000000
pre_race,logistic_regression_multinomial,2025,14,Hungarian Grand Prix,hamilton,Lewis Hamilton,Ferrari,12,no_points,top5_no_podium,5,0.211126,0.275015,0.364947,0.107849,0.041064,14.283278,0.000000
pre_race,logistic_regression_multinomial,2025,14,Hungarian Grand Prix,hulkenberg,Nico Hülkenberg,Sauber,13,no_points,no_points,1,0.000013,0.000153,0.095757,0.397410,0.506666,2.725304,0.000000
pre_race,logistic_regression_multinomial,2025,14,Hungarian Grand Prix,sainz,Carlos Sainz,Williams,14,no_points,points_no_top5,2,0.005784,0.052702,0.213832,0.455875,0.271807,5.281004,0.000000
pre_race,logistic_regression_multinomial,2025,14,Hungarian Grand Prix,albon,Alexander Albon,Williams,15,no_points,points_no_top5,2,0.000024,0.023209,0.169026,0.430703,0.377038,4.051796,0.000000
pre_race,logistic_regression_multinomial,2025,14,Hungarian Grand Prix,ocon,Esteban Ocon,Haas F1 Team,16,no_points,no_points,1,0.002413,0.000580,0.048349,0.410503,0.538155,2.325846,0.000000
pre_race,logistic_regression_multinomial,2025,14,Hungarian Grand Prix,tsunoda,Yuki Tsunoda,Red Bull,17,no_points,points_no_top5,2,0.000190,0.001368,0.067957,0.655273,0.275211,3.527007,0.000000
pre_race,logistic_regression_multinomial,2025,14,Hungarian Grand Prix,colapinto,Franco Colapinto,Alpine F1 Team,18,no_points,no_points,1,0.000283,0.000383,0.000267,0.348344,0.650723,1.479374,0.000000
pre_race,logistic_regression_multinomial,2025,14,Hungarian Grand Prix,gasly,Pierre Gasly,Alpine F1 Team,19,no_points,points_no_top5,2,0.000333,0.038028,0.063962,0.485798,0.411880,3.379709,0.000000
pre_race,logistic_regression_multinomial,2025,14,Hungarian Grand Prix,bearman,Oliver Bearman,Haas F1 Team,20,no_points,points_no_top5,2,0.000002,0.000000,0.000042,0.682554,0.317401,2.867251,0.000000
pre_race,logistic_regression_multinomial,2025,15,Dutch Grand Prix,piastri,Oscar Piastri,McLaren,1,win,podium_no_win,2,0.375166,0.431806,0.128579,0.047352,0.017097,18.117200,25.000000
pre_race,logistic_regression_multinomial,2025,15,Dutch Grand Prix,max_verstappen,Max Verstappen,Red Bull,2,podium_no_win,top5_no_podium,2,0.166960,0.206199,0.339457,0.194355,0.093030,12.126588,18.000000
pre_race,logistic_regression_multinomial,2025,15,Dutch Grand Prix,hadjar,Isack Hadjar,RB F1 Team,3,podium_no_win,no_points,4,0.000034,0.000085,0.000152,0.226244,0.773485,0.954154,15.000000
pre_race,logistic_regression_multinomial,2025,15,Dutch Grand Prix,russell,George Russell,Mercedes,4,top5_no_podium,top5_no_podium,1,0.057343,0.160084,0.416165,0.203555,0.162853,9.507700,12.000000
pre_race,logistic_regression_multinomial,2025,15,Dutch Grand Prix,albon,Alexander Albon,Williams,5,top5_no_podium,points_no_top5,3,0.000013,0.016932,0.147293,0.418909,0.416853,3.659349,10.000000
pre_race,logistic_regression_multinomial,2025,15,Dutch Grand Prix,bearman,Oliver Bearman,Haas F1 Team,6,points_no_top5,points_no_top5,1,0.000002,0.000000,0.000032,0.623847,0.376119,2.620557,8.000000
pre_race,logistic_regression_multinomial,2025,15,Dutch Grand Prix,stroll,Lance Stroll,Aston Martin,7,points_no_top5,points_no_top5,1,0.000000,0.025871,0.050100,0.464434,0.459595,2.928602,6.000000
pre_race,logistic_regression_multinomial,2025,15,Dutch Grand Prix,alonso,Fernando Alonso,Aston Martin,8,points_no_top5,points_no_top5,1,0.000113,0.081317,0.127890,0.513939,0.276741,4.909904,4.000000
pre_race,logistic_regression_multinomial,2025,15,Dutch Grand Prix,tsunoda,Yuki Tsunoda,Red Bull,9,points_no_top5,points_no_top5,1,0.000115,0.001078,0.059045,0.628078,0.311686,3.308063,2.000000
pre_race,logistic_regression_multinomial,2025,15,Dutch Grand Prix,ocon,Esteban Ocon,Haas F1 Team,10,points_no_top5,no_points,2,0.001493,0.000415,0.035982,0.365051,0.597059,1.973190,1.000000
pre_race,logistic_regression_multinomial,2025,15,Dutch Grand Prix,colapinto,Franco Colapinto,Alpine F1 Team,11,no_points,no_points,1,0.000162,0.000277,0.000208,0.305272,0.694080,1.293065,0.000000
pre_race,logistic_regression_multinomial,2025,15,Dutch Grand Prix,lawson,Liam Lawson,RB F1 Team,12,no_points,no_points,1,0.000007,0.000011,0.000003,0.422957,0.577023,1.776794,0.000000
pre_race,logistic_regression_multinomial,2025,15,Dutch Grand Prix,sainz,Carlos Sainz,Williams,13,no_points,points_no_top5,2,0.002854,0.036015,0.191351,0.472497,0.297283,4.754955,0.000000
pre_race,logistic_regression_multinomial,2025,15,Dutch Grand Prix,hulkenberg,Nico Hülkenberg,Sauber,14,no_points,no_points,1,0.000008,0.000116,0.077927,0.358073,0.563877,2.363204,0.000000
pre_race,logistic_regression_multinomial,2025,15,Dutch Grand Prix,bortoleto,Gabriel Bortoleto,Sauber,15,no_points,no_points,1,0.000094,0.006451,0.060521,0.269398,0.663536,1.905995,0.000000
pre_race,logistic_regression_multinomial,2025,15,Dutch Grand Prix,antonelli,Andrea Kimi Antonelli,Mercedes,16,no_points,points_no_top5,2,0.009850,0.065493,0.211782,0.429000,0.283876,5.458282,0.000000
pre_race,logistic_regression_multinomial,2025,15,Dutch Grand Prix,gasly,Pierre Gasly,Alpine F1 Team,17,no_points,no_points,1,0.000238,0.027109,0.046755,0.459859,0.466039,2.898966,0.000000
pre_race,logistic_regression_multinomial,2025,15,Dutch Grand Prix,norris,Lando Norris,McLaren,18,no_points,podium_no_win,5,0.410485,0.437780,0.099777,0.041322,0.010637,18.756593,0.000000
pre_race,logistic_regression_multinomial,2025,15,Dutch Grand Prix,leclerc,Charles Leclerc,Ferrari,19,no_points,top5_no_podium,5,0.100759,0.289049,0.401164,0.138737,0.070291,12.283784,0.000000
pre_race,logistic_regression_multinomial,2025,15,Dutch Grand Prix,hamilton,Lewis Hamilton,Ferrari,20,no_points,top5_no_podium,5,0.115000,0.230977,0.384702,0.189256,0.080065,11.712716,0.000000
pre_race,logistic_regression_multinomial,2025,16,Italian Grand Prix,max_verstappen,Max Verstappen,Red Bull,1,win,top5_no_podium,2,0.255295,0.232603,0.295108,0.137655,0.079340,14.044657,25.000000
pre_race,logistic_regression_multinomial,2025,16,Italian Grand Prix,norris,Lando Norris,McLaren,2,podium_no_win,podium_no_win,1,0.318439,0.477741,0.142114,0.049235,0.012470,17.613752,18.000000
pre_race,logistic_regression_multinomial,2025,16,Italian Grand Prix,piastri,Oscar Piastri,McLaren,3,podium_no_win,win,2,0.456091,0.385251,0.105241,0.040758,0.012660,19.087741,15.000000
pre_race,logistic_regression_multinomial,2025,16,Italian Grand Prix,leclerc,Charles Leclerc,Ferrari,4,top5_no_podium,top5_no_podium,1,0.121059,0.292456,0.388752,0.133503,0.064231,12.688970,12.000000
pre_race,logistic_regression_multinomial,2025,16,Italian Grand Prix,russell,George Russell,Mercedes,5,top5_no_podium,top5_no_podium,1,0.099572,0.204472,0.423482,0.168004,0.104469,11.227024,10.000000
pre_race,logistic_regression_multinomial,2025,16,Italian Grand Prix,hamilton,Lewis Hamilton,Ferrari,6,points_no_top5,top5_no_podium,3,0.122249,0.236617,0.367727,0.184559,0.088848,11.780548,8.000000
pre_race,logistic_regression_multinomial,2025,16,Italian Grand Prix,albon,Alexander Albon,Williams,7,points_no_top5,points_no_top5,1,0.000022,0.025150,0.185799,0.429695,0.359333,4.264048,6.000000
pre_race,logistic_regression_multinomial,2025,16,Italian Grand Prix,bortoleto,Gabriel Bortoleto,Sauber,8,points_no_top5,no_points,2,0.000044,0.003912,0.042742,0.277350,0.675951,1.700685,4.000000
pre_race,logistic_regression_multinomial,2025,16,Italian Grand Prix,antonelli,Andrea Kimi Antonelli,Mercedes,9,points_no_top5,points_no_top5,1,0.014774,0.084224,0.244671,0.420158,0.236174,6.215076,2.000000
pre_race,logistic_regression_multinomial,2025,16,Italian Grand Prix,hadjar,Isack Hadjar,RB F1 Team,10,points_no_top5,no_points,2,0.000098,0.000183,0.000260,0.244228,0.755232,1.034077,1.000000
pre_race,logistic_regression_multinomial,2025,16,Italian Grand Prix,sainz,Carlos Sainz,Williams,11,no_points,points_no_top5,2,0.004203,0.044739,0.217281,0.475095,0.258683,5.228747,0.000000
pre_race,logistic_regression_multinomial,2025,16,Italian Grand Prix,bearman,Oliver Bearman,Haas F1 Team,12,no_points,points_no_top5,2,0.000003,0.000000,0.000045,0.667091,0.332860,2.802368,0.000000
pre_race,logistic_regression_multinomial,2025,16,Italian Grand Prix,tsunoda,Yuki Tsunoda,Red Bull,13,no_points,points_no_top5,2,0.000172,0.001604,0.092383,0.611821,0.294020,3.616629,0.000000
pre_race,logistic_regression_multinomial,2025,16,Italian Grand Prix,lawson,Liam Lawson,RB F1 Team,14,no_points,no_points,1,0.000014,0.000020,0.000006,0.476744,0.523215,2.003081,0.000000
pre_race,logistic_regression_multinomial,2025,16,Italian Grand Prix,ocon,Esteban Ocon,Haas F1 Team,15,no_points,no_points,1,0.002379,0.000546,0.045268,0.412440,0.539367,2.298676,0.000000
pre_race,logistic_regression_multinomial,2025,16,Italian Grand Prix,gasly,Pierre Gasly,Alpine F1 Team,16,no_points,no_points,1,0.000269,0.028834,0.046671,0.448122,0.476103,2.877994,0.000000
pre_race,logistic_regression_multinomial,2025,16,Italian Grand Prix,colapinto,Franco Colapinto,Alpine F1 Team,17,no_points,no_points,1,0.000152,0.000279,0.000262,0.359868,0.639439,1.522739,0.000000
pre_race,logistic_regression_multinomial,2025,16,Italian Grand Prix,stroll,Lance Stroll,Aston Martin,18,no_points,points_no_top5,2,0.000001,0.038439,0.067185,0.517820,0.376555,3.548138,0.000000
pre_race,logistic_regression_multinomial,2025,16,Italian Grand Prix,alonso,Fernando Alonso,Aston Martin,19,no_points,points_no_top5,2,0.000216,0.108254,0.153846,0.534293,0.203390,5.727947,0.000000
pre_race,logistic_regression_multinomial,2025,16,Italian Grand Prix,hulkenberg,Nico Hülkenberg,Sauber,20,no_points,no_points,1,0.000003,0.000081,0.065591,0.356502,0.577823,2.220227,0.000000
pre_race,logistic_regression_multinomial,2025,17,Azerbaijan Grand Prix,max_verstappen,Max Verstappen,Red Bull,1,win,win,1,0.487497,0.208617,0.171738,0.073186,0.058962,17.826106,25.000000
pre_race,logistic_regression_multinomial,2025,17,Azerbaijan Grand Prix,russell,George Russell,Mercedes,2,podium_no_win,top5_no_podium,2,0.153420,0.208816,0.384429,0.154363,0.098973,12.157991,18.000000
pre_race,logistic_regression_multinomial,2025,17,Azerbaijan Grand Prix,sainz,Carlos Sainz,Williams,3,podium_no_win,points_no_top5,4,0.004990,0.040512,0.218251,0.486861,0.249386,5.238772,15.000000
pre_race,logistic_regression_multinomial,2025,17,Azerbaijan Grand Prix,antonelli,Andrea Kimi Antonelli,Mercedes,4,top5_no_podium,points_no_top5,2,0.020389,0.083536,0.250268,0.423891,0.221916,6.421368,12.000000
pre_race,logistic_regression_multinomial,2025,17,Azerbaijan Grand Prix,lawson,Liam Lawson,RB F1 Team,5,top5_no_podium,no_points,5,0.000020,0.000020,0.000006,0.444673,0.555281,1.868516,10.000000
pre_race,logistic_regression_multinomial,2025,17,Azerbaijan Grand Prix,tsunoda,Yuki Tsunoda,Red Bull,6,points_no_top5,points_no_top5,1,0.000348,0.002258,0.118814,0.550391,0.328190,3.664535,8.000000
pre_race,logistic_regression_multinomial,2025,17,Azerbaijan Grand Prix,norris,Lando Norris,McLaren,7,points_no_top5,win,4,0.418920,0.408849,0.115705,0.044771,0.011755,18.679803,6.000000
pre_race,logistic_regression_multinomial,2025,17,Azerbaijan Grand Prix,hamilton,Lewis Hamilton,Ferrari,8,points_no_top5,top5_no_podium,3,0.190887,0.227949,0.300504,0.200611,0.080049,12.681450,4.000000
pre_race,logistic_regression_multinomial,2025,17,Azerbaijan Grand Prix,leclerc,Charles Leclerc,Ferrari,9,points_no_top5,top5_no_podium,4,0.169028,0.290822,0.363233,0.131697,0.045220,13.572944,2.000000
pre_race,logistic_regression_multinomial,2025,17,Azerbaijan Grand Prix,hadjar,Isack Hadjar,RB F1 Team,10,points_no_top5,no_points,2,0.000110,0.000171,0.000282,0.259765,0.739672,1.099686,1.000000
pre_race,logistic_regression_multinomial,2025,17,Azerbaijan Grand Prix,bortoleto,Gabriel Bortoleto,Sauber,11,no_points,no_points,1,0.000075,0.004301,0.042153,0.274762,0.678709,1.690523,0.000000
pre_race,logistic_regression_multinomial,2025,17,Azerbaijan Grand Prix,bearman,Oliver Bearman,Haas F1 Team,12,no_points,points_no_top5,2,0.000006,0.000000,0.000042,0.660715,0.339237,2.775607,0.000000
pre_race,logistic_regression_multinomial,2025,17,Azerbaijan Grand Prix,albon,Alexander Albon,Williams,13,no_points,points_no_top5,2,0.000032,0.025175,0.175519,0.424525,0.374749,4.129907,0.000000
pre_race,logistic_regression_multinomial,2025,17,Azerbaijan Grand Prix,ocon,Esteban Ocon,Haas F1 Team,14,no_points,no_points,1,0.003601,0.000559,0.043529,0.404585,0.547726,2.277321,0.000000
pre_race,logistic_regression_multinomial,2025,17,Azerbaijan Grand Prix,alonso,Fernando Alonso,Aston Martin,15,no_points,points_no_top5,2,0.000353,0.115453,0.147451,0.524373,0.212370,5.738121,0.000000
pre_race,logistic_regression_multinomial,2025,17,Azerbaijan Grand Prix,hulkenberg,Nico Hülkenberg,Sauber,16,no_points,no_points,1,0.000007,0.000094,0.059373,0.328124,0.612402,2.032942,0.000000
pre_race,logistic_regression_multinomial,2025,17,Azerbaijan Grand Prix,stroll,Lance Stroll,Aston Martin,17,no_points,points_no_top5,2,0.000001,0.041832,0.062951,0.498698,0.396518,3.477244,0.000000
pre_race,logistic_regression_multinomial,2025,17,Azerbaijan Grand Prix,gasly,Pierre Gasly,Alpine F1 Team,18,no_points,no_points,1,0.000458,0.030807,0.042187,0.421554,0.504994,2.754351,0.000000
pre_race,logistic_regression_multinomial,2025,17,Azerbaijan Grand Prix,colapinto,Franco Colapinto,Alpine F1 Team,19,no_points,no_points,1,0.000214,0.000274,0.000254,0.357980,0.641278,1.516187,0.000000
pre_race,logistic_regression_multinomial,2025,17,Azerbaijan Grand Prix,piastri,Oscar Piastri,McLaren,20,no_points,win,5,0.492341,0.344174,0.103337,0.044909,0.015239,19.312729,0.000000
pre_race,logistic_regression_multinomial,2025,18,Singapore Grand Prix,russell,George Russell,Mercedes,1,win,top5_no_podium,3,0.179390,0.246540,0.398307,0.119065,0.056697,13.434116,25.000000
pre_race,logistic_regression_multinomial,2025,18,Singapore Grand Prix,max_verstappen,Max Verstappen,Red Bull,2,podium_no_win,win,2,0.631398,0.205300,0.106188,0.030146,0.026968,20.467075,18.000000
pre_race,logistic_regression_multinomial,2025,18,Singapore Grand Prix,norris,Lando Norris,McLaren,3,podium_no_win,podium_no_win,1,0.221550,0.432195,0.220432,0.105542,0.020281,15.537983,15.000000
pre_race,logistic_regression_multinomial,2025,18,Singapore Grand Prix,piastri,Oscar Piastri,McLaren,4,top5_no_podium,podium_no_win,3,0.341974,0.382912,0.161464,0.087987,0.025662,17.013061,12.000000
pre_race,logistic_regression_multinomial,2025,18,Singapore Grand Prix,antonelli,Andrea Kimi Antonelli,Mercedes,5,top5_no_podium,points_no_top5,2,0.031897,0.124743,0.323501,0.381518,0.138341,8.016577,10.000000
pre_race,logistic_regression_multinomial,2025,18,Singapore Grand Prix,leclerc,Charles Leclerc,Ferrari,6,points_no_top5,top5_no_podium,3,0.083510,0.267502,0.430376,0.154588,0.064024,11.884931,8.000000
pre_race,logistic_regression_multinomial,2025,18,Singapore Grand Prix,alonso,Fernando Alonso,Aston Martin,7,points_no_top5,points_no_top5,1,0.000147,0.082618,0.132985,0.513123,0.271127,4.984820,6.000000
pre_race,logistic_regression_multinomial,2025,18,Singapore Grand Prix,hamilton,Lewis Hamilton,Ferrari,8,points_no_top5,top5_no_podium,2,0.122028,0.216266,0.345852,0.223888,0.091966,11.363788,4.000000
pre_race,logistic_regression_multinomial,2025,18,Singapore Grand Prix,bearman,Oliver Bearman,Haas F1 Team,9,points_no_top5,points_no_top5,1,0.000003,0.000000,0.000049,0.706685,0.293262,2.968712,2.000000
pre_race,logistic_regression_multinomial,2025,18,Singapore Grand Prix,sainz,Carlos Sainz,Williams,10,points_no_top5,points_no_top5,1,0.005479,0.061838,0.292551,0.393713,0.246419,6.028960,1.000000
pre_race,logistic_regression_multinomial,2025,18,Singapore Grand Prix,hadjar,Isack Hadjar,RB F1 Team,11,no_points,no_points,1,0.000153,0.000263,0.000443,0.317617,0.681525,1.347019,0.000000
pre_race,logistic_regression_multinomial,2025,18,Singapore Grand Prix,tsunoda,Yuki Tsunoda,Red Bull,12,no_points,points_no_top5,2,0.000465,0.004179,0.220187,0.498309,0.276860,4.595539,0.000000
pre_race,logistic_regression_multinomial,2025,18,Singapore Grand Prix,stroll,Lance Stroll,Aston Martin,13,no_points,no_points,1,0.000000,0.028728,0.051129,0.458512,0.461630,2.962193,0.000000
pre_race,logistic_regression_multinomial,2025,18,Singapore Grand Prix,albon,Alexander Albon,Williams,14,no_points,points_no_top5,2,0.000031,0.031822,0.248730,0.372886,0.346530,4.827996,0.000000
pre_race,logistic_regression_multinomial,2025,18,Singapore Grand Prix,lawson,Liam Lawson,RB F1 Team,15,no_points,points_no_top5,2,0.000031,0.000036,0.000009,0.510133,0.489791,2.144015,0.000000
pre_race,logistic_regression_multinomial,2025,18,Singapore Grand Prix,colapinto,Franco Colapinto,Alpine F1 Team,16,no_points,no_points,1,0.000179,0.000298,0.000302,0.374244,0.624976,1.584550,0.000000
pre_race,logistic_regression_multinomial,2025,18,Singapore Grand Prix,bortoleto,Gabriel Bortoleto,Sauber,17,no_points,no_points,1,0.000043,0.003524,0.042712,0.276379,0.677341,1.689856,0.000000
pre_race,logistic_regression_multinomial,2025,18,Singapore Grand Prix,ocon,Esteban Ocon,Haas F1 Team,18,no_points,no_points,1,0.002860,0.000536,0.049268,0.437661,0.509675,2.460473,0.000000
pre_race,logistic_regression_multinomial,2025,18,Singapore Grand Prix,gasly,Pierre Gasly,Alpine F1 Team,19,no_points,no_points,1,0.000364,0.030952,0.048674,0.445431,0.474579,2.926039,0.000000
pre_race,logistic_regression_multinomial,2025,18,Singapore Grand Prix,hulkenberg,Nico Hülkenberg,Sauber,20,no_points,no_points,1,0.000005,0.000088,0.062297,0.339047,0.598563,2.110846,0.000000
pre_race,logistic_regression_multinomial,2025,19,United States Grand Prix,max_verstappen,Max Verstappen,Red Bull,1,win,win,1,0.525199,0.237676,0.144323,0.048290,0.044512,18.841995,25.000000
pre_race,logistic_regression_multinomial,2025,19,United States Grand Prix,norris,Lando Norris,McLaren,2,podium_no_win,podium_no_win,1,0.179954,0.402182,0.233423,0.155440,0.029001,14.355364,18.000000
pre_race,logistic_regression_multinomial,2025,19,United States Grand Prix,leclerc,Charles Leclerc,Ferrari,3,podium_no_win,top5_no_podium,2,0.051685,0.236457,0.478245,0.173559,0.060055,11.183297,15.000000
pre_race,logistic_regression_multinomial,2025,19,United States Grand Prix,hamilton,Lewis Hamilton,Ferrari,4,top5_no_podium,top5_no_podium,1,0.066363,0.185287,0.397591,0.259571,0.091188,10.180023,12.000000
pre_race,logistic_regression_multinomial,2025,19,United States Grand Prix,piastri,Oscar Piastri,McLaren,5,top5_no_podium,podium_no_win,2,0.182381,0.406559,0.254288,0.123854,0.032918,14.585102,10.000000
pre_race,logistic_regression_multinomial,2025,19,United States Grand Prix,russell,George Russell,Mercedes,6,points_no_top5,top5_no_podium,4,0.201978,0.277210,0.355877,0.099615,0.065320,13.956443,8.000000
pre_race,logistic_regression_multinomial,2025,19,United States Grand Prix,tsunoda,Yuki Tsunoda,Red Bull,7,points_no_top5,points_no_top5,1,0.000235,0.002865,0.186720,0.510666,0.299514,4.251862,6.000000
pre_race,logistic_regression_multinomial,2025,19,United States Grand Prix,hulkenberg,Nico Hülkenberg,Sauber,8,points_no_top5,no_points,2,0.000003,0.000066,0.050806,0.318815,0.630310,1.899047,4.000000
pre_race,logistic_regression_multinomial,2025,19,United States Grand Prix,bearman,Oliver Bearman,Haas F1 Team,9,points_no_top5,points_no_top5,1,0.000001,0.000000,0.000039,0.687006,0.312954,2.885890,2.000000
pre_race,logistic_regression_multinomial,2025,19,United States Grand Prix,alonso,Fernando Alonso,Aston Martin,10,points_no_top5,points_no_top5,1,0.000077,0.059261,0.117570,0.535754,0.287339,4.523158,1.000000
pre_race,logistic_regression_multinomial,2025,19,United States Grand Prix,lawson,Liam Lawson,RB F1 Team,11,no_points,points_no_top5,2,0.000012,0.000018,0.000006,0.543570,0.456395,2.283650,0.000000
pre_race,logistic_regression_multinomial,2025,19,United States Grand Prix,stroll,Lance Stroll,Aston Martin,12,no_points,no_points,1,0.000000,0.017728,0.039721,0.443662,0.498889,2.592823,0.000000
pre_race,logistic_regression_multinomial,2025,19,United States Grand Prix,antonelli,Andrea Kimi Antonelli,Mercedes,13,no_points,top5_no_podium,4,0.025250,0.132626,0.392223,0.327862,0.122040,8.511049,0.000000
pre_race,logistic_regression_multinomial,2025,19,United States Grand Prix,albon,Alexander Albon,Williams,14,no_points,no_points,1,0.000012,0.019264,0.196716,0.369702,0.414307,4.034766,0.000000
pre_race,logistic_regression_multinomial,2025,19,United States Grand Prix,ocon,Esteban Ocon,Haas F1 Team,15,no_points,no_points,1,0.001500,0.000364,0.037558,0.408565,0.552013,2.172609,0.000000
pre_race,logistic_regression_multinomial,2025,19,United States Grand Prix,hadjar,Isack Hadjar,RB F1 Team,16,no_points,no_points,1,0.000044,0.000146,0.000378,0.362084,0.637348,1.528415,0.000000
pre_race,logistic_regression_multinomial,2025,19,United States Grand Prix,colapinto,Franco Colapinto,Alpine F1 Team,17,no_points,no_points,1,0.000099,0.000219,0.000246,0.351326,0.648110,1.484364,0.000000
pre_race,logistic_regression_multinomial,2025,19,United States Grand Prix,bortoleto,Gabriel Bortoleto,Sauber,18,no_points,no_points,1,0.000022,0.002508,0.036079,0.267164,0.694227,1.560887,0.000000
pre_race,logistic_regression_multinomial,2025,19,United States Grand Prix,gasly,Pierre Gasly,Alpine F1 Team,19,no_points,no_points,1,0.000189,0.022469,0.041940,0.439225,0.496177,2.681560,0.000000
pre_race,logistic_regression_multinomial,2025,19,United States Grand Prix,sainz,Carlos Sainz,Williams,20,no_points,points_no_top5,2,0.002383,0.039784,0.261320,0.429166,0.267345,5.393050,0.000000
pre_race,logistic_regression_multinomial,2025,20,Mexico City Grand Prix,norris,Lando Norris,McLaren,1,win,podium_no_win,3,0.174423,0.392984,0.228130,0.170965,0.033498,14.072289,25.000000
pre_race,logistic_regression_multinomial,2025,20,Mexico City Grand Prix,leclerc,Charles Leclerc,Ferrari,2,podium_no_win,top5_no_podium,2,0.047056,0.237673,0.441281,0.169290,0.104702,10.663090,18.000000
pre_race,logistic_regression_multinomial,2025,20,Mexico City Grand Prix,max_verstappen,Max Verstappen,Red Bull,3,podium_no_win,win,2,0.588370,0.224595,0.117490,0.038509,0.031035,19.869199,15.000000
pre_race,logistic_regression_multinomial,2025,20,Mexico City Grand Prix,bearman,Oliver Bearman,Haas F1 Team,4,top5_no_podium,points_no_top5,3,0.000001,0.000000,0.000038,0.686506,0.313455,2.883769,12.000000
pre_race,logistic_regression_multinomial,2025,20,Mexico City Grand Prix,piastri,Oscar Piastri,McLaren,5,top5_no_podium,podium_no_win,2,0.151280,0.401280,0.292415,0.125022,0.030003,14.144779,10.000000
pre_race,logistic_regression_multinomial,2025,20,Mexico City Grand Prix,antonelli,Andrea Kimi Antonelli,Mercedes,6,points_no_top5,top5_no_podium,2,0.022794,0.123559,0.369268,0.342050,0.142329,8.107132,8.000000
pre_race,logistic_regression_multinomial,2025,20,Mexico City Grand Prix,russell,George Russell,Mercedes,7,points_no_top5,top5_no_podium,4,0.182482,0.268100,0.358673,0.111922,0.078823,13.401175,6.000000
pre_race,logistic_regression_multinomial,2025,20,Mexico City Grand Prix,hamilton,Lewis Hamilton,Ferrari,8,points_no_top5,top5_no_podium,2,0.059346,0.191594,0.413404,0.222198,0.113459,10.125615,4.000000
pre_race,logistic_regression_multinomial,2025,20,Mexico City Grand Prix,ocon,Esteban Ocon,Haas F1 Team,9,points_no_top5,no_points,2,0.001314,0.000334,0.034902,0.398483,0.564968,2.095902,2.000000
pre_race,logistic_regression_multinomial,2025,20,Mexico City Grand Prix,bortoleto,Gabriel Bortoleto,Sauber,10,points_no_top5,no_points,2,0.000021,0.002177,0.028073,0.236509,0.733220,1.338583,1.000000
pre_race,logistic_regression_multinomial,2025,20,Mexico City Grand Prix,tsunoda,Yuki Tsunoda,Red Bull,11,no_points,points_no_top5,2,0.000309,0.003743,0.228735,0.514073,0.253140,4.744681,0.000000
pre_race,logistic_regression_multinomial,2025,20,Mexico City Grand Prix,albon,Alexander Albon,Williams,12,no_points,no_points,1,0.000009,0.015660,0.164665,0.352712,0.466954,3.551311,0.000000
pre_race,logistic_regression_multinomial,2025,20,Mexico City Grand Prix,hadjar,Isack Hadjar,RB F1 Team,13,no_points,no_points,1,0.000042,0.000127,0.000307,0.335730,0.663793,1.416599,0.000000
pre_race,logistic_regression_multinomial,2025,20,Mexico City Grand Prix,stroll,Lance Stroll,Aston Martin,14,no_points,no_points,1,0.000000,0.014916,0.038756,0.453149,0.493179,2.575659,0.000000
pre_race,logistic_regression_multinomial,2025,20,Mexico City Grand Prix,gasly,Pierre Gasly,Alpine F1 Team,15,no_points,no_points,1,0.000180,0.020028,0.036247,0.426218,0.517327,2.523796,0.000000
pre_race,logistic_regression_multinomial,2025,20,Mexico City Grand Prix,colapinto,Franco Colapinto,Alpine F1 Team,16,no_points,no_points,1,0.000083,0.000193,0.000223,0.339932,0.659568,1.435434,0.000000
pre_race,logistic_regression_multinomial,2025,20,Mexico City Grand Prix,sainz,Carlos Sainz,Williams,17,no_points,points_no_top5,2,0.002565,0.038506,0.224686,0.420809,0.313434,4.938404,0.000000
pre_race,logistic_regression_multinomial,2025,20,Mexico City Grand Prix,alonso,Fernando Alonso,Aston Martin,18,no_points,points_no_top5,2,0.000053,0.048862,0.117308,0.556956,0.276821,4.437150,0.000000
pre_race,logistic_regression_multinomial,2025,20,Mexico City Grand Prix,hulkenberg,Nico Hülkenberg,Sauber,19,no_points,no_points,1,0.000002,0.000058,0.054190,0.340131,0.605618,2.025651,0.000000
pre_race,logistic_regression_multinomial,2025,20,Mexico City Grand Prix,lawson,Liam Lawson,RB F1 Team,20,no_points,points_no_top5,2,0.000009,0.000015,0.000005,0.541003,0.458968,2.272745,0.000000
pre_race,logistic_regression_multinomial,2025,21,São Paulo Grand Prix,norris,Lando Norris,McLaren,1,win,podium_no_win,2,0.343885,0.452322,0.131986,0.057851,0.013955,17.755276,25.000000
pre_race,logistic_regression_multinomial,2025,21,São Paulo Grand Prix,antonelli,Andrea Kimi Antonelli,Mercedes,2,podium_no_win,points_no_top5,4,0.025788,0.126413,0.344110,0.374769,0.128920,8.089744,18.000000
pre_race,logistic_regression_multinomial,2025,21,São Paulo Grand Prix,max_verstappen,Max Verstappen,Red Bull,3,podium_no_win,win,2,0.511555,0.250377,0.144787,0.046992,0.046288,18.710128,15.000000
pre_race,logistic_regression_multinomial,2025,21,São Paulo Grand Prix,russell,George Russell,Mercedes,4,top5_no_podium,top5_no_podium,1,0.165396,0.273383,0.390297,0.113065,0.057859,13.413865,12.000000
pre_race,logistic_regression_multinomial,2025,21,São Paulo Grand Prix,piastri,Oscar Piastri,McLaren,5,top5_no_podium,podium_no_win,2,0.205848,0.452367,0.273182,0.056600,0.012003,15.852973,10.000000
pre_race,logistic_regression_multinomial,2025,21,São Paulo Grand Prix,bearman,Oliver Bearman,Haas F1 Team,6,points_no_top5,points_no_top5,1,0.000003,0.000000,0.000072,0.702490,0.297434,2.951334,8.000000
pre_race,logistic_regression_multinomial,2025,21,São Paulo Grand Prix,lawson,Liam Lawson,RB F1 Team,7,points_no_top5,no_points,2,0.000013,0.000019,0.000005,0.490840,0.509123,2.062216,6.000000
pre_race,logistic_regression_multinomial,2025,21,São Paulo Grand Prix,hadjar,Isack Hadjar,RB F1 Team,8,points_no_top5,no_points,2,0.000062,0.000162,0.000351,0.332570,0.666856,1.404874,4.000000
pre_race,logistic_regression_multinomial,2025,21,São Paulo Grand Prix,hulkenberg,Nico Hülkenberg,Sauber,9,points_no_top5,no_points,2,0.000004,0.000090,0.067879,0.335020,0.597006,2.155347,2.000000
pre_race,logistic_regression_multinomial,2025,21,São Paulo Grand Prix,gasly,Pierre Gasly,Alpine F1 Team,10,points_no_top5,no_points,2,0.000281,0.027383,0.045790,0.441517,0.485029,2.816909,1.000000
pre_race,logistic_regression_multinomial,2025,21,São Paulo Grand Prix,albon,Alexander Albon,Williams,11,no_points,no_points,1,0.000011,0.016737,0.162803,0.401763,0.418686,3.754660,0.000000
pre_race,logistic_regression_multinomial,2025,21,São Paulo Grand Prix,ocon,Esteban Ocon,Haas F1 Team,12,no_points,no_points,1,0.002730,0.000592,0.051375,0.425307,0.519996,2.429437,0.000000
pre_race,logistic_regression_multinomial,2025,21,São Paulo Grand Prix,sainz,Carlos Sainz,Williams,13,no_points,points_no_top5,2,0.002929,0.043808,0.241593,0.443078,0.268593,5.314495,0.000000
pre_race,logistic_regression_multinomial,2025,21,São Paulo Grand Prix,alonso,Fernando Alonso,Aston Martin,14,no_points,points_no_top5,2,0.000093,0.072071,0.139709,0.526117,0.262010,4.937986,0.000000
pre_race,logistic_regression_multinomial,2025,21,São Paulo Grand Prix,colapinto,Franco Colapinto,Alpine F1 Team,15,no_points,no_points,1,0.000130,0.000282,0.000300,0.358033,0.641255,1.514950,0.000000
pre_race,logistic_regression_multinomial,2025,21,São Paulo Grand Prix,stroll,Lance Stroll,Aston Martin,16,no_points,points_no_top5,2,0.000000,0.020370,0.048903,0.468873,0.461854,2.843315,0.000000
pre_race,logistic_regression_multinomial,2025,21,São Paulo Grand Prix,tsunoda,Yuki Tsunoda,Red Bull,17,no_points,points_no_top5,2,0.000241,0.003246,0.212774,0.486625,0.297115,4.443905,0.000000
pre_race,logistic_regression_multinomial,2025,21,São Paulo Grand Prix,hamilton,Lewis Hamilton,Ferrari,18,no_points,top5_no_podium,5,0.107088,0.266253,0.446681,0.120459,0.059519,12.489783,0.000000
pre_race,logistic_regression_multinomial,2025,21,São Paulo Grand Prix,leclerc,Charles Leclerc,Ferrari,19,no_points,top5_no_podium,5,0.129146,0.340921,0.378451,0.092785,0.058696,13.406506,0.000000
pre_race,logistic_regression_multinomial,2025,21,São Paulo Grand Prix,bortoleto,Gabriel Bortoleto,Sauber,20,no_points,no_points,1,0.000037,0.003368,0.037092,0.244116,0.715388,1.489782,0.000000
pre_race,logistic_regression_multinomial,2025,22,Las Vegas Grand Prix,max_verstappen,Max Verstappen,Red Bull,1,win,win,1,0.642679,0.207070,0.092716,0.029865,0.027670,20.628939,25.000000
pre_race,logistic_regression_multinomial,2025,22,Las Vegas Grand Prix,russell,George Russell,Mercedes,2,podium_no_win,top5_no_podium,2,0.164127,0.280452,0.407641,0.098671,0.049109,13.629105,18.000000
pre_race,logistic_regression_multinomial,2025,22,Las Vegas Grand Prix,antonelli,Andrea Kimi Antonelli,Mercedes,3,podium_no_win,points_no_top5,4,0.050035,0.142653,0.261730,0.382137,0.163446,8.088643,15.000000
pre_race,logistic_regression_multinomial,2025,22,Las Vegas Grand Prix,leclerc,Charles Leclerc,Ferrari,4,top5_no_podium,podium_no_win,2,0.151644,0.351598,0.310657,0.092333,0.093768,13.397490,12.000000
pre_race,logistic_regression_multinomial,2025,22,Las Vegas Grand Prix,sainz,Carlos Sainz,Williams,5,top5_no_podium,points_no_top5,3,0.004828,0.052886,0.225526,0.423072,0.293688,5.251009,10.000000
pre_race,logistic_regression_multinomial,2025,22,Las Vegas Grand Prix,hadjar,Isack Hadjar,RB F1 Team,6,points_no_top5,no_points,2,0.000129,0.000236,0.000373,0.326146,0.673116,1.381033,8.000000
pre_race,logistic_regression_multinomial,2025,22,Las Vegas Grand Prix,hulkenberg,Nico Hülkenberg,Sauber,7,points_no_top5,no_points,2,0.000004,0.000083,0.061809,0.314385,0.623720,2.001770,6.000000
pre_race,logistic_regression_multinomial,2025,22,Las Vegas Grand Prix,hamilton,Lewis Hamilton,Ferrari,8,points_no_top5,top5_no_podium,4,0.135794,0.280287,0.372191,0.120738,0.090990,12.620791,4.000000
pre_race,logistic_regression_multinomial,2025,22,Las Vegas Grand Prix,ocon,Esteban Ocon,Haas F1 Team,9,points_no_top5,no_points,2,0.005548,0.000848,0.062128,0.459024,0.472453,2.763989,2.000000
pre_race,logistic_regression_multinomial,2025,22,Las Vegas Grand Prix,bearman,Oliver Bearman,Haas F1 Team,10,points_no_top5,points_no_top5,1,0.000009,0.000001,0.000086,0.728072,0.271832,3.059087,1.000000
pre_race,logistic_regression_multinomial,2025,22,Las Vegas Grand Prix,alonso,Fernando Alonso,Aston Martin,11,no_points,points_no_top5,2,0.000133,0.075566,0.118757,0.503227,0.302318,4.670033,0.000000
pre_race,logistic_regression_multinomial,2025,22,Las Vegas Grand Prix,tsunoda,Yuki Tsunoda,Red Bull,12,no_points,points_no_top5,2,0.000587,0.004617,0.217382,0.485625,0.291789,4.521680,0.000000
pre_race,logistic_regression_multinomial,2025,22,Las Vegas Grand Prix,gasly,Pierre Gasly,Alpine F1 Team,13,no_points,no_points,1,0.000351,0.030962,0.048717,0.442010,0.477960,2.911985,0.000000
pre_race,logistic_regression_multinomial,2025,22,Las Vegas Grand Prix,lawson,Liam Lawson,RB F1 Team,14,no_points,points_no_top5,2,0.000026,0.000026,0.000006,0.506837,0.493105,2.129861,0.000000
pre_race,logistic_regression_multinomial,2025,22,Las Vegas Grand Prix,colapinto,Franco Colapinto,Alpine F1 Team,15,no_points,no_points,1,0.000200,0.000330,0.000286,0.340667,0.658517,1.444391,0.000000
pre_race,logistic_regression_multinomial,2025,22,Las Vegas Grand Prix,albon,Alexander Albon,Williams,16,no_points,no_points,1,0.000015,0.018738,0.157496,0.392897,0.430855,3.692170,0.000000
pre_race,logistic_regression_multinomial,2025,22,Las Vegas Grand Prix,bortoleto,Gabriel Bortoleto,Sauber,17,no_points,no_points,1,0.000044,0.003202,0.027269,0.198159,0.771327,1.186158,0.000000
pre_race,logistic_regression_multinomial,2025,22,Las Vegas Grand Prix,stroll,Lance Stroll,Aston Martin,18,no_points,no_points,1,0.000000,0.022645,0.042970,0.438676,0.495709,2.688754,0.000000
pre_race,logistic_regression_multinomial,2025,22,Las Vegas Grand Prix,norris,Lando Norris,McLaren,19,no_points,win,5,0.516695,0.381306,0.067047,0.028026,0.006927,20.064139,0.000000
pre_race,logistic_regression_multinomial,2025,22,Las Vegas Grand Prix,piastri,Oscar Piastri,McLaren,20,no_points,podium_no_win,5,0.278594,0.463560,0.207732,0.040644,0.009470,17.069352,0.000000
pre_race,logistic_regression_multinomial,2025,23,Qatar Grand Prix,max_verstappen,Max Verstappen,Red Bull,1,win,win,1,0.526107,0.250502,0.138213,0.046499,0.038679,19.001591,25.000000
pre_race,logistic_regression_multinomial,2025,23,Qatar Grand Prix,piastri,Oscar Piastri,McLaren,2,podium_no_win,podium_no_win,1,0.178896,0.453258,0.264566,0.084600,0.018680,15.216707,18.000000
pre_race,logistic_regression_multinomial,2025,23,Qatar Grand Prix,sainz,Carlos Sainz,Williams,3,podium_no_win,points_no_top5,4,0.002678,0.053219,0.296878,0.426061,0.221164,6.000183,15.000000
pre_race,logistic_regression_multinomial,2025,23,Qatar Grand Prix,norris,Lando Norris,McLaren,4,top5_no_podium,podium_no_win,3,0.327626,0.464196,0.126196,0.068141,0.013841,17.524236,12.000000
pre_race,logistic_regression_multinomial,2025,23,Qatar Grand Prix,antonelli,Andrea Kimi Antonelli,Mercedes,5,top5_no_podium,points_no_top5,2,0.050679,0.169188,0.296645,0.330749,0.152739,8.710816,10.000000
pre_race,logistic_regression_multinomial,2025,23,Qatar Grand Prix,russell,George Russell,Mercedes,6,points_no_top5,top5_no_podium,4,0.152252,0.312762,0.411682,0.077501,0.045802,13.820888,8.000000
pre_race,logistic_regression_multinomial,2025,23,Qatar Grand Prix,alonso,Fernando Alonso,Aston Martin,7,points_no_top5,points_no_top5,1,0.000039,0.045191,0.099461,0.485789,0.369521,3.880993,6.000000
pre_race,logistic_regression_multinomial,2025,23,Qatar Grand Prix,leclerc,Charles Leclerc,Ferrari,8,points_no_top5,top5_no_podium,3,0.083276,0.316607,0.392017,0.127350,0.080750,12.152984,4.000000
pre_race,logistic_regression_multinomial,2025,23,Qatar Grand Prix,lawson,Liam Lawson,RB F1 Team,9,points_no_top5,points_no_top5,1,0.000018,0.000024,0.000006,0.531011,0.468940,2.231175,2.000000
pre_race,logistic_regression_multinomial,2025,23,Qatar Grand Prix,tsunoda,Yuki Tsunoda,Red Bull,10,points_no_top5,points_no_top5,1,0.000256,0.003362,0.216102,0.492388,0.287892,4.507024,1.000000
pre_race,logistic_regression_multinomial,2025,23,Qatar Grand Prix,albon,Alexander Albon,Williams,11,no_points,points_no_top5,2,0.000010,0.018593,0.179723,0.401017,0.400657,3.968256,0.000000
pre_race,logistic_regression_multinomial,2025,23,Qatar Grand Prix,hamilton,Lewis Hamilton,Ferrari,12,no_points,top5_no_podium,4,0.063633,0.225872,0.412822,0.186053,0.111621,10.640158,0.000000
pre_race,logistic_regression_multinomial,2025,23,Qatar Grand Prix,bortoleto,Gabriel Bortoleto,Sauber,13,no_points,no_points,1,0.000053,0.004346,0.045090,0.277590,0.672922,1.734883,0.000000
pre_race,logistic_regression_multinomial,2025,23,Qatar Grand Prix,colapinto,Franco Colapinto,Alpine F1 Team,14,no_points,no_points,1,0.000104,0.000275,0.000323,0.371928,0.627370,1.572780,0.000000
pre_race,logistic_regression_multinomial,2025,23,Qatar Grand Prix,ocon,Esteban Ocon,Haas F1 Team,15,no_points,points_no_top5,2,0.002727,0.000722,0.073603,0.495783,0.427165,2.972010,0.000000
pre_race,logistic_regression_multinomial,2025,23,Qatar Grand Prix,gasly,Pierre Gasly,Alpine F1 Team,16,no_points,points_no_top5,2,0.000158,0.024066,0.055746,0.485915,0.434115,3.055091,0.000000
pre_race,logistic_regression_multinomial,2025,23,Qatar Grand Prix,stroll,Lance Stroll,Aston Martin,17,no_points,no_points,1,0.000000,0.014072,0.032809,0.372532,0.580588,2.157717,0.000000
pre_race,logistic_regression_multinomial,2025,23,Qatar Grand Prix,hadjar,Isack Hadjar,RB F1 Team,18,no_points,no_points,1,0.000090,0.000257,0.000512,0.384278,0.614862,1.626100,0.000000
pre_race,logistic_regression_multinomial,2025,23,Qatar Grand Prix,bearman,Oliver Bearman,Haas F1 Team,19,no_points,points_no_top5,2,0.000005,0.000001,0.000092,0.746330,0.253573,3.135720,0.000000
pre_race,logistic_regression_multinomial,2025,23,Qatar Grand Prix,hulkenberg,Nico Hülkenberg,Sauber,20,no_points,no_points,1,0.000005,0.000105,0.090765,0.412078,0.497047,2.730998,0.000000
pre_race,logistic_regression_multinomial,2025,24,Abu Dhabi Grand Prix,max_verstappen,Max Verstappen,Red Bull,1,win,win,1,0.604099,0.233616,0.099487,0.033525,0.029273,20.192302,25.000000
pre_race,logistic_regression_multinomial,2025,24,Abu Dhabi Grand Prix,piastri,Oscar Piastri,McLaren,2,podium_no_win,podium_no_win,1,0.222644,0.418330,0.219217,0.110051,0.029757,15.342160,18.000000
pre_race,logistic_regression_multinomial,2025,24,Abu Dhabi Grand Prix,norris,Lando Norris,McLaren,3,podium_no_win,podium_no_win,1,0.240520,0.478189,0.175191,0.088531,0.017569,16.202054,15.000000
pre_race,logistic_regression_multinomial,2025,24,Abu Dhabi Grand Prix,leclerc,Charles Leclerc,Ferrari,4,top5_no_podium,top5_no_podium,1,0.048330,0.247947,0.419070,0.184903,0.099749,10.685754,12.000000
pre_race,logistic_regression_multinomial,2025,24,Abu Dhabi Grand Prix,russell,George Russell,Mercedes,5,top5_no_podium,top5_no_podium,1,0.155789,0.308102,0.401288,0.082544,0.052276,13.739273,10.000000
pre_race,logistic_regression_multinomial,2025,24,Abu Dhabi Grand Prix,alonso,Fernando Alonso,Aston Martin,6,points_no_top5,points_no_top5,1,0.000058,0.053737,0.124070,0.545248,0.276887,4.542924,8.000000
pre_race,logistic_regression_multinomial,2025,24,Abu Dhabi Grand Prix,ocon,Esteban Ocon,Haas F1 Team,7,points_no_top5,no_points,2,0.001341,0.000406,0.046348,0.423894,0.528010,2.330412,6.000000
pre_race,logistic_regression_multinomial,2025,24,Abu Dhabi Grand Prix,hamilton,Lewis Hamilton,Ferrari,8,points_no_top5,top5_no_podium,2,0.048931,0.166683,0.346203,0.278408,0.159775,8.951090,4.000000
pre_race,logistic_regression_multinomial,2025,24,Abu Dhabi Grand Prix,hulkenberg,Nico Hülkenberg,Sauber,9,points_no_top5,no_points,2,0.000003,0.000067,0.063481,0.364246,0.572203,2.229304,2.000000
pre_race,logistic_regression_multinomial,2025,24,Abu Dhabi Grand Prix,stroll,Lance Stroll,Aston Martin,10,points_no_top5,no_points,2,0.000000,0.018482,0.038378,0.418539,0.524600,2.484984,1.000000
pre_race,logistic_regression_multinomial,2025,24,Abu Dhabi Grand Prix,bortoleto,Gabriel Bortoleto,Sauber,11,no_points,no_points,1,0.000028,0.002728,0.029975,0.224026,0.743243,1.316351,0.000000
pre_race,logistic_regression_multinomial,2025,24,Abu Dhabi Grand Prix,bearman,Oliver Bearman,Haas F1 Team,12,no_points,points_no_top5,2,0.000002,0.000000,0.000052,0.646034,0.353911,2.713978,0.000000
pre_race,logistic_regression_multinomial,2025,24,Abu Dhabi Grand Prix,sainz,Carlos Sainz,Williams,13,no_points,points_no_top5,3,0.003174,0.058972,0.299064,0.378734,0.260057,5.932767,0.000000
pre_race,logistic_regression_multinomial,2025,24,Abu Dhabi Grand Prix,tsunoda,Yuki Tsunoda,Red Bull,14,no_points,points_no_top5,2,0.000252,0.003308,0.209189,0.485245,0.302006,4.399992,0.000000
pre_race,logistic_regression_multinomial,2025,24,Abu Dhabi Grand Prix,antonelli,Andrea Kimi Antonelli,Mercedes,15,no_points,points_no_top5,3,0.048815,0.166399,0.284492,0.332458,0.167836,8.491689,0.000000
pre_race,logistic_regression_multinomial,2025,24,Abu Dhabi Grand Prix,albon,Alexander Albon,Williams,16,no_points,no_points,1,0.000010,0.019819,0.199021,0.339446,0.441704,3.942166,0.000000
pre_race,logistic_regression_multinomial,2025,24,Abu Dhabi Grand Prix,hadjar,Isack Hadjar,RB F1 Team,17,no_points,no_points,1,0.000085,0.000212,0.000400,0.351367,0.647937,1.485749,0.000000
pre_race,logistic_regression_multinomial,2025,24,Abu Dhabi Grand Prix,lawson,Liam Lawson,RB F1 Team,18,no_points,points_no_top5,2,0.000012,0.000018,0.000006,0.546404,0.453560,2.295555,0.000000
pre_race,logistic_regression_multinomial,2025,24,Abu Dhabi Grand Prix,gasly,Pierre Gasly,Alpine F1 Team,19,no_points,points_no_top5,2,0.000132,0.018890,0.045864,0.472971,0.462143,2.805975,0.000000
pre_race,logistic_regression_multinomial,2025,24,Abu Dhabi Grand Prix,colapinto,Franco Colapinto,Alpine F1 Team,20,no_points,no_points,1,0.000075,0.000211,0.000275,0.356184,0.643256,1.504356,0.000000
pre_race,hist_gradient_boosting_classifier,2025,1,Australian Grand Prix,norris,Lando Norris,McLaren,1,win,no_points,5,0.018323,0.280788,0.172305,0.189579,0.339004,7.782678,25.000000
pre_race,hist_gradient_boosting_classifier,2025,1,Australian Grand Prix,max_verstappen,Max Verstappen,Red Bull,2,podium_no_win,win,4,0.329015,0.155254,0.180926,0.251248,0.083558,13.832478,18.000000
pre_race,hist_gradient_boosting_classifier,2025,1,Australian Grand Prix,russell,George Russell,Mercedes,3,podium_no_win,top5_no_podium,5,0.179178,0.134237,0.314500,0.168210,0.203875,10.860342,15.000000
pre_race,hist_gradient_boosting_classifier,2025,1,Australian Grand Prix,antonelli,Andrea Kimi Antonelli,Mercedes,4,top5_no_podium,top5_no_podium,1,0.003790,0.080115,0.486159,0.181003,0.248934,7.524602,12.000000
pre_race,hist_gradient_boosting_classifier,2025,1,Australian Grand Prix,albon,Alexander Albon,Williams,5,top5_no_podium,no_points,3,0.000039,0.001024,0.005678,0.091244,0.902014,0.463568,10.000000
pre_race,hist_gradient_boosting_classifier,2025,1,Australian Grand Prix,stroll,Lance Stroll,Aston Martin,6,points_no_top5,no_points,2,0.000066,0.003392,0.030529,0.321841,0.644173,1.745156,8.000000
pre_race,hist_gradient_boosting_classifier,2025,1,Australian Grand Prix,hulkenberg,Nico Hülkenberg,Sauber,7,points_no_top5,no_points,2,0.000047,0.002380,0.022894,0.452970,0.521709,2.194751,6.000000
pre_race,hist_gradient_boosting_classifier,2025,1,Australian Grand Prix,leclerc,Charles Leclerc,Ferrari,8,points_no_top5,top5_no_podium,5,0.145938,0.143931,0.446042,0.065213,0.198875,11.203671,4.000000
pre_race,hist_gradient_boosting_classifier,2025,1,Australian Grand Prix,piastri,Oscar Piastri,McLaren,9,points_no_top5,no_points,3,0.010608,0.193561,0.257108,0.253132,0.285591,7.350291,2.000000
pre_race,hist_gradient_boosting_classifier,2025,1,Australian Grand Prix,hamilton,Lewis Hamilton,Ferrari,10,points_no_top5,top5_no_podium,4,0.028948,0.239064,0.358966,0.129079,0.243942,9.159028,1.000000
pre_race,hist_gradient_boosting_classifier,2025,1,Australian Grand Prix,gasly,Pierre Gasly,Alpine F1 Team,11,no_points,no_points,1,0.000463,0.015769,0.022131,0.364770,0.596867,2.047235,0.000000
pre_race,hist_gradient_boosting_classifier,2025,1,Australian Grand Prix,tsunoda,Yuki Tsunoda,RB F1 Team,12,no_points,no_points,1,0.000075,0.008246,0.001018,0.266957,0.723705,1.270335,0.000000
pre_race,hist_gradient_boosting_classifier,2025,1,Australian Grand Prix,ocon,Esteban Ocon,Haas F1 Team,13,no_points,points_no_top5,2,0.000413,0.025343,0.040689,0.501288,0.432267,2.981487,0.000000
pre_race,hist_gradient_boosting_classifier,2025,1,Australian Grand Prix,bearman,Oliver Bearman,Haas F1 Team,14,no_points,no_points,1,0.000185,0.008584,0.017430,0.276549,0.697252,1.499495,0.000000
pre_race,hist_gradient_boosting_classifier,2025,1,Australian Grand Prix,lawson,Liam Lawson,Red Bull,15,no_points,no_points,1,0.002114,0.035329,0.136951,0.388059,0.437547,3.772098,0.000000
pre_race,hist_gradient_boosting_classifier,2025,1,Australian Grand Prix,bortoleto,Gabriel Bortoleto,Sauber,16,no_points,no_points,1,0.000045,0.004369,0.019720,0.224660,0.751205,1.233711,0.000000
pre_race,hist_gradient_boosting_classifier,2025,1,Australian Grand Prix,alonso,Fernando Alonso,Aston Martin,17,no_points,no_points,1,0.000087,0.054191,0.039294,0.405178,0.501251,3.030292,0.000000
pre_race,hist_gradient_boosting_classifier,2025,1,Australian Grand Prix,sainz,Carlos Sainz,Williams,18,no_points,points_no_top5,2,0.001639,0.027374,0.020214,0.655288,0.295485,3.467205,0.000000
pre_race,hist_gradient_boosting_classifier,2025,1,Australian Grand Prix,doohan,Jack Doohan,Alpine F1 Team,19,no_points,no_points,1,0.000138,0.005427,0.006392,0.217250,0.770793,1.075747,0.000000
pre_race,hist_gradient_boosting_classifier,2025,1,Australian Grand Prix,hadjar,Isack Hadjar,RB F1 Team,20,no_points,no_points,1,0.000075,0.004853,0.003779,0.147754,0.843539,0.744075,0.000000
pre_race,hist_gradient_boosting_classifier,2025,2,Chinese Grand Prix,piastri,Oscar Piastri,McLaren,1,win,points_no_top5,5,0.021174,0.185740,0.154253,0.344311,0.294521,6.736960,25.000000
pre_race,hist_gradient_boosting_classifier,2025,2,Chinese Grand Prix,norris,Lando Norris,McLaren,2,podium_no_win,podium_no_win,1,0.011874,0.563346,0.178559,0.191335,0.054885,12.359829,18.000000
pre_race,hist_gradient_boosting_classifier,2025,2,Chinese Grand Prix,russell,George Russell,Mercedes,3,podium_no_win,top5_no_podium,2,0.016245,0.239006,0.321591,0.224678,0.198480,8.830876,15.000000
pre_race,hist_gradient_boosting_classifier,2025,2,Chinese Grand Prix,max_verstappen,Max Verstappen,Red Bull,4,top5_no_podium,podium_no_win,2,0.069133,0.349973,0.220270,0.197653,0.162971,10.755992,12.000000
pre_race,hist_gradient_boosting_classifier,2025,2,Chinese Grand Prix,ocon,Esteban Ocon,Haas F1 Team,5,top5_no_podium,no_points,3,0.000501,0.000228,0.002875,0.154011,0.842385,0.694762,10.000000
pre_race,hist_gradient_boosting_classifier,2025,2,Chinese Grand Prix,antonelli,Andrea Kimi Antonelli,Mercedes,6,points_no_top5,top5_no_podium,4,0.004282,0.235059,0.329574,0.188338,0.242747,8.401855,8.000000
pre_race,hist_gradient_boosting_classifier,2025,2,Chinese Grand Prix,albon,Alexander Albon,Williams,7,points_no_top5,no_points,2,0.000438,0.007664,0.040350,0.425071,0.526476,2.366579,6.000000
pre_race,hist_gradient_boosting_classifier,2025,2,Chinese Grand Prix,bearman,Oliver Bearman,Haas F1 Team,8,points_no_top5,no_points,2,0.000321,0.000592,0.003125,0.155549,0.840413,0.705468,4.000000
pre_race,hist_gradient_boosting_classifier,2025,2,Chinese Grand Prix,stroll,Lance Stroll,Aston Martin,9,points_no_top5,no_points,2,0.000131,0.017055,0.005085,0.320904,0.656825,1.688406,2.000000
pre_race,hist_gradient_boosting_classifier,2025,2,Chinese Grand Prix,sainz,Carlos Sainz,Williams,10,points_no_top5,points_no_top5,1,0.001522,0.120093,0.076989,0.602088,0.199307,5.395244,1.000000
pre_race,hist_gradient_boosting_classifier,2025,2,Chinese Grand Prix,hadjar,Isack Hadjar,RB F1 Team,11,no_points,no_points,1,0.000041,0.000314,0.000276,0.025139,0.974230,0.114819,0.000000
pre_race,hist_gradient_boosting_classifier,2025,2,Chinese Grand Prix,lawson,Liam Lawson,Red Bull,12,no_points,points_no_top5,2,0.003932,0.020278,0.261930,0.359810,0.354050,4.825321,0.000000
pre_race,hist_gradient_boosting_classifier,2025,2,Chinese Grand Prix,doohan,Jack Doohan,Alpine F1 Team,13,no_points,no_points,1,0.000493,0.001548,0.002147,0.242509,0.753303,1.080018,0.000000
pre_race,hist_gradient_boosting_classifier,2025,2,Chinese Grand Prix,bortoleto,Gabriel Bortoleto,Sauber,14,no_points,no_points,1,0.000370,0.000864,0.010573,0.188441,0.799753,0.931258,0.000000
pre_race,hist_gradient_boosting_classifier,2025,2,Chinese Grand Prix,hulkenberg,Nico Hülkenberg,Sauber,15,no_points,no_points,1,0.000483,0.001568,0.017549,0.252578,0.727823,1.291804,0.000000
pre_race,hist_gradient_boosting_classifier,2025,2,Chinese Grand Prix,tsunoda,Yuki Tsunoda,RB F1 Team,16,no_points,no_points,1,0.000118,0.000618,0.000595,0.078632,0.920037,0.349944,0.000000
pre_race,hist_gradient_boosting_classifier,2025,2,Chinese Grand Prix,alonso,Fernando Alonso,Aston Martin,17,no_points,no_points,1,0.000579,0.013792,0.033001,0.289726,0.662902,1.821893,0.000000
pre_race,hist_gradient_boosting_classifier,2025,2,Chinese Grand Prix,leclerc,Charles Leclerc,Ferrari,18,no_points,no_points,1,0.011505,0.349692,0.097853,0.173486,0.367464,7.862578,0.000000
pre_race,hist_gradient_boosting_classifier,2025,2,Chinese Grand Prix,hamilton,Lewis Hamilton,Ferrari,19,no_points,no_points,1,0.012801,0.092275,0.164729,0.313894,0.416301,4.972930,0.000000
pre_race,hist_gradient_boosting_classifier,2025,2,Chinese Grand Prix,gasly,Pierre Gasly,Alpine F1 Team,20,no_points,points_no_top5,2,0.000879,0.009184,0.004114,0.529439,0.456383,2.442411,0.000000
pre_race,hist_gradient_boosting_classifier,2025,3,Japanese Grand Prix,max_verstappen,Max Verstappen,Red Bull,1,win,points_no_top5,5,0.009772,0.140291,0.268725,0.378749,0.202463,7.105824,25.000000
pre_race,hist_gradient_boosting_classifier,2025,3,Japanese Grand Prix,norris,Lando Norris,McLaren,2,podium_no_win,podium_no_win,1,0.219045,0.537120,0.057187,0.108112,0.078536,15.421733,18.000000
pre_race,hist_gradient_boosting_classifier,2025,3,Japanese Grand Prix,piastri,Oscar Piastri,McLaren,3,podium_no_win,podium_no_win,1,0.019916,0.471313,0.249112,0.100029,0.159630,11.434920,15.000000
pre_race,hist_gradient_boosting_classifier,2025,3,Japanese Grand Prix,leclerc,Charles Leclerc,Ferrari,4,top5_no_podium,no_points,4,0.001654,0.051412,0.042394,0.419471,0.485069,3.117763,12.000000
pre_race,hist_gradient_boosting_classifier,2025,3,Japanese Grand Prix,russell,George Russell,Mercedes,5,top5_no_podium,podium_no_win,2,0.044568,0.377112,0.257140,0.157873,0.163306,10.828166,10.000000
pre_race,hist_gradient_boosting_classifier,2025,3,Japanese Grand Prix,antonelli,Andrea Kimi Antonelli,Mercedes,6,points_no_top5,top5_no_podium,4,0.007665,0.268053,0.289828,0.200762,0.233692,8.645800,8.000000
pre_race,hist_gradient_boosting_classifier,2025,3,Japanese Grand Prix,hamilton,Lewis Hamilton,Ferrari,7,points_no_top5,no_points,2,0.005219,0.021608,0.101909,0.426122,0.445143,3.397711,6.000000
pre_race,hist_gradient_boosting_classifier,2025,3,Japanese Grand Prix,hadjar,Isack Hadjar,RB F1 Team,8,points_no_top5,no_points,2,0.000073,0.000194,0.000219,0.040653,0.958861,0.178178,4.000000
pre_race,hist_gradient_boosting_classifier,2025,3,Japanese Grand Prix,albon,Alexander Albon,Williams,9,points_no_top5,no_points,2,0.000206,0.005382,0.136064,0.429170,0.429179,3.393155,2.000000
pre_race,hist_gradient_boosting_classifier,2025,3,Japanese Grand Prix,bearman,Oliver Bearman,Haas F1 Team,10,points_no_top5,no_points,2,0.000236,0.002560,0.008376,0.277093,0.711734,1.304073,1.000000
pre_race,hist_gradient_boosting_classifier,2025,3,Japanese Grand Prix,alonso,Fernando Alonso,Aston Martin,11,no_points,no_points,1,0.000344,0.002312,0.009784,0.218834,0.768726,1.073462,0.000000
pre_race,hist_gradient_boosting_classifier,2025,3,Japanese Grand Prix,tsunoda,Yuki Tsunoda,Red Bull,12,no_points,points_no_top5,2,0.003362,0.048936,0.093121,0.624357,0.230225,4.538108,0.000000
pre_race,hist_gradient_boosting_classifier,2025,3,Japanese Grand Prix,gasly,Pierre Gasly,Alpine F1 Team,13,no_points,no_points,1,0.000177,0.000559,0.001646,0.405520,0.592099,1.734934,0.000000
pre_race,hist_gradient_boosting_classifier,2025,3,Japanese Grand Prix,sainz,Carlos Sainz,Williams,14,no_points,points_no_top5,2,0.001182,0.023832,0.084405,0.551901,0.338680,3.669216,0.000000
pre_race,hist_gradient_boosting_classifier,2025,3,Japanese Grand Prix,doohan,Jack Doohan,Alpine F1 Team,15,no_points,no_points,1,0.000182,0.000442,0.000889,0.190156,0.808330,0.820290,0.000000
pre_race,hist_gradient_boosting_classifier,2025,3,Japanese Grand Prix,hulkenberg,Nico Hülkenberg,Sauber,16,no_points,no_points,1,0.000151,0.001502,0.020093,0.214073,0.764180,1.148689,0.000000
pre_race,hist_gradient_boosting_classifier,2025,3,Japanese Grand Prix,lawson,Liam Lawson,RB F1 Team,17,no_points,no_points,1,0.000067,0.000500,0.000307,0.048119,0.951007,0.215406,0.000000
pre_race,hist_gradient_boosting_classifier,2025,3,Japanese Grand Prix,ocon,Esteban Ocon,Haas F1 Team,18,no_points,no_points,1,0.000241,0.006412,0.012687,0.336529,0.644131,1.664801,0.000000
pre_race,hist_gradient_boosting_classifier,2025,3,Japanese Grand Prix,bortoleto,Gabriel Bortoleto,Sauber,19,no_points,no_points,1,0.000319,0.000848,0.007055,0.229467,0.762312,1.063324,0.000000
pre_race,hist_gradient_boosting_classifier,2025,3,Japanese Grand Prix,stroll,Lance Stroll,Aston Martin,20,no_points,no_points,1,0.000109,0.005226,0.002501,0.397007,0.595157,1.783892,0.000000
pre_race,hist_gradient_boosting_classifier,2025,4,Bahrain Grand Prix,piastri,Oscar Piastri,McLaren,1,win,podium_no_win,4,0.081874,0.535073,0.179817,0.124838,0.078398,13.377868,25.000000
pre_race,hist_gradient_boosting_classifier,2025,4,Bahrain Grand Prix,russell,George Russell,Mercedes,2,podium_no_win,podium_no_win,1,0.069515,0.492931,0.256055,0.117971,0.063528,13.183315,18.000000
pre_race,hist_gradient_boosting_classifier,2025,4,Bahrain Grand Prix,norris,Lando Norris,McLaren,3,podium_no_win,podium_no_win,1,0.091519,0.669251,0.039446,0.095270,0.104513,14.164669,15.000000
pre_race,hist_gradient_boosting_classifier,2025,4,Bahrain Grand Prix,leclerc,Charles Leclerc,Ferrari,4,top5_no_podium,points_no_top5,3,0.001685,0.142030,0.203190,0.364537,0.288558,6.151755,12.000000
pre_race,hist_gradient_boosting_classifier,2025,4,Bahrain Grand Prix,hamilton,Lewis Hamilton,Ferrari,5,top5_no_podium,points_no_top5,3,0.000430,0.123785,0.242806,0.342887,0.290093,6.164182,10.000000
pre_race,hist_gradient_boosting_classifier,2025,4,Bahrain Grand Prix,max_verstappen,Max Verstappen,Red Bull,6,points_no_top5,win,3,0.394316,0.315084,0.073806,0.155603,0.061190,16.522188,8.000000
pre_race,hist_gradient_boosting_classifier,2025,4,Bahrain Grand Prix,gasly,Pierre Gasly,Alpine F1 Team,7,points_no_top5,no_points,2,0.000048,0.001522,0.000384,0.028805,0.969241,0.151510,6.000000
pre_race,hist_gradient_boosting_classifier,2025,4,Bahrain Grand Prix,ocon,Esteban Ocon,Haas F1 Team,8,points_no_top5,no_points,2,0.000087,0.001986,0.018446,0.272747,0.706733,1.383395,4.000000
pre_race,hist_gradient_boosting_classifier,2025,4,Bahrain Grand Prix,tsunoda,Yuki Tsunoda,Red Bull,9,points_no_top5,points_no_top5,1,0.001728,0.078985,0.132971,0.447906,0.338410,4.690335,2.000000
pre_race,hist_gradient_boosting_classifier,2025,4,Bahrain Grand Prix,bearman,Oliver Bearman,Haas F1 Team,10,points_no_top5,no_points,2,0.000094,0.001747,0.015001,0.196862,0.786296,1.023009,1.000000
pre_race,hist_gradient_boosting_classifier,2025,4,Bahrain Grand Prix,antonelli,Andrea Kimi Antonelli,Mercedes,11,no_points,podium_no_win,4,0.006852,0.404604,0.272909,0.231139,0.084496,10.820047,0.000000
pre_race,hist_gradient_boosting_classifier,2025,4,Bahrain Grand Prix,albon,Alexander Albon,Williams,12,no_points,points_no_top5,2,0.000113,0.010253,0.072997,0.486635,0.430002,3.018836,0.000000
pre_race,hist_gradient_boosting_classifier,2025,4,Bahrain Grand Prix,hadjar,Isack Hadjar,RB F1 Team,13,no_points,no_points,1,0.000083,0.004860,0.003414,0.238245,0.753397,1.120458,0.000000
pre_race,hist_gradient_boosting_classifier,2025,4,Bahrain Grand Prix,doohan,Jack Doohan,Alpine F1 Team,14,no_points,no_points,1,0.000043,0.000319,0.000324,0.034283,0.965031,0.153877,0.000000
pre_race,hist_gradient_boosting_classifier,2025,4,Bahrain Grand Prix,alonso,Fernando Alonso,Aston Martin,15,no_points,no_points,1,0.000193,0.001290,0.004334,0.199120,0.795063,0.910082,0.000000
pre_race,hist_gradient_boosting_classifier,2025,4,Bahrain Grand Prix,lawson,Liam Lawson,RB F1 Team,16,no_points,no_points,1,0.000206,0.009002,0.002600,0.246816,0.741377,1.218898,0.000000
pre_race,hist_gradient_boosting_classifier,2025,4,Bahrain Grand Prix,stroll,Lance Stroll,Aston Martin,17,no_points,no_points,1,0.000084,0.009666,0.013504,0.358180,0.618565,1.814504,0.000000
pre_race,hist_gradient_boosting_classifier,2025,4,Bahrain Grand Prix,bortoleto,Gabriel Bortoleto,Sauber,18,no_points,no_points,1,0.000109,0.000993,0.012219,0.206906,0.779773,1.022515,0.000000
pre_race,hist_gradient_boosting_classifier,2025,4,Bahrain Grand Prix,sainz,Carlos Sainz,Williams,19,no_points,points_no_top5,2,0.000212,0.103442,0.063804,0.453446,0.379096,4.318419,0.000000
pre_race,hist_gradient_boosting_classifier,2025,4,Bahrain Grand Prix,hulkenberg,Nico Hülkenberg,Sauber,20,no_points,no_points,1,0.000038,0.001281,0.023116,0.255951,0.719615,1.351343,0.000000
pre_race,hist_gradient_boosting_classifier,2025,5,Saudi Arabian Grand Prix,piastri,Oscar Piastri,McLaren,1,win,podium_no_win,2,0.201173,0.665427,0.029537,0.080605,0.023258,16.672315,25.000000
pre_race,hist_gradient_boosting_classifier,2025,5,Saudi Arabian Grand Prix,max_verstappen,Max Verstappen,Red Bull,2,podium_no_win,podium_no_win,1,0.081466,0.348072,0.283328,0.201725,0.085409,11.743682,18.000000
pre_race,hist_gradient_boosting_classifier,2025,5,Saudi Arabian Grand Prix,leclerc,Charles Leclerc,Ferrari,3,podium_no_win,top5_no_podium,4,0.002715,0.092122,0.341929,0.249397,0.313838,6.396561,15.000000
pre_race,hist_gradient_boosting_classifier,2025,5,Saudi Arabian Grand Prix,norris,Lando Norris,McLaren,4,top5_no_podium,podium_no_win,4,0.074267,0.593935,0.052391,0.245925,0.033481,13.265795,12.000000
pre_race,hist_gradient_boosting_classifier,2025,5,Saudi Arabian Grand Prix,russell,George Russell,Mercedes,5,top5_no_podium,podium_no_win,2,0.051603,0.318988,0.269576,0.207680,0.152153,10.390969,10.000000
pre_race,hist_gradient_boosting_classifier,2025,5,Saudi Arabian Grand Prix,antonelli,Andrea Kimi Antonelli,Mercedes,6,points_no_top5,points_no_top5,1,0.011110,0.228030,0.249324,0.326537,0.184998,8.154273,8.000000
pre_race,hist_gradient_boosting_classifier,2025,5,Saudi Arabian Grand Prix,hamilton,Lewis Hamilton,Ferrari,7,points_no_top5,points_no_top5,1,0.012141,0.133147,0.147873,0.529242,0.177597,6.349862,6.000000
pre_race,hist_gradient_boosting_classifier,2025,5,Saudi Arabian Grand Prix,sainz,Carlos Sainz,Williams,8,points_no_top5,points_no_top5,1,0.000179,0.004042,0.044731,0.481156,0.469892,2.584056,4.000000
pre_race,hist_gradient_boosting_classifier,2025,5,Saudi Arabian Grand Prix,albon,Alexander Albon,Williams,9,points_no_top5,no_points,2,0.000122,0.007567,0.051836,0.355646,0.584829,2.191824,2.000000
pre_race,hist_gradient_boosting_classifier,2025,5,Saudi Arabian Grand Prix,hadjar,Isack Hadjar,RB F1 Team,10,points_no_top5,no_points,2,0.000329,0.001940,0.004575,0.200030,0.793126,0.930692,1.000000
pre_race,hist_gradient_boosting_classifier,2025,5,Saudi Arabian Grand Prix,alonso,Fernando Alonso,Aston Martin,11,no_points,points_no_top5,2,0.000293,0.001914,0.004238,0.527899,0.465657,2.302689,0.000000
pre_race,hist_gradient_boosting_classifier,2025,5,Saudi Arabian Grand Prix,lawson,Liam Lawson,RB F1 Team,12,no_points,no_points,1,0.000083,0.000447,0.001003,0.128433,0.870034,0.559904,0.000000
pre_race,hist_gradient_boosting_classifier,2025,5,Saudi Arabian Grand Prix,bearman,Oliver Bearman,Haas F1 Team,13,no_points,no_points,1,0.000418,0.007468,0.029395,0.365796,0.596923,1.993351,0.000000
pre_race,hist_gradient_boosting_classifier,2025,5,Saudi Arabian Grand Prix,ocon,Esteban Ocon,Haas F1 Team,14,no_points,points_no_top5,2,0.000861,0.002360,0.021038,0.580172,0.395569,2.728616,0.000000
pre_race,hist_gradient_boosting_classifier,2025,5,Saudi Arabian Grand Prix,hulkenberg,Nico Hülkenberg,Sauber,15,no_points,no_points,1,0.000074,0.000202,0.014731,0.123910,0.861083,0.687635,0.000000
pre_race,hist_gradient_boosting_classifier,2025,5,Saudi Arabian Grand Prix,stroll,Lance Stroll,Aston Martin,16,no_points,no_points,1,0.000135,0.002413,0.004242,0.207437,0.785773,0.961081,0.000000
pre_race,hist_gradient_boosting_classifier,2025,5,Saudi Arabian Grand Prix,doohan,Jack Doohan,Alpine F1 Team,17,no_points,no_points,1,0.000083,0.000807,0.001253,0.425497,0.572360,1.816262,0.000000
pre_race,hist_gradient_boosting_classifier,2025,5,Saudi Arabian Grand Prix,bortoleto,Gabriel Bortoleto,Sauber,18,no_points,no_points,1,0.000049,0.000518,0.004507,0.265502,0.729423,1.174471,0.000000
pre_race,hist_gradient_boosting_classifier,2025,5,Saudi Arabian Grand Prix,tsunoda,Yuki Tsunoda,Red Bull,19,no_points,points_no_top5,2,0.006820,0.029455,0.138693,0.443486,0.381546,4.044776,0.000000
pre_race,hist_gradient_boosting_classifier,2025,5,Saudi Arabian Grand Prix,gasly,Pierre Gasly,Alpine F1 Team,20,no_points,points_no_top5,2,0.000291,0.000981,0.005639,0.512588,0.480501,2.238348,0.000000
pre_race,hist_gradient_boosting_classifier,2025,6,Miami Grand Prix,piastri,Oscar Piastri,McLaren,1,win,podium_no_win,2,0.163747,0.669119,0.104361,0.035636,0.027137,16.431775,25.000000
pre_race,hist_gradient_boosting_classifier,2025,6,Miami Grand Prix,norris,Lando Norris,McLaren,2,podium_no_win,podium_no_win,1,0.112796,0.456883,0.342355,0.057715,0.030251,14.366777,18.000000
pre_race,hist_gradient_boosting_classifier,2025,6,Miami Grand Prix,russell,George Russell,Mercedes,3,podium_no_win,no_points,2,0.205120,0.211591,0.207018,0.157297,0.218974,11.557100,15.000000
pre_race,hist_gradient_boosting_classifier,2025,6,Miami Grand Prix,max_verstappen,Max Verstappen,Red Bull,4,top5_no_podium,podium_no_win,2,0.027137,0.413393,0.331051,0.076074,0.152345,11.460477,12.000000
pre_race,hist_gradient_boosting_classifier,2025,6,Miami Grand Prix,albon,Alexander Albon,Williams,5,top5_no_podium,no_points,3,0.000065,0.013212,0.068202,0.290138,0.628382,2.188438,10.000000
pre_race,hist_gradient_boosting_classifier,2025,6,Miami Grand Prix,antonelli,Andrea Kimi Antonelli,Mercedes,6,points_no_top5,podium_no_win,2,0.003408,0.293048,0.196147,0.273457,0.233941,8.226620,8.000000
pre_race,hist_gradient_boosting_classifier,2025,6,Miami Grand Prix,leclerc,Charles Leclerc,Ferrari,7,points_no_top5,top5_no_podium,2,0.070547,0.079903,0.341224,0.325108,0.183218,8.201001,6.000000
pre_race,hist_gradient_boosting_classifier,2025,6,Miami Grand Prix,hamilton,Lewis Hamilton,Ferrari,8,points_no_top5,no_points,2,0.029346,0.136299,0.121144,0.202080,0.511132,5.163902,4.000000
pre_race,hist_gradient_boosting_classifier,2025,6,Miami Grand Prix,sainz,Carlos Sainz,Williams,9,points_no_top5,no_points,2,0.000182,0.009548,0.092003,0.289103,0.609165,2.388353,2.000000
pre_race,hist_gradient_boosting_classifier,2025,6,Miami Grand Prix,tsunoda,Yuki Tsunoda,Red Bull,10,points_no_top5,no_points,2,0.000601,0.020723,0.121175,0.366024,0.491477,3.227171,1.000000
pre_race,hist_gradient_boosting_classifier,2025,6,Miami Grand Prix,hadjar,Isack Hadjar,RB F1 Team,11,no_points,no_points,1,0.000435,0.004274,0.007251,0.338728,0.649311,1.583824,0.000000
pre_race,hist_gradient_boosting_classifier,2025,6,Miami Grand Prix,ocon,Esteban Ocon,Haas F1 Team,12,no_points,no_points,1,0.000163,0.001596,0.027932,0.482439,0.487869,2.363920,0.000000
pre_race,hist_gradient_boosting_classifier,2025,6,Miami Grand Prix,gasly,Pierre Gasly,Alpine F1 Team,13,no_points,no_points,1,0.000419,0.002102,0.011474,0.219276,0.766729,1.092327,0.000000
pre_race,hist_gradient_boosting_classifier,2025,6,Miami Grand Prix,hulkenberg,Nico Hülkenberg,Sauber,14,no_points,no_points,1,0.000061,0.000235,0.029872,0.123237,0.846595,0.851596,0.000000
pre_race,hist_gradient_boosting_classifier,2025,6,Miami Grand Prix,alonso,Fernando Alonso,Aston Martin,15,no_points,no_points,1,0.000063,0.001890,0.001403,0.310571,0.686073,1.352590,0.000000
pre_race,hist_gradient_boosting_classifier,2025,6,Miami Grand Prix,stroll,Lance Stroll,Aston Martin,16,no_points,no_points,1,0.000057,0.002688,0.012741,0.165409,0.819105,0.880644,0.000000
pre_race,hist_gradient_boosting_classifier,2025,6,Miami Grand Prix,lawson,Liam Lawson,RB F1 Team,17,no_points,no_points,1,0.000072,0.001031,0.000553,0.181115,0.817229,0.785586,0.000000
pre_race,hist_gradient_boosting_classifier,2025,6,Miami Grand Prix,bortoleto,Gabriel Bortoleto,Sauber,18,no_points,no_points,1,0.000016,0.000391,0.001595,0.054208,0.943790,0.252070,0.000000
pre_race,hist_gradient_boosting_classifier,2025,6,Miami Grand Prix,bearman,Oliver Bearman,Haas F1 Team,19,no_points,no_points,1,0.000176,0.001868,0.033682,0.291651,0.672624,1.630647,0.000000
pre_race,hist_gradient_boosting_classifier,2025,6,Miami Grand Prix,doohan,Jack Doohan,Alpine F1 Team,20,no_points,no_points,1,0.000070,0.001013,0.000897,0.244354,0.753666,1.054615,0.000000
pre_race,hist_gradient_boosting_classifier,2025,7,Emilia Romagna Grand Prix,max_verstappen,Max Verstappen,Red Bull,1,win,no_points,5,0.081093,0.178984,0.222429,0.226710,0.290784,8.379462,25.000000
pre_race,hist_gradient_boosting_classifier,2025,7,Emilia Romagna Grand Prix,norris,Lando Norris,McLaren,2,podium_no_win,podium_no_win,1,0.044354,0.485902,0.271791,0.166197,0.031756,12.813959,18.000000
pre_race,hist_gradient_boosting_classifier,2025,7,Emilia Romagna Grand Prix,piastri,Oscar Piastri,McLaren,3,podium_no_win,podium_no_win,1,0.258889,0.462906,0.105098,0.081295,0.091811,15.607695,15.000000
pre_race,hist_gradient_boosting_classifier,2025,7,Emilia Romagna Grand Prix,hamilton,Lewis Hamilton,Ferrari,4,top5_no_podium,points_no_top5,2,0.008469,0.165422,0.268897,0.331239,0.225972,7.290262,12.000000
pre_race,hist_gradient_boosting_classifier,2025,7,Emilia Romagna Grand Prix,albon,Alexander Albon,Williams,5,top5_no_podium,no_points,3,0.000179,0.012424,0.064368,0.396453,0.526577,2.582604,10.000000
pre_race,hist_gradient_boosting_classifier,2025,7,Emilia Romagna Grand Prix,leclerc,Charles Leclerc,Ferrari,6,points_no_top5,top5_no_podium,4,0.055526,0.179281,0.385591,0.149065,0.230538,9.213845,8.000000
pre_race,hist_gradient_boosting_classifier,2025,7,Emilia Romagna Grand Prix,russell,George Russell,Mercedes,7,points_no_top5,top5_no_podium,3,0.014327,0.286284,0.478859,0.129868,0.090661,10.894768,6.000000
pre_race,hist_gradient_boosting_classifier,2025,7,Emilia Romagna Grand Prix,sainz,Carlos Sainz,Williams,8,points_no_top5,points_no_top5,1,0.000420,0.023462,0.071628,0.607149,0.297342,3.735549,4.000000
pre_race,hist_gradient_boosting_classifier,2025,7,Emilia Romagna Grand Prix,hadjar,Isack Hadjar,RB F1 Team,9,points_no_top5,no_points,2,0.000160,0.002133,0.001442,0.098584,0.897680,0.469124,2.000000
pre_race,hist_gradient_boosting_classifier,2025,7,Emilia Romagna Grand Prix,tsunoda,Yuki Tsunoda,Red Bull,10,points_no_top5,points_no_top5,1,0.000736,0.029431,0.027020,0.528620,0.414192,3.021440,1.000000
pre_race,hist_gradient_boosting_classifier,2025,7,Emilia Romagna Grand Prix,alonso,Fernando Alonso,Aston Martin,11,no_points,no_points,1,0.000079,0.000992,0.000893,0.395983,0.602053,1.691293,0.000000
pre_race,hist_gradient_boosting_classifier,2025,7,Emilia Romagna Grand Prix,hulkenberg,Nico Hülkenberg,Sauber,12,no_points,no_points,1,0.000131,0.000192,0.010376,0.140519,0.848781,0.710767,0.000000
pre_race,hist_gradient_boosting_classifier,2025,7,Emilia Romagna Grand Prix,gasly,Pierre Gasly,Alpine F1 Team,13,no_points,no_points,1,0.000385,0.007185,0.009091,0.459900,0.523439,2.159753,0.000000
pre_race,hist_gradient_boosting_classifier,2025,7,Emilia Romagna Grand Prix,lawson,Liam Lawson,RB F1 Team,14,no_points,no_points,1,0.000045,0.000396,0.000353,0.084174,0.915032,0.365076,0.000000
pre_race,hist_gradient_boosting_classifier,2025,7,Emilia Romagna Grand Prix,stroll,Lance Stroll,Aston Martin,15,no_points,no_points,1,0.000167,0.001199,0.002548,0.155255,0.840829,0.704078,0.000000
pre_race,hist_gradient_boosting_classifier,2025,7,Emilia Romagna Grand Prix,colapinto,Franco Colapinto,Alpine F1 Team,16,no_points,no_points,1,0.000114,0.001320,0.001578,0.356396,0.640591,1.538861,0.000000
pre_race,hist_gradient_boosting_classifier,2025,7,Emilia Romagna Grand Prix,bearman,Oliver Bearman,Haas F1 Team,17,no_points,no_points,1,0.000226,0.001641,0.030598,0.352584,0.614951,1.850167,0.000000
pre_race,hist_gradient_boosting_classifier,2025,7,Emilia Romagna Grand Prix,bortoleto,Gabriel Bortoleto,Sauber,18,no_points,no_points,1,0.000044,0.000571,0.001717,0.161303,0.836364,0.706889,0.000000
pre_race,hist_gradient_boosting_classifier,2025,7,Emilia Romagna Grand Prix,antonelli,Andrea Kimi Antonelli,Mercedes,19,no_points,points_no_top5,3,0.002784,0.289845,0.197452,0.312305,0.197614,8.335693,0.000000
pre_race,hist_gradient_boosting_classifier,2025,7,Emilia Romagna Grand Prix,ocon,Esteban Ocon,Haas F1 Team,20,no_points,no_points,1,0.000422,0.001193,0.011123,0.243071,0.744191,1.173488,0.000000
pre_race,hist_gradient_boosting_classifier,2025,8,Monaco Grand Prix,norris,Lando Norris,McLaren,1,win,points_no_top5,4,0.131789,0.199910,0.173835,0.464161,0.030305,10.454896,25.000000
pre_race,hist_gradient_boosting_classifier,2025,8,Monaco Grand Prix,leclerc,Charles Leclerc,Ferrari,2,podium_no_win,top5_no_podium,3,0.006829,0.267933,0.347884,0.103167,0.274187,8.851648,18.000000
pre_race,hist_gradient_boosting_classifier,2025,8,Monaco Grand Prix,piastri,Oscar Piastri,McLaren,3,podium_no_win,points_no_top5,3,0.220875,0.203431,0.015576,0.548259,0.011859,11.352508,15.000000
pre_race,hist_gradient_boosting_classifier,2025,8,Monaco Grand Prix,max_verstappen,Max Verstappen,Red Bull,4,top5_no_podium,podium_no_win,3,0.100148,0.299156,0.197381,0.195259,0.208056,10.431065,12.000000
pre_race,hist_gradient_boosting_classifier,2025,8,Monaco Grand Prix,hamilton,Lewis Hamilton,Ferrari,5,top5_no_podium,top5_no_podium,1,0.002159,0.191078,0.320384,0.302890,0.183488,8.003133,10.000000
pre_race,hist_gradient_boosting_classifier,2025,8,Monaco Grand Prix,hadjar,Isack Hadjar,RB F1 Team,6,points_no_top5,no_points,2,0.000091,0.003827,0.007413,0.370287,0.618382,1.702172,8.000000
pre_race,hist_gradient_boosting_classifier,2025,8,Monaco Grand Prix,ocon,Esteban Ocon,Haas F1 Team,7,points_no_top5,no_points,2,0.000049,0.000287,0.001977,0.090027,0.907660,0.405823,6.000000
pre_race,hist_gradient_boosting_classifier,2025,8,Monaco Grand Prix,lawson,Liam Lawson,RB F1 Team,8,points_no_top5,no_points,2,0.000030,0.001840,0.000482,0.283709,0.713940,1.227976,4.000000
pre_race,hist_gradient_boosting_classifier,2025,8,Monaco Grand Prix,albon,Alexander Albon,Williams,9,points_no_top5,points_no_top5,1,0.000050,0.016089,0.207281,0.461367,0.315212,4.484557,2.000000
pre_race,hist_gradient_boosting_classifier,2025,8,Monaco Grand Prix,sainz,Carlos Sainz,Williams,10,points_no_top5,points_no_top5,1,0.000143,0.154564,0.054714,0.487218,0.303361,5.202047,1.000000
pre_race,hist_gradient_boosting_classifier,2025,8,Monaco Grand Prix,russell,George Russell,Mercedes,11,no_points,top5_no_podium,4,0.004131,0.222759,0.401738,0.202188,0.169184,9.047110,0.000000
pre_race,hist_gradient_boosting_classifier,2025,8,Monaco Grand Prix,bearman,Oliver Bearman,Haas F1 Team,12,no_points,no_points,1,0.000046,0.000561,0.011711,0.187035,0.800646,0.924775,0.000000
pre_race,hist_gradient_boosting_classifier,2025,8,Monaco Grand Prix,colapinto,Franco Colapinto,Alpine F1 Team,13,no_points,no_points,1,0.000012,0.001612,0.000517,0.158287,0.839572,0.697399,0.000000
pre_race,hist_gradient_boosting_classifier,2025,8,Monaco Grand Prix,bortoleto,Gabriel Bortoleto,Sauber,14,no_points,no_points,1,0.000009,0.000515,0.000899,0.073621,0.924957,0.327814,0.000000
pre_race,hist_gradient_boosting_classifier,2025,8,Monaco Grand Prix,stroll,Lance Stroll,Aston Martin,15,no_points,no_points,1,0.000041,0.000832,0.003456,0.210396,0.785276,0.936430,0.000000
pre_race,hist_gradient_boosting_classifier,2025,8,Monaco Grand Prix,hulkenberg,Nico Hülkenberg,Sauber,16,no_points,no_points,1,0.000025,0.000399,0.005930,0.204125,0.789521,0.929775,0.000000
pre_race,hist_gradient_boosting_classifier,2025,8,Monaco Grand Prix,tsunoda,Yuki Tsunoda,Red Bull,17,no_points,no_points,1,0.000258,0.089564,0.144014,0.199336,0.566828,3.905622,0.000000
pre_race,hist_gradient_boosting_classifier,2025,8,Monaco Grand Prix,antonelli,Andrea Kimi Antonelli,Mercedes,18,no_points,top5_no_podium,4,0.002193,0.222909,0.370068,0.313356,0.091474,9.119679,0.000000
pre_race,hist_gradient_boosting_classifier,2025,8,Monaco Grand Prix,alonso,Fernando Alonso,Aston Martin,19,no_points,no_points,1,0.000019,0.001801,0.001821,0.439351,0.557008,1.895498,0.000000
pre_race,hist_gradient_boosting_classifier,2025,8,Monaco Grand Prix,gasly,Pierre Gasly,Alpine F1 Team,20,no_points,no_points,1,0.000047,0.003766,0.000713,0.238702,0.756771,1.073717,0.000000
pre_race,hist_gradient_boosting_classifier,2025,9,Spanish Grand Prix,piastri,Oscar Piastri,McLaren,1,win,podium_no_win,5,0.072889,0.387134,0.092464,0.356338,0.091175,10.723663,25.000000
pre_race,hist_gradient_boosting_classifier,2025,9,Spanish Grand Prix,norris,Lando Norris,McLaren,2,podium_no_win,podium_no_win,1,0.070817,0.683837,0.044760,0.170022,0.030564,14.260193,18.000000
pre_race,hist_gradient_boosting_classifier,2025,9,Spanish Grand Prix,leclerc,Charles Leclerc,Ferrari,3,podium_no_win,top5_no_podium,3,0.013752,0.141810,0.430917,0.110109,0.303413,7.886202,15.000000
pre_race,hist_gradient_boosting_classifier,2025,9,Spanish Grand Prix,russell,George Russell,Mercedes,4,top5_no_podium,points_no_top5,3,0.003744,0.100231,0.201285,0.486653,0.208088,6.005479,12.000000
pre_race,hist_gradient_boosting_classifier,2025,9,Spanish Grand Prix,hulkenberg,Nico Hülkenberg,Sauber,5,top5_no_podium,no_points,3,0.000053,0.000533,0.006932,0.177762,0.814720,0.832972,10.000000
pre_race,hist_gradient_boosting_classifier,2025,9,Spanish Grand Prix,hamilton,Lewis Hamilton,Ferrari,6,points_no_top5,top5_no_podium,2,0.003855,0.175114,0.478381,0.212700,0.129949,9.141298,8.000000
pre_race,hist_gradient_boosting_classifier,2025,9,Spanish Grand Prix,hadjar,Isack Hadjar,RB F1 Team,7,points_no_top5,no_points,2,0.000225,0.016533,0.012981,0.311573,0.658688,1.729809,6.000000
pre_race,hist_gradient_boosting_classifier,2025,9,Spanish Grand Prix,gasly,Pierre Gasly,Alpine F1 Team,8,points_no_top5,no_points,2,0.000092,0.002764,0.000665,0.208686,0.787793,0.931695,4.000000
pre_race,hist_gradient_boosting_classifier,2025,9,Spanish Grand Prix,alonso,Fernando Alonso,Aston Martin,9,points_no_top5,no_points,2,0.000020,0.000320,0.000795,0.202061,0.796804,0.863187,2.000000
pre_race,hist_gradient_boosting_classifier,2025,9,Spanish Grand Prix,max_verstappen,Max Verstappen,Red Bull,10,points_no_top5,podium_no_win,3,0.167110,0.315143,0.102429,0.183649,0.231669,11.275661,1.000000
pre_race,hist_gradient_boosting_classifier,2025,9,Spanish Grand Prix,lawson,Liam Lawson,RB F1 Team,11,no_points,no_points,1,0.000201,0.004687,0.005649,0.216651,0.772812,1.054436,0.000000
pre_race,hist_gradient_boosting_classifier,2025,9,Spanish Grand Prix,bortoleto,Gabriel Bortoleto,Sauber,12,no_points,no_points,1,0.000016,0.000299,0.001123,0.100871,0.897691,0.441344,0.000000
pre_race,hist_gradient_boosting_classifier,2025,9,Spanish Grand Prix,tsunoda,Yuki Tsunoda,Red Bull,13,no_points,no_points,1,0.000805,0.037433,0.036315,0.434579,0.490867,2.862466,0.000000
pre_race,hist_gradient_boosting_classifier,2025,9,Spanish Grand Prix,sainz,Carlos Sainz,Williams,14,no_points,points_no_top5,2,0.000063,0.089004,0.111492,0.497235,0.302206,4.784939,0.000000
pre_race,hist_gradient_boosting_classifier,2025,9,Spanish Grand Prix,colapinto,Franco Colapinto,Alpine F1 Team,15,no_points,no_points,1,0.000022,0.000944,0.000419,0.170280,0.828335,0.735910,0.000000
pre_race,hist_gradient_boosting_classifier,2025,9,Spanish Grand Prix,ocon,Esteban Ocon,Haas F1 Team,16,no_points,no_points,1,0.000055,0.001654,0.007042,0.317270,0.673979,1.438658,0.000000
pre_race,hist_gradient_boosting_classifier,2025,9,Spanish Grand Prix,bearman,Oliver Bearman,Haas F1 Team,17,no_points,no_points,1,0.000255,0.000236,0.013709,0.189082,0.796718,0.955221,0.000000
pre_race,hist_gradient_boosting_classifier,2025,9,Spanish Grand Prix,antonelli,Andrea Kimi Antonelli,Mercedes,18,no_points,points_no_top5,3,0.000266,0.056011,0.353327,0.421989,0.168408,6.589777,0.000000
pre_race,hist_gradient_boosting_classifier,2025,9,Spanish Grand Prix,albon,Alexander Albon,Williams,19,no_points,points_no_top5,2,0.000067,0.076098,0.216183,0.442310,0.265342,5.493009,0.000000
pre_race,hist_gradient_boosting_classifier,2025,10,Canadian Grand Prix,russell,George Russell,Mercedes,1,win,no_points,5,0.004755,0.088554,0.275803,0.265232,0.365656,5.727821,25.000000
pre_race,hist_gradient_boosting_classifier,2025,10,Canadian Grand Prix,max_verstappen,Max Verstappen,Red Bull,2,podium_no_win,no_points,3,0.049782,0.178122,0.274546,0.166208,0.331341,7.901655,18.000000
pre_race,hist_gradient_boosting_classifier,2025,10,Canadian Grand Prix,antonelli,Andrea Kimi Antonelli,Mercedes,3,podium_no_win,points_no_top5,4,0.001063,0.048324,0.155963,0.487664,0.306987,4.587689,15.000000
pre_race,hist_gradient_boosting_classifier,2025,10,Canadian Grand Prix,piastri,Oscar Piastri,McLaren,4,top5_no_podium,podium_no_win,2,0.123962,0.420136,0.279369,0.095266,0.081266,13.504489,12.000000
pre_race,hist_gradient_boosting_classifier,2025,10,Canadian Grand Prix,leclerc,Charles Leclerc,Ferrari,5,top5_no_podium,podium_no_win,2,0.046254,0.425866,0.361240,0.047787,0.118853,12.357477,10.000000
pre_race,hist_gradient_boosting_classifier,2025,10,Canadian Grand Prix,hamilton,Lewis Hamilton,Ferrari,6,points_no_top5,podium_no_win,4,0.031194,0.352312,0.227230,0.106001,0.283263,9.537737,8.000000
pre_race,hist_gradient_boosting_classifier,2025,10,Canadian Grand Prix,alonso,Fernando Alonso,Aston Martin,7,points_no_top5,points_no_top5,1,0.000038,0.002207,0.002318,0.593799,0.401638,2.556814,6.000000
pre_race,hist_gradient_boosting_classifier,2025,10,Canadian Grand Prix,hulkenberg,Nico Hülkenberg,Sauber,8,points_no_top5,no_points,2,0.000232,0.001399,0.022196,0.308841,0.667332,1.570167,4.000000
pre_race,hist_gradient_boosting_classifier,2025,10,Canadian Grand Prix,ocon,Esteban Ocon,Haas F1 Team,9,points_no_top5,points_no_top5,1,0.000124,0.002820,0.003653,0.645976,0.347427,2.802914,2.000000
pre_race,hist_gradient_boosting_classifier,2025,10,Canadian Grand Prix,sainz,Carlos Sainz,Williams,10,points_no_top5,no_points,2,0.000248,0.015864,0.028633,0.399099,0.556156,2.259141,1.000000
pre_race,hist_gradient_boosting_classifier,2025,10,Canadian Grand Prix,bearman,Oliver Bearman,Haas F1 Team,11,no_points,no_points,1,0.000131,0.000395,0.005107,0.247072,0.747295,1.103672,0.000000
pre_race,hist_gradient_boosting_classifier,2025,10,Canadian Grand Prix,tsunoda,Yuki Tsunoda,Red Bull,12,no_points,no_points,1,0.000522,0.080548,0.034451,0.400654,0.483826,3.403781,0.000000
pre_race,hist_gradient_boosting_classifier,2025,10,Canadian Grand Prix,colapinto,Franco Colapinto,Alpine F1 Team,13,no_points,no_points,1,0.000064,0.002681,0.000614,0.370823,0.625818,1.610058,0.000000
pre_race,hist_gradient_boosting_classifier,2025,10,Canadian Grand Prix,bortoleto,Gabriel Bortoleto,Sauber,14,no_points,no_points,1,0.000078,0.001911,0.001211,0.417220,0.579580,1.799127,0.000000
pre_race,hist_gradient_boosting_classifier,2025,10,Canadian Grand Prix,gasly,Pierre Gasly,Alpine F1 Team,15,no_points,no_points,1,0.000233,0.013225,0.003623,0.347179,0.635740,1.722043,0.000000
pre_race,hist_gradient_boosting_classifier,2025,10,Canadian Grand Prix,hadjar,Isack Hadjar,RB F1 Team,16,no_points,no_points,1,0.000164,0.025602,0.005319,0.240987,0.727928,1.497196,0.000000
pre_race,hist_gradient_boosting_classifier,2025,10,Canadian Grand Prix,stroll,Lance Stroll,Aston Martin,17,no_points,no_points,1,0.000045,0.000860,0.004028,0.344903,0.650164,1.508212,0.000000
pre_race,hist_gradient_boosting_classifier,2025,10,Canadian Grand Prix,norris,Lando Norris,McLaren,18,no_points,top5_no_podium,5,0.153282,0.345398,0.369890,0.067481,0.063949,13.883327,0.000000
pre_race,hist_gradient_boosting_classifier,2025,10,Canadian Grand Prix,lawson,Liam Lawson,RB F1 Team,19,no_points,no_points,1,0.000110,0.028260,0.005097,0.226363,0.740170,1.475843,0.000000
pre_race,hist_gradient_boosting_classifier,2025,10,Canadian Grand Prix,albon,Alexander Albon,Williams,20,no_points,no_points,1,0.000111,0.020103,0.076508,0.376570,0.526708,2.757660,0.000000
pre_race,hist_gradient_boosting_classifier,2025,11,Austrian Grand Prix,norris,Lando Norris,McLaren,1,win,no_points,5,0.057317,0.260357,0.243349,0.082266,0.356711,8.751174,25.000000
pre_race,hist_gradient_boosting_classifier,2025,11,Austrian Grand Prix,piastri,Oscar Piastri,McLaren,2,podium_no_win,podium_no_win,1,0.073731,0.493188,0.093382,0.132834,0.206865,11.565978,18.000000
pre_race,hist_gradient_boosting_classifier,2025,11,Austrian Grand Prix,leclerc,Charles Leclerc,Ferrari,3,podium_no_win,top5_no_podium,2,0.034571,0.311345,0.348927,0.095086,0.210071,10.239038,15.000000
pre_race,hist_gradient_boosting_classifier,2025,11,Austrian Grand Prix,hamilton,Lewis Hamilton,Ferrari,4,top5_no_podium,podium_no_win,2,0.023460,0.399664,0.266259,0.166672,0.143945,10.809828,12.000000
pre_race,hist_gradient_boosting_classifier,2025,11,Austrian Grand Prix,russell,George Russell,Mercedes,5,top5_no_podium,top5_no_podium,1,0.025912,0.213088,0.421733,0.202675,0.136593,9.654037,10.000000
pre_race,hist_gradient_boosting_classifier,2025,11,Austrian Grand Prix,lawson,Liam Lawson,RB F1 Team,6,points_no_top5,no_points,2,0.000119,0.004695,0.000590,0.197518,0.797078,0.916505,8.000000
pre_race,hist_gradient_boosting_classifier,2025,11,Austrian Grand Prix,alonso,Fernando Alonso,Aston Martin,7,points_no_top5,no_points,2,0.000178,0.002019,0.003752,0.149645,0.844406,0.707539,6.000000
pre_race,hist_gradient_boosting_classifier,2025,11,Austrian Grand Prix,bortoleto,Gabriel Bortoleto,Sauber,8,points_no_top5,no_points,2,0.000109,0.002015,0.001996,0.288085,0.707795,1.267892,4.000000
pre_race,hist_gradient_boosting_classifier,2025,11,Austrian Grand Prix,hulkenberg,Nico Hülkenberg,Sauber,9,points_no_top5,no_points,2,0.000248,0.001064,0.042756,0.392246,0.563686,2.141512,2.000000
pre_race,hist_gradient_boosting_classifier,2025,11,Austrian Grand Prix,ocon,Esteban Ocon,Haas F1 Team,10,points_no_top5,no_points,2,0.000520,0.002595,0.014969,0.335781,0.646135,1.630759,1.000000
pre_race,hist_gradient_boosting_classifier,2025,11,Austrian Grand Prix,bearman,Oliver Bearman,Haas F1 Team,11,no_points,no_points,1,0.000113,0.002850,0.009589,0.268841,0.718607,1.284465,0.000000
pre_race,hist_gradient_boosting_classifier,2025,11,Austrian Grand Prix,hadjar,Isack Hadjar,RB F1 Team,12,no_points,no_points,1,0.000534,0.015776,0.010341,0.314590,0.658760,1.708673,0.000000
pre_race,hist_gradient_boosting_classifier,2025,11,Austrian Grand Prix,gasly,Pierre Gasly,Alpine F1 Team,13,no_points,no_points,1,0.000305,0.008394,0.001299,0.219731,0.770271,1.083279,0.000000
pre_race,hist_gradient_boosting_classifier,2025,11,Austrian Grand Prix,stroll,Lance Stroll,Aston Martin,14,no_points,no_points,1,0.000215,0.000485,0.001231,0.191301,0.806768,0.830386,0.000000
pre_race,hist_gradient_boosting_classifier,2025,11,Austrian Grand Prix,colapinto,Franco Colapinto,Alpine F1 Team,15,no_points,no_points,1,0.000072,0.001081,0.000672,0.084430,0.913744,0.381637,0.000000
pre_race,hist_gradient_boosting_classifier,2025,11,Austrian Grand Prix,tsunoda,Yuki Tsunoda,Red Bull,16,no_points,points_no_top5,2,0.000303,0.050748,0.006470,0.522991,0.419488,3.112638,0.000000
pre_race,hist_gradient_boosting_classifier,2025,11,Austrian Grand Prix,albon,Alexander Albon,Williams,17,no_points,points_no_top5,2,0.000194,0.001342,0.074167,0.526242,0.398056,3.053033,0.000000
pre_race,hist_gradient_boosting_classifier,2025,11,Austrian Grand Prix,max_verstappen,Max Verstappen,Red Bull,18,no_points,points_no_top5,3,0.045217,0.077443,0.297690,0.301761,0.277889,6.950214,0.000000
pre_race,hist_gradient_boosting_classifier,2025,11,Austrian Grand Prix,antonelli,Andrea Kimi Antonelli,Mercedes,19,no_points,points_no_top5,4,0.014954,0.141138,0.140477,0.595207,0.108224,6.747754,0.000000
pre_race,hist_gradient_boosting_classifier,2025,11,Austrian Grand Prix,sainz,Carlos Sainz,Williams,20,no_points,points_no_top5,2,0.000301,0.008547,0.051023,0.501016,0.439113,2.814070,0.000000
pre_race,hist_gradient_boosting_classifier,2025,12,British Grand Prix,norris,Lando Norris,McLaren,1,win,podium_no_win,2,0.170048,0.539481,0.071256,0.118780,0.100435,14.435339,25.000000
pre_race,hist_gradient_boosting_classifier,2025,12,British Grand Prix,piastri,Oscar Piastri,McLaren,2,podium_no_win,podium_no_win,1,0.124143,0.604750,0.030102,0.109135,0.131869,13.871442,18.000000
pre_race,hist_gradient_boosting_classifier,2025,12,British Grand Prix,hulkenberg,Nico Hülkenberg,Sauber,3,podium_no_win,no_points,4,0.000044,0.002568,0.023676,0.384854,0.588858,1.920294,15.000000
pre_race,hist_gradient_boosting_classifier,2025,12,British Grand Prix,hamilton,Lewis Hamilton,Ferrari,4,top5_no_podium,podium_no_win,2,0.022354,0.335681,0.276234,0.244472,0.121259,10.162937,12.000000
pre_race,hist_gradient_boosting_classifier,2025,12,British Grand Prix,max_verstappen,Max Verstappen,Red Bull,5,top5_no_podium,top5_no_podium,1,0.033303,0.029838,0.371561,0.317210,0.248088,6.744354,10.000000
pre_race,hist_gradient_boosting_classifier,2025,12,British Grand Prix,gasly,Pierre Gasly,Alpine F1 Team,6,points_no_top5,no_points,2,0.000091,0.004125,0.004557,0.140126,0.851101,0.708991,8.000000
pre_race,hist_gradient_boosting_classifier,2025,12,British Grand Prix,stroll,Lance Stroll,Aston Martin,7,points_no_top5,no_points,2,0.000046,0.000884,0.011155,0.238899,0.749016,1.141814,6.000000
pre_race,hist_gradient_boosting_classifier,2025,12,British Grand Prix,albon,Alexander Albon,Williams,8,points_no_top5,points_no_top5,1,0.000072,0.001076,0.025459,0.516633,0.456760,2.469468,4.000000
pre_race,hist_gradient_boosting_classifier,2025,12,British Grand Prix,alonso,Fernando Alonso,Aston Martin,9,points_no_top5,no_points,2,0.000060,0.097891,0.053140,0.386795,0.462114,3.825778,2.000000
pre_race,hist_gradient_boosting_classifier,2025,12,British Grand Prix,russell,George Russell,Mercedes,10,points_no_top5,no_points,3,0.108831,0.092119,0.210907,0.126029,0.462115,7.090037,1.000000
pre_race,hist_gradient_boosting_classifier,2025,12,British Grand Prix,bearman,Oliver Bearman,Haas F1 Team,11,no_points,no_points,1,0.000015,0.000263,0.009259,0.143294,0.847168,0.708419,0.000000
pre_race,hist_gradient_boosting_classifier,2025,12,British Grand Prix,sainz,Carlos Sainz,Williams,12,no_points,no_points,1,0.000138,0.004013,0.023934,0.447806,0.524109,2.213716,0.000000
pre_race,hist_gradient_boosting_classifier,2025,12,British Grand Prix,ocon,Esteban Ocon,Haas F1 Team,13,no_points,no_points,1,0.000052,0.002423,0.008258,0.265631,0.723635,1.247772,0.000000
pre_race,hist_gradient_boosting_classifier,2025,12,British Grand Prix,leclerc,Charles Leclerc,Ferrari,14,no_points,win,4,0.281634,0.264470,0.217865,0.056414,0.179617,14.038058,0.000000
pre_race,hist_gradient_boosting_classifier,2025,12,British Grand Prix,tsunoda,Yuki Tsunoda,Red Bull,15,no_points,no_points,1,0.000053,0.011999,0.006656,0.148374,0.832918,0.895692,0.000000
pre_race,hist_gradient_boosting_classifier,2025,12,British Grand Prix,antonelli,Andrea Kimi Antonelli,Mercedes,16,no_points,points_no_top5,3,0.009731,0.046691,0.222759,0.533935,0.186884,5.706554,0.000000
pre_race,hist_gradient_boosting_classifier,2025,12,British Grand Prix,hadjar,Isack Hadjar,RB F1 Team,17,no_points,no_points,1,0.000078,0.004383,0.013508,0.379790,0.602240,1.817985,0.000000
pre_race,hist_gradient_boosting_classifier,2025,12,British Grand Prix,bortoleto,Gabriel Bortoleto,Sauber,18,no_points,no_points,1,0.000021,0.005011,0.004112,0.135633,0.855223,0.698095,0.000000
pre_race,hist_gradient_boosting_classifier,2025,12,British Grand Prix,lawson,Liam Lawson,RB F1 Team,19,no_points,no_points,1,0.000072,0.003122,0.010180,0.258066,0.728559,1.249181,0.000000
pre_race,hist_gradient_boosting_classifier,2025,12,British Grand Prix,colapinto,Franco Colapinto,Alpine F1 Team,20,no_points,no_points,1,0.000047,0.000761,0.001415,0.114739,0.883039,0.511185,0.000000
pre_race,hist_gradient_boosting_classifier,2025,13,Belgian Grand Prix,piastri,Oscar Piastri,McLaren,1,win,podium_no_win,2,0.295310,0.540475,0.078781,0.040376,0.045058,17.336760,25.000000
pre_race,hist_gradient_boosting_classifier,2025,13,Belgian Grand Prix,norris,Lando Norris,McLaren,2,podium_no_win,win,2,0.382567,0.298497,0.229650,0.040722,0.048564,17.186554,18.000000
pre_race,hist_gradient_boosting_classifier,2025,13,Belgian Grand Prix,leclerc,Charles Leclerc,Ferrari,3,podium_no_win,podium_no_win,1,0.039094,0.312086,0.192519,0.264042,0.192259,9.353449,15.000000
pre_race,hist_gradient_boosting_classifier,2025,13,Belgian Grand Prix,max_verstappen,Max Verstappen,Red Bull,4,top5_no_podium,points_no_top5,2,0.019053,0.155936,0.259731,0.419484,0.145795,7.668153,12.000000
pre_race,hist_gradient_boosting_classifier,2025,13,Belgian Grand Prix,russell,George Russell,Mercedes,5,top5_no_podium,points_no_top5,3,0.032491,0.169290,0.190848,0.353022,0.254349,7.187577,10.000000
pre_race,hist_gradient_boosting_classifier,2025,13,Belgian Grand Prix,albon,Alexander Albon,Williams,6,points_no_top5,points_no_top5,1,0.000023,0.002741,0.035155,0.484422,0.477659,2.467083,8.000000
pre_race,hist_gradient_boosting_classifier,2025,13,Belgian Grand Prix,hamilton,Lewis Hamilton,Ferrari,7,points_no_top5,points_no_top5,1,0.018240,0.187860,0.186926,0.425611,0.181363,7.399432,6.000000
pre_race,hist_gradient_boosting_classifier,2025,13,Belgian Grand Prix,lawson,Liam Lawson,RB F1 Team,8,points_no_top5,no_points,2,0.000033,0.013060,0.005413,0.195862,0.785632,1.098480,4.000000
pre_race,hist_gradient_boosting_classifier,2025,13,Belgian Grand Prix,bortoleto,Gabriel Bortoleto,Sauber,9,points_no_top5,no_points,2,0.000014,0.007135,0.004510,0.129034,0.859307,0.709623,2.000000
pre_race,hist_gradient_boosting_classifier,2025,13,Belgian Grand Prix,gasly,Pierre Gasly,Alpine F1 Team,10,points_no_top5,no_points,2,0.000136,0.147668,0.011955,0.291693,0.548548,3.796532,1.000000
pre_race,hist_gradient_boosting_classifier,2025,13,Belgian Grand Prix,bearman,Oliver Bearman,Haas F1 Team,11,no_points,no_points,1,0.000016,0.001969,0.002617,0.261638,0.733759,1.160563,0.000000
pre_race,hist_gradient_boosting_classifier,2025,13,Belgian Grand Prix,hulkenberg,Nico Hülkenberg,Sauber,12,no_points,no_points,1,0.000034,0.001266,0.039195,0.326548,0.632958,1.824366,0.000000
pre_race,hist_gradient_boosting_classifier,2025,13,Belgian Grand Prix,tsunoda,Yuki Tsunoda,Red Bull,13,no_points,no_points,1,0.000057,0.040671,0.005927,0.374048,0.579297,2.308687,0.000000
pre_race,hist_gradient_boosting_classifier,2025,13,Belgian Grand Prix,stroll,Lance Stroll,Aston Martin,14,no_points,no_points,1,0.000026,0.004002,0.026846,0.273363,0.695763,1.510109,0.000000
pre_race,hist_gradient_boosting_classifier,2025,13,Belgian Grand Prix,ocon,Esteban Ocon,Haas F1 Team,15,no_points,no_points,1,0.000027,0.003954,0.003554,0.291894,0.700571,1.330974,0.000000
pre_race,hist_gradient_boosting_classifier,2025,13,Belgian Grand Prix,antonelli,Andrea Kimi Antonelli,Mercedes,16,no_points,points_no_top5,3,0.002136,0.070684,0.146180,0.637163,0.143837,5.503758,0.000000
pre_race,hist_gradient_boosting_classifier,2025,13,Belgian Grand Prix,alonso,Fernando Alonso,Aston Martin,17,no_points,no_points,1,0.000037,0.015970,0.131272,0.324567,0.528153,3.071620,0.000000
pre_race,hist_gradient_boosting_classifier,2025,13,Belgian Grand Prix,sainz,Carlos Sainz,Williams,18,no_points,no_points,1,0.000054,0.010300,0.046929,0.452852,0.489865,2.589504,0.000000
pre_race,hist_gradient_boosting_classifier,2025,13,Belgian Grand Prix,colapinto,Franco Colapinto,Alpine F1 Team,19,no_points,no_points,1,0.000020,0.007965,0.000409,0.182997,0.808609,0.905015,0.000000
pre_race,hist_gradient_boosting_classifier,2025,13,Belgian Grand Prix,hadjar,Isack Hadjar,RB F1 Team,20,no_points,no_points,1,0.000058,0.001778,0.006736,0.346673,0.644755,1.560901,0.000000
pre_race,hist_gradient_boosting_classifier,2025,14,Hungarian Grand Prix,norris,Lando Norris,McLaren,1,win,win,1,0.515872,0.262225,0.032110,0.075028,0.114765,17.891832,25.000000
pre_race,hist_gradient_boosting_classifier,2025,14,Hungarian Grand Prix,piastri,Oscar Piastri,McLaren,2,podium_no_win,win,2,0.450327,0.295270,0.075280,0.076958,0.102166,17.281425,18.000000
pre_race,hist_gradient_boosting_classifier,2025,14,Hungarian Grand Prix,russell,George Russell,Mercedes,3,podium_no_win,points_no_top5,4,0.001507,0.087795,0.179337,0.609513,0.121848,6.018961,15.000000
pre_race,hist_gradient_boosting_classifier,2025,14,Hungarian Grand Prix,leclerc,Charles Leclerc,Ferrari,4,top5_no_podium,top5_no_podium,1,0.031142,0.195864,0.479823,0.124364,0.168808,9.810675,12.000000
pre_race,hist_gradient_boosting_classifier,2025,14,Hungarian Grand Prix,alonso,Fernando Alonso,Aston Martin,5,top5_no_podium,no_points,3,0.000052,0.004563,0.015572,0.307905,0.671908,1.541077,10.000000
pre_race,hist_gradient_boosting_classifier,2025,14,Hungarian Grand Prix,bortoleto,Gabriel Bortoleto,Sauber,6,points_no_top5,no_points,2,0.000021,0.004908,0.004401,0.116172,0.874498,0.617849,8.000000
pre_race,hist_gradient_boosting_classifier,2025,14,Hungarian Grand Prix,stroll,Lance Stroll,Aston Martin,7,points_no_top5,no_points,2,0.000042,0.001834,0.026348,0.268181,0.703595,1.447498,6.000000
pre_race,hist_gradient_boosting_classifier,2025,14,Hungarian Grand Prix,lawson,Liam Lawson,RB F1 Team,8,points_no_top5,no_points,2,0.000183,0.005325,0.012032,0.290804,0.691657,1.446167,4.000000
pre_race,hist_gradient_boosting_classifier,2025,14,Hungarian Grand Prix,max_verstappen,Max Verstappen,Red Bull,9,points_no_top5,points_no_top5,1,0.002382,0.059741,0.306964,0.468844,0.162069,6.391026,2.000000
pre_race,hist_gradient_boosting_classifier,2025,14,Hungarian Grand Prix,antonelli,Andrea Kimi Antonelli,Mercedes,10,points_no_top5,points_no_top5,1,0.006146,0.086992,0.127164,0.456711,0.322987,4.906013,1.000000
pre_race,hist_gradient_boosting_classifier,2025,14,Hungarian Grand Prix,hadjar,Isack Hadjar,RB F1 Team,11,no_points,no_points,1,0.000612,0.001686,0.004908,0.292828,0.699966,1.326984,0.000000
pre_race,hist_gradient_boosting_classifier,2025,14,Hungarian Grand Prix,hamilton,Lewis Hamilton,Ferrari,12,no_points,points_no_top5,4,0.011372,0.304084,0.272598,0.333243,0.078703,9.699877,0.000000
pre_race,hist_gradient_boosting_classifier,2025,14,Hungarian Grand Prix,hulkenberg,Nico Hülkenberg,Sauber,13,no_points,no_points,1,0.000022,0.000963,0.013103,0.189616,0.796296,0.956961,0.000000
pre_race,hist_gradient_boosting_classifier,2025,14,Hungarian Grand Prix,sainz,Carlos Sainz,Williams,14,no_points,no_points,1,0.000057,0.003074,0.024991,0.306792,0.665086,1.615569,0.000000
pre_race,hist_gradient_boosting_classifier,2025,14,Hungarian Grand Prix,albon,Alexander Albon,Williams,15,no_points,no_points,1,0.000056,0.035043,0.086096,0.311145,0.567659,2.833480,0.000000
pre_race,hist_gradient_boosting_classifier,2025,14,Hungarian Grand Prix,ocon,Esteban Ocon,Haas F1 Team,16,no_points,no_points,1,0.000038,0.004188,0.002853,0.113460,0.879462,0.577956,0.000000
pre_race,hist_gradient_boosting_classifier,2025,14,Hungarian Grand Prix,tsunoda,Yuki Tsunoda,Red Bull,17,no_points,no_points,1,0.000179,0.034234,0.002627,0.309180,0.653780,1.896786,0.000000
pre_race,hist_gradient_boosting_classifier,2025,14,Hungarian Grand Prix,colapinto,Franco Colapinto,Alpine F1 Team,18,no_points,no_points,1,0.000027,0.003661,0.000652,0.086377,0.909282,0.431050,0.000000
pre_race,hist_gradient_boosting_classifier,2025,14,Hungarian Grand Prix,gasly,Pierre Gasly,Alpine F1 Team,19,no_points,no_points,1,0.000458,0.050882,0.013337,0.213793,0.721530,1.895645,0.000000
pre_race,hist_gradient_boosting_classifier,2025,14,Hungarian Grand Prix,bearman,Oliver Bearman,Haas F1 Team,20,no_points,no_points,1,0.000017,0.001064,0.004015,0.147709,0.847195,0.682521,0.000000
pre_race,hist_gradient_boosting_classifier,2025,15,Dutch Grand Prix,piastri,Oscar Piastri,McLaren,1,win,podium_no_win,2,0.204518,0.578433,0.022944,0.107637,0.086468,15.361555,25.000000
pre_race,hist_gradient_boosting_classifier,2025,15,Dutch Grand Prix,max_verstappen,Max Verstappen,Red Bull,2,podium_no_win,points_no_top5,3,0.071277,0.205114,0.104101,0.355093,0.264414,7.802822,18.000000
pre_race,hist_gradient_boosting_classifier,2025,15,Dutch Grand Prix,hadjar,Isack Hadjar,RB F1 Team,3,podium_no_win,no_points,4,0.000132,0.001053,0.001700,0.168980,0.828135,0.749089,15.000000
pre_race,hist_gradient_boosting_classifier,2025,15,Dutch Grand Prix,russell,George Russell,Mercedes,4,top5_no_podium,no_points,4,0.006475,0.265912,0.111498,0.283516,0.332598,6.966670,12.000000
pre_race,hist_gradient_boosting_classifier,2025,15,Dutch Grand Prix,albon,Alexander Albon,Williams,5,top5_no_podium,no_points,3,0.000130,0.007650,0.047500,0.470648,0.474073,2.628687,10.000000
pre_race,hist_gradient_boosting_classifier,2025,15,Dutch Grand Prix,bearman,Oliver Bearman,Haas F1 Team,6,points_no_top5,no_points,2,0.000005,0.000093,0.000403,0.022529,0.976969,0.100729,8.000000
pre_race,hist_gradient_boosting_classifier,2025,15,Dutch Grand Prix,stroll,Lance Stroll,Aston Martin,7,points_no_top5,no_points,2,0.000116,0.002225,0.011062,0.252740,0.733858,1.222795,6.000000
pre_race,hist_gradient_boosting_classifier,2025,15,Dutch Grand Prix,alonso,Fernando Alonso,Aston Martin,8,points_no_top5,points_no_top5,1,0.000243,0.010745,0.051219,0.591465,0.346328,3.230923,4.000000
pre_race,hist_gradient_boosting_classifier,2025,15,Dutch Grand Prix,tsunoda,Yuki Tsunoda,Red Bull,9,points_no_top5,no_points,2,0.000165,0.019354,0.002391,0.172594,0.805496,1.074656,2.000000
pre_race,hist_gradient_boosting_classifier,2025,15,Dutch Grand Prix,ocon,Esteban Ocon,Haas F1 Team,10,points_no_top5,no_points,2,0.000019,0.000238,0.000229,0.050215,0.949299,0.217827,1.000000
pre_race,hist_gradient_boosting_classifier,2025,15,Dutch Grand Prix,colapinto,Franco Colapinto,Alpine F1 Team,11,no_points,no_points,1,0.000023,0.012316,0.000314,0.056127,0.931221,0.442966,0.000000
pre_race,hist_gradient_boosting_classifier,2025,15,Dutch Grand Prix,lawson,Liam Lawson,RB F1 Team,12,no_points,no_points,1,0.000078,0.001971,0.004398,0.218156,0.775397,0.999095,0.000000
pre_race,hist_gradient_boosting_classifier,2025,15,Dutch Grand Prix,sainz,Carlos Sainz,Williams,13,no_points,no_points,1,0.000018,0.006745,0.002404,0.193944,0.796888,0.952765,0.000000
pre_race,hist_gradient_boosting_classifier,2025,15,Dutch Grand Prix,hulkenberg,Nico Hülkenberg,Sauber,14,no_points,no_points,1,0.000201,0.000859,0.038401,0.357387,0.603151,1.942644,0.000000
pre_race,hist_gradient_boosting_classifier,2025,15,Dutch Grand Prix,bortoleto,Gabriel Bortoleto,Sauber,15,no_points,no_points,1,0.000019,0.006263,0.015588,0.301301,0.676830,1.540738,0.000000
pre_race,hist_gradient_boosting_classifier,2025,15,Dutch Grand Prix,antonelli,Andrea Kimi Antonelli,Mercedes,16,no_points,points_no_top5,2,0.000151,0.116067,0.180999,0.447307,0.255476,5.788554,0.000000
pre_race,hist_gradient_boosting_classifier,2025,15,Dutch Grand Prix,gasly,Pierre Gasly,Alpine F1 Team,17,no_points,no_points,1,0.000152,0.061843,0.004799,0.167129,0.766077,1.778949,0.000000
pre_race,hist_gradient_boosting_classifier,2025,15,Dutch Grand Prix,norris,Lando Norris,McLaren,18,no_points,win,4,0.442648,0.350783,0.026758,0.134266,0.045546,17.712367,0.000000
pre_race,hist_gradient_boosting_classifier,2025,15,Dutch Grand Prix,leclerc,Charles Leclerc,Ferrari,19,no_points,podium_no_win,3,0.001303,0.479466,0.263357,0.106207,0.149668,11.286754,0.000000
pre_race,hist_gradient_boosting_classifier,2025,15,Dutch Grand Prix,hamilton,Lewis Hamilton,Ferrari,20,no_points,points_no_top5,4,0.001038,0.135064,0.245834,0.492004,0.126060,7.025091,0.000000
pre_race,hist_gradient_boosting_classifier,2025,16,Italian Grand Prix,max_verstappen,Max Verstappen,Red Bull,1,win,points_no_top5,5,0.014359,0.094048,0.111019,0.518066,0.262508,5.307847,25.000000
pre_race,hist_gradient_boosting_classifier,2025,16,Italian Grand Prix,norris,Lando Norris,McLaren,2,podium_no_win,win,2,0.427284,0.279007,0.165567,0.107547,0.020595,17.558661,18.000000
pre_race,hist_gradient_boosting_classifier,2025,16,Italian Grand Prix,piastri,Oscar Piastri,McLaren,3,podium_no_win,win,2,0.692684,0.197819,0.015039,0.081881,0.012576,21.090448,15.000000
pre_race,hist_gradient_boosting_classifier,2025,16,Italian Grand Prix,leclerc,Charles Leclerc,Ferrari,4,top5_no_podium,points_no_top5,3,0.014842,0.208529,0.232762,0.279928,0.263939,7.547863,12.000000
pre_race,hist_gradient_boosting_classifier,2025,16,Italian Grand Prix,russell,George Russell,Mercedes,5,top5_no_podium,points_no_top5,4,0.007763,0.179896,0.070354,0.522300,0.219688,6.129897,10.000000
pre_race,hist_gradient_boosting_classifier,2025,16,Italian Grand Prix,hamilton,Lewis Hamilton,Ferrari,6,points_no_top5,points_no_top5,1,0.000538,0.298797,0.153169,0.345407,0.202090,8.079162,8.000000
pre_race,hist_gradient_boosting_classifier,2025,16,Italian Grand Prix,albon,Alexander Albon,Williams,7,points_no_top5,points_no_top5,1,0.000142,0.011067,0.046757,0.488367,0.453668,2.751616,6.000000
pre_race,hist_gradient_boosting_classifier,2025,16,Italian Grand Prix,bortoleto,Gabriel Bortoleto,Sauber,8,points_no_top5,no_points,2,0.000035,0.002095,0.020481,0.167041,0.810347,0.962320,4.000000
pre_race,hist_gradient_boosting_classifier,2025,16,Italian Grand Prix,antonelli,Andrea Kimi Antonelli,Mercedes,9,points_no_top5,points_no_top5,1,0.002203,0.117116,0.134915,0.535792,0.209974,5.721891,2.000000
pre_race,hist_gradient_boosting_classifier,2025,16,Italian Grand Prix,hadjar,Isack Hadjar,RB F1 Team,10,points_no_top5,no_points,2,0.000156,0.014962,0.006317,0.390468,0.588097,1.960236,1.000000
pre_race,hist_gradient_boosting_classifier,2025,16,Italian Grand Prix,sainz,Carlos Sainz,Williams,11,no_points,no_points,1,0.000033,0.011980,0.009947,0.200048,0.777992,1.148102,0.000000
pre_race,hist_gradient_boosting_classifier,2025,16,Italian Grand Prix,bearman,Oliver Bearman,Haas F1 Team,12,no_points,no_points,1,0.000031,0.000431,0.003741,0.098249,0.897547,0.461697,0.000000
pre_race,hist_gradient_boosting_classifier,2025,16,Italian Grand Prix,tsunoda,Yuki Tsunoda,Red Bull,13,no_points,no_points,1,0.000155,0.045586,0.003706,0.423072,0.527481,2.573709,0.000000
pre_race,hist_gradient_boosting_classifier,2025,16,Italian Grand Prix,lawson,Liam Lawson,RB F1 Team,14,no_points,no_points,1,0.000193,0.009563,0.009639,0.258715,0.721890,1.355252,0.000000
pre_race,hist_gradient_boosting_classifier,2025,16,Italian Grand Prix,ocon,Esteban Ocon,Haas F1 Team,15,no_points,no_points,1,0.000109,0.001196,0.004279,0.121213,0.873203,0.578615,0.000000
pre_race,hist_gradient_boosting_classifier,2025,16,Italian Grand Prix,gasly,Pierre Gasly,Alpine F1 Team,16,no_points,no_points,1,0.000046,0.004222,0.002857,0.103143,0.889732,0.535439,0.000000
pre_race,hist_gradient_boosting_classifier,2025,16,Italian Grand Prix,colapinto,Franco Colapinto,Alpine F1 Team,17,no_points,no_points,1,0.000014,0.002964,0.000386,0.047931,0.948704,0.254825,0.000000
pre_race,hist_gradient_boosting_classifier,2025,16,Italian Grand Prix,stroll,Lance Stroll,Aston Martin,18,no_points,no_points,1,0.000078,0.003429,0.005864,0.320424,0.670204,1.468832,0.000000
pre_race,hist_gradient_boosting_classifier,2025,16,Italian Grand Prix,alonso,Fernando Alonso,Aston Martin,19,no_points,no_points,1,0.000077,0.011086,0.024318,0.417932,0.546588,2.207638,0.000000
pre_race,hist_gradient_boosting_classifier,2025,16,Italian Grand Prix,hulkenberg,Nico Hülkenberg,Sauber,20,no_points,no_points,1,0.000092,0.003438,0.055997,0.238485,0.701989,1.676616,0.000000
pre_race,hist_gradient_boosting_classifier,2025,17,Azerbaijan Grand Prix,max_verstappen,Max Verstappen,Red Bull,1,win,no_points,5,0.005687,0.216897,0.328985,0.076408,0.372023,7.660728,25.000000
pre_race,hist_gradient_boosting_classifier,2025,17,Azerbaijan Grand Prix,russell,George Russell,Mercedes,2,podium_no_win,points_no_top5,3,0.003566,0.204081,0.081610,0.422036,0.288707,6.126751,18.000000
pre_race,hist_gradient_boosting_classifier,2025,17,Azerbaijan Grand Prix,sainz,Carlos Sainz,Williams,3,podium_no_win,no_points,4,0.000053,0.003479,0.007452,0.283559,0.705458,1.331627,15.000000
pre_race,hist_gradient_boosting_classifier,2025,17,Azerbaijan Grand Prix,antonelli,Andrea Kimi Antonelli,Mercedes,4,top5_no_podium,points_no_top5,3,0.000897,0.041871,0.078589,0.693676,0.184966,4.491224,12.000000
pre_race,hist_gradient_boosting_classifier,2025,17,Azerbaijan Grand Prix,lawson,Liam Lawson,RB F1 Team,5,top5_no_podium,no_points,3,0.000648,0.008297,0.015987,0.347728,0.627341,1.789400,10.000000
pre_race,hist_gradient_boosting_classifier,2025,17,Azerbaijan Grand Prix,tsunoda,Yuki Tsunoda,Red Bull,6,points_no_top5,no_points,2,0.000791,0.013032,0.006171,0.468974,0.511032,2.272365,8.000000
pre_race,hist_gradient_boosting_classifier,2025,17,Azerbaijan Grand Prix,norris,Lando Norris,McLaren,7,points_no_top5,win,4,0.523641,0.108674,0.294999,0.059421,0.013266,18.378688,6.000000
pre_race,hist_gradient_boosting_classifier,2025,17,Azerbaijan Grand Prix,hamilton,Lewis Hamilton,Ferrari,8,points_no_top5,points_no_top5,1,0.001373,0.196840,0.150133,0.366579,0.285076,6.473261,4.000000
pre_race,hist_gradient_boosting_classifier,2025,17,Azerbaijan Grand Prix,leclerc,Charles Leclerc,Ferrari,9,points_no_top5,points_no_top5,1,0.003714,0.187493,0.157259,0.516399,0.135134,7.085223,2.000000
pre_race,hist_gradient_boosting_classifier,2025,17,Azerbaijan Grand Prix,hadjar,Isack Hadjar,RB F1 Team,10,points_no_top5,no_points,2,0.001268,0.007508,0.008423,0.429717,0.553086,2.053023,1.000000
pre_race,hist_gradient_boosting_classifier,2025,17,Azerbaijan Grand Prix,bortoleto,Gabriel Bortoleto,Sauber,11,no_points,no_points,1,0.000481,0.001798,0.053484,0.279664,0.664573,1.804606,0.000000
pre_race,hist_gradient_boosting_classifier,2025,17,Azerbaijan Grand Prix,bearman,Oliver Bearman,Haas F1 Team,12,no_points,no_points,1,0.000212,0.000565,0.004731,0.122433,0.872058,0.580900,0.000000
pre_race,hist_gradient_boosting_classifier,2025,17,Azerbaijan Grand Prix,albon,Alexander Albon,Williams,13,no_points,no_points,1,0.000908,0.024719,0.044676,0.388446,0.541251,2.553470,0.000000
pre_race,hist_gradient_boosting_classifier,2025,17,Azerbaijan Grand Prix,ocon,Esteban Ocon,Haas F1 Team,14,no_points,no_points,1,0.000728,0.000837,0.018232,0.211660,0.768543,1.121535,0.000000
pre_race,hist_gradient_boosting_classifier,2025,17,Azerbaijan Grand Prix,alonso,Fernando Alonso,Aston Martin,15,no_points,points_no_top5,2,0.002499,0.015528,0.053767,0.633712,0.294495,3.571703,0.000000
pre_race,hist_gradient_boosting_classifier,2025,17,Azerbaijan Grand Prix,hulkenberg,Nico Hülkenberg,Sauber,16,no_points,no_points,1,0.001006,0.000640,0.021500,0.392326,0.584528,1.919972,0.000000
pre_race,hist_gradient_boosting_classifier,2025,17,Azerbaijan Grand Prix,stroll,Lance Stroll,Aston Martin,17,no_points,no_points,1,0.000666,0.004917,0.008312,0.371321,0.614784,1.748756,0.000000
pre_race,hist_gradient_boosting_classifier,2025,17,Azerbaijan Grand Prix,gasly,Pierre Gasly,Alpine F1 Team,18,no_points,no_points,1,0.000236,0.005127,0.000656,0.019842,0.974139,0.181050,0.000000
pre_race,hist_gradient_boosting_classifier,2025,17,Azerbaijan Grand Prix,colapinto,Franco Colapinto,Alpine F1 Team,19,no_points,no_points,1,0.000050,0.003515,0.000177,0.119749,0.876508,0.564158,0.000000
pre_race,hist_gradient_boosting_classifier,2025,17,Azerbaijan Grand Prix,piastri,Oscar Piastri,McLaren,20,no_points,win,5,0.486768,0.288694,0.089649,0.086348,0.048541,18.281456,0.000000
pre_race,hist_gradient_boosting_classifier,2025,18,Singapore Grand Prix,russell,George Russell,Mercedes,1,win,podium_no_win,5,0.018599,0.312561,0.228562,0.235921,0.204358,9.127268,25.000000
pre_race,hist_gradient_boosting_classifier,2025,18,Singapore Grand Prix,max_verstappen,Max Verstappen,Red Bull,2,podium_no_win,podium_no_win,1,0.184630,0.251613,0.148390,0.249438,0.165928,11.447308,18.000000
pre_race,hist_gradient_boosting_classifier,2025,18,Singapore Grand Prix,norris,Lando Norris,McLaren,3,podium_no_win,win,3,0.341938,0.246479,0.066951,0.289860,0.054772,14.569220,15.000000
pre_race,hist_gradient_boosting_classifier,2025,18,Singapore Grand Prix,piastri,Oscar Piastri,McLaren,4,top5_no_podium,win,4,0.422700,0.145746,0.031548,0.382824,0.017182,14.927202,12.000000
pre_race,hist_gradient_boosting_classifier,2025,18,Singapore Grand Prix,antonelli,Andrea Kimi Antonelli,Mercedes,5,top5_no_podium,points_no_top5,2,0.003283,0.101583,0.269844,0.487462,0.137829,6.773813,10.000000
pre_race,hist_gradient_boosting_classifier,2025,18,Singapore Grand Prix,leclerc,Charles Leclerc,Ferrari,6,points_no_top5,top5_no_podium,2,0.008938,0.137819,0.432563,0.317122,0.103558,8.587580,8.000000
pre_race,hist_gradient_boosting_classifier,2025,18,Singapore Grand Prix,alonso,Fernando Alonso,Aston Martin,7,points_no_top5,no_points,2,0.000104,0.003525,0.014654,0.380652,0.601066,1.820692,6.000000
pre_race,hist_gradient_boosting_classifier,2025,18,Singapore Grand Prix,hamilton,Lewis Hamilton,Ferrari,8,points_no_top5,points_no_top5,1,0.004782,0.084494,0.344773,0.367311,0.198639,6.848922,4.000000
pre_race,hist_gradient_boosting_classifier,2025,18,Singapore Grand Prix,bearman,Oliver Bearman,Haas F1 Team,9,points_no_top5,no_points,2,0.000080,0.000121,0.000969,0.071939,0.926891,0.316801,2.000000
pre_race,hist_gradient_boosting_classifier,2025,18,Singapore Grand Prix,sainz,Carlos Sainz,Williams,10,points_no_top5,no_points,2,0.000247,0.042843,0.051021,0.450186,0.455702,3.165116,1.000000
pre_race,hist_gradient_boosting_classifier,2025,18,Singapore Grand Prix,hadjar,Isack Hadjar,RB F1 Team,11,no_points,no_points,1,0.000216,0.032970,0.011169,0.463529,0.492116,2.619086,0.000000
pre_race,hist_gradient_boosting_classifier,2025,18,Singapore Grand Prix,tsunoda,Yuki Tsunoda,Red Bull,12,no_points,points_no_top5,2,0.002491,0.012347,0.013749,0.582055,0.389357,2.861875,0.000000
pre_race,hist_gradient_boosting_classifier,2025,18,Singapore Grand Prix,stroll,Lance Stroll,Aston Martin,13,no_points,no_points,1,0.000087,0.001879,0.006648,0.293341,0.698045,1.338339,0.000000
pre_race,hist_gradient_boosting_classifier,2025,18,Singapore Grand Prix,albon,Alexander Albon,Williams,14,no_points,no_points,1,0.000261,0.024903,0.078121,0.341165,0.555550,2.709649,0.000000
pre_race,hist_gradient_boosting_classifier,2025,18,Singapore Grand Prix,lawson,Liam Lawson,RB F1 Team,15,no_points,no_points,1,0.000227,0.014723,0.009085,0.408593,0.567372,2.064636,0.000000
pre_race,hist_gradient_boosting_classifier,2025,18,Singapore Grand Prix,colapinto,Franco Colapinto,Alpine F1 Team,16,no_points,no_points,1,0.000039,0.001793,0.000260,0.051709,0.946199,0.250599,0.000000
pre_race,hist_gradient_boosting_classifier,2025,18,Singapore Grand Prix,bortoleto,Gabriel Bortoleto,Sauber,17,no_points,no_points,1,0.000049,0.001881,0.004216,0.151851,0.842002,0.716419,0.000000
pre_race,hist_gradient_boosting_classifier,2025,18,Singapore Grand Prix,ocon,Esteban Ocon,Haas F1 Team,18,no_points,no_points,1,0.000126,0.000354,0.002764,0.061977,0.934779,0.299696,0.000000
pre_race,hist_gradient_boosting_classifier,2025,18,Singapore Grand Prix,gasly,Pierre Gasly,Alpine F1 Team,19,no_points,no_points,1,0.000054,0.007371,0.001147,0.099712,0.891716,0.554376,0.000000
pre_race,hist_gradient_boosting_classifier,2025,18,Singapore Grand Prix,hulkenberg,Nico Hülkenberg,Sauber,20,no_points,points_no_top5,2,0.000073,0.000265,0.015627,0.612839,0.371196,2.752010,0.000000
pre_race,hist_gradient_boosting_classifier,2025,19,United States Grand Prix,max_verstappen,Max Verstappen,Red Bull,1,win,podium_no_win,3,0.120613,0.598469,0.169601,0.037767,0.073549,14.914305,25.000000
pre_race,hist_gradient_boosting_classifier,2025,19,United States Grand Prix,norris,Lando Norris,McLaren,2,podium_no_win,win,3,0.494131,0.160562,0.213677,0.115111,0.016519,17.836458,18.000000
pre_race,hist_gradient_boosting_classifier,2025,19,United States Grand Prix,leclerc,Charles Leclerc,Ferrari,3,podium_no_win,points_no_top5,4,0.015674,0.102634,0.269110,0.411391,0.201191,6.773366,15.000000
pre_race,hist_gradient_boosting_classifier,2025,19,United States Grand Prix,hamilton,Lewis Hamilton,Ferrari,4,top5_no_podium,points_no_top5,3,0.005063,0.110109,0.179186,0.471522,0.234121,5.894807,12.000000
pre_race,hist_gradient_boosting_classifier,2025,19,United States Grand Prix,piastri,Oscar Piastri,McLaren,5,top5_no_podium,top5_no_podium,1,0.077101,0.291883,0.439126,0.150759,0.041131,12.207170,10.000000
pre_race,hist_gradient_boosting_classifier,2025,19,United States Grand Prix,russell,George Russell,Mercedes,6,points_no_top5,podium_no_win,5,0.137985,0.493506,0.162798,0.052957,0.152754,13.605670,8.000000
pre_race,hist_gradient_boosting_classifier,2025,19,United States Grand Prix,tsunoda,Yuki Tsunoda,Red Bull,7,points_no_top5,points_no_top5,1,0.002059,0.017474,0.014016,0.483777,0.482674,2.525842,6.000000
pre_race,hist_gradient_boosting_classifier,2025,19,United States Grand Prix,hulkenberg,Nico Hülkenberg,Sauber,8,points_no_top5,points_no_top5,1,0.000097,0.000158,0.009370,0.707087,0.283288,3.077865,4.000000
pre_race,hist_gradient_boosting_classifier,2025,19,United States Grand Prix,bearman,Oliver Bearman,Haas F1 Team,9,points_no_top5,no_points,2,0.000074,0.000102,0.001990,0.084185,0.913649,0.379002,2.000000
pre_race,hist_gradient_boosting_classifier,2025,19,United States Grand Prix,alonso,Fernando Alonso,Aston Martin,10,points_no_top5,points_no_top5,1,0.000127,0.001591,0.007748,0.726345,0.264189,3.165294,1.000000
pre_race,hist_gradient_boosting_classifier,2025,19,United States Grand Prix,lawson,Liam Lawson,RB F1 Team,11,no_points,no_points,1,0.000329,0.003333,0.005266,0.440555,0.550517,1.971466,0.000000
pre_race,hist_gradient_boosting_classifier,2025,19,United States Grand Prix,stroll,Lance Stroll,Aston Martin,12,no_points,no_points,1,0.000114,0.000469,0.002094,0.444481,0.552842,1.900437,0.000000
pre_race,hist_gradient_boosting_classifier,2025,19,United States Grand Prix,antonelli,Andrea Kimi Antonelli,Mercedes,13,no_points,points_no_top5,3,0.010351,0.063041,0.328426,0.376002,0.222179,6.490868,0.000000
pre_race,hist_gradient_boosting_classifier,2025,19,United States Grand Prix,albon,Alexander Albon,Williams,14,no_points,no_points,1,0.000216,0.008655,0.065836,0.304997,0.620295,2.153400,0.000000
pre_race,hist_gradient_boosting_classifier,2025,19,United States Grand Prix,ocon,Esteban Ocon,Haas F1 Team,15,no_points,no_points,1,0.000204,0.000070,0.001584,0.103224,0.894918,0.457217,0.000000
pre_race,hist_gradient_boosting_classifier,2025,19,United States Grand Prix,hadjar,Isack Hadjar,RB F1 Team,16,no_points,no_points,1,0.000328,0.005928,0.008246,0.431723,0.553775,2.009948,0.000000
pre_race,hist_gradient_boosting_classifier,2025,19,United States Grand Prix,colapinto,Franco Colapinto,Alpine F1 Team,17,no_points,no_points,1,0.000027,0.000568,0.000175,0.032125,0.967105,0.146891,0.000000
pre_race,hist_gradient_boosting_classifier,2025,19,United States Grand Prix,bortoleto,Gabriel Bortoleto,Sauber,18,no_points,no_points,1,0.000065,0.000859,0.004891,0.182841,0.811343,0.837536,0.000000
pre_race,hist_gradient_boosting_classifier,2025,19,United States Grand Prix,gasly,Pierre Gasly,Alpine F1 Team,19,no_points,no_points,1,0.000048,0.002628,0.000920,0.035553,0.960851,0.204010,0.000000
pre_race,hist_gradient_boosting_classifier,2025,19,United States Grand Prix,sainz,Carlos Sainz,Williams,20,no_points,no_points,1,0.000173,0.004616,0.029541,0.380193,0.585477,2.002250,0.000000
pre_race,hist_gradient_boosting_classifier,2025,20,Mexico City Grand Prix,norris,Lando Norris,McLaren,1,win,points_no_top5,5,0.024329,0.267976,0.044424,0.627179,0.036092,8.152651,25.000000
pre_race,hist_gradient_boosting_classifier,2025,20,Mexico City Grand Prix,leclerc,Charles Leclerc,Ferrari,2,podium_no_win,points_no_top5,4,0.013654,0.080498,0.266453,0.386166,0.253230,6.222436,18.000000
pre_race,hist_gradient_boosting_classifier,2025,20,Mexico City Grand Prix,max_verstappen,Max Verstappen,Red Bull,3,podium_no_win,win,2,0.553000,0.251711,0.014193,0.150411,0.030684,18.766085,15.000000
pre_race,hist_gradient_boosting_classifier,2025,20,Mexico City Grand Prix,bearman,Oliver Bearman,Haas F1 Team,4,top5_no_podium,no_points,3,0.000042,0.000192,0.002126,0.326519,0.671121,1.398994,12.000000
pre_race,hist_gradient_boosting_classifier,2025,20,Mexico City Grand Prix,piastri,Oscar Piastri,McLaren,5,top5_no_podium,points_no_top5,4,0.205349,0.331635,0.067523,0.360755,0.034738,12.863624,10.000000
pre_race,hist_gradient_boosting_classifier,2025,20,Mexico City Grand Prix,antonelli,Andrea Kimi Antonelli,Mercedes,6,points_no_top5,points_no_top5,1,0.003538,0.058251,0.192496,0.575845,0.169869,5.585609,8.000000
pre_race,hist_gradient_boosting_classifier,2025,20,Mexico City Grand Prix,russell,George Russell,Mercedes,7,points_no_top5,podium_no_win,3,0.033722,0.427064,0.271741,0.182562,0.084912,11.645501,6.000000
pre_race,hist_gradient_boosting_classifier,2025,20,Mexico City Grand Prix,hamilton,Lewis Hamilton,Ferrari,8,points_no_top5,points_no_top5,1,0.002189,0.061541,0.354015,0.395077,0.187178,6.623651,4.000000
pre_race,hist_gradient_boosting_classifier,2025,20,Mexico City Grand Prix,ocon,Esteban Ocon,Haas F1 Team,9,points_no_top5,no_points,2,0.000363,0.000216,0.001973,0.162045,0.835404,0.714920,2.000000
pre_race,hist_gradient_boosting_classifier,2025,20,Mexico City Grand Prix,bortoleto,Gabriel Bortoleto,Sauber,10,points_no_top5,no_points,2,0.000048,0.000509,0.001839,0.274693,0.722911,1.183537,1.000000
pre_race,hist_gradient_boosting_classifier,2025,20,Mexico City Grand Prix,tsunoda,Yuki Tsunoda,Red Bull,11,no_points,no_points,1,0.004246,0.014281,0.146492,0.293628,0.541353,3.186436,0.000000
pre_race,hist_gradient_boosting_classifier,2025,20,Mexico City Grand Prix,albon,Alexander Albon,Williams,12,no_points,no_points,1,0.000085,0.007590,0.165168,0.410500,0.416656,3.668318,0.000000
pre_race,hist_gradient_boosting_classifier,2025,20,Mexico City Grand Prix,hadjar,Isack Hadjar,RB F1 Team,13,no_points,no_points,1,0.000132,0.006626,0.007919,0.370909,0.614415,1.757536,0.000000
pre_race,hist_gradient_boosting_classifier,2025,20,Mexico City Grand Prix,stroll,Lance Stroll,Aston Martin,14,no_points,no_points,1,0.000192,0.001391,0.009392,0.411379,0.577646,1.858847,0.000000
pre_race,hist_gradient_boosting_classifier,2025,20,Mexico City Grand Prix,gasly,Pierre Gasly,Alpine F1 Team,15,no_points,no_points,1,0.000020,0.007323,0.000326,0.012188,0.980143,0.176108,0.000000
pre_race,hist_gradient_boosting_classifier,2025,20,Mexico City Grand Prix,colapinto,Franco Colapinto,Alpine F1 Team,16,no_points,no_points,1,0.000016,0.003063,0.000092,0.011809,0.985020,0.101558,0.000000
pre_race,hist_gradient_boosting_classifier,2025,20,Mexico City Grand Prix,sainz,Carlos Sainz,Williams,17,no_points,no_points,1,0.000223,0.001982,0.028683,0.287644,0.681468,1.561902,0.000000
pre_race,hist_gradient_boosting_classifier,2025,20,Mexico City Grand Prix,alonso,Fernando Alonso,Aston Martin,18,no_points,points_no_top5,2,0.000136,0.003126,0.010920,0.681179,0.304639,3.036049,0.000000
pre_race,hist_gradient_boosting_classifier,2025,20,Mexico City Grand Prix,hulkenberg,Nico Hülkenberg,Sauber,19,no_points,no_points,1,0.000152,0.001103,0.014358,0.418164,0.566223,1.936226,0.000000
pre_race,hist_gradient_boosting_classifier,2025,20,Mexico City Grand Prix,lawson,Liam Lawson,RB F1 Team,20,no_points,no_points,1,0.000216,0.003709,0.005663,0.377076,0.613335,1.712629,0.000000
pre_race,hist_gradient_boosting_classifier,2025,21,São Paulo Grand Prix,norris,Lando Norris,McLaren,1,win,points_no_top5,2,0.186034,0.140444,0.048372,0.580430,0.044720,9.938079,25.000000
pre_race,hist_gradient_boosting_classifier,2025,21,São Paulo Grand Prix,antonelli,Andrea Kimi Antonelli,Mercedes,2,podium_no_win,points_no_top5,4,0.001183,0.041589,0.120200,0.625022,0.212006,4.663100,18.000000
pre_race,hist_gradient_boosting_classifier,2025,21,São Paulo Grand Prix,max_verstappen,Max Verstappen,Red Bull,3,podium_no_win,top5_no_podium,4,0.237991,0.058939,0.345008,0.318931,0.039131,12.056861,15.000000
pre_race,hist_gradient_boosting_classifier,2025,21,São Paulo Grand Prix,russell,George Russell,Mercedes,4,top5_no_podium,top5_no_podium,1,0.059798,0.077360,0.458036,0.329724,0.075083,9.194619,12.000000
pre_race,hist_gradient_boosting_classifier,2025,21,São Paulo Grand Prix,piastri,Oscar Piastri,McLaren,5,top5_no_podium,points_no_top5,3,0.068014,0.203108,0.130837,0.586120,0.011922,8.952530,10.000000
pre_race,hist_gradient_boosting_classifier,2025,21,São Paulo Grand Prix,bearman,Oliver Bearman,Haas F1 Team,6,points_no_top5,no_points,2,0.000040,0.002348,0.003841,0.207827,0.785944,0.954871,8.000000
pre_race,hist_gradient_boosting_classifier,2025,21,São Paulo Grand Prix,lawson,Liam Lawson,RB F1 Team,7,points_no_top5,no_points,2,0.000044,0.000851,0.003036,0.229021,0.767048,1.010425,6.000000
pre_race,hist_gradient_boosting_classifier,2025,21,São Paulo Grand Prix,hadjar,Isack Hadjar,RB F1 Team,8,points_no_top5,no_points,2,0.000024,0.007048,0.003808,0.364089,0.625030,1.687972,4.000000
pre_race,hist_gradient_boosting_classifier,2025,21,São Paulo Grand Prix,hulkenberg,Nico Hülkenberg,Sauber,9,points_no_top5,points_no_top5,1,0.000041,0.000610,0.017212,0.566900,0.415237,2.581392,2.000000
pre_race,hist_gradient_boosting_classifier,2025,21,São Paulo Grand Prix,gasly,Pierre Gasly,Alpine F1 Team,10,points_no_top5,no_points,2,0.000011,0.005043,0.000696,0.022895,0.971356,0.187296,1.000000
pre_race,hist_gradient_boosting_classifier,2025,21,São Paulo Grand Prix,albon,Alexander Albon,Williams,11,no_points,points_no_top5,2,0.000021,0.016524,0.052093,0.518487,0.412874,3.023851,0.000000
pre_race,hist_gradient_boosting_classifier,2025,21,São Paulo Grand Prix,ocon,Esteban Ocon,Haas F1 Team,12,no_points,no_points,1,0.000013,0.006495,0.007305,0.161761,0.824426,0.867246,0.000000
pre_race,hist_gradient_boosting_classifier,2025,21,São Paulo Grand Prix,sainz,Carlos Sainz,Williams,13,no_points,no_points,1,0.000070,0.002570,0.040957,0.363935,0.592468,2.023220,0.000000
pre_race,hist_gradient_boosting_classifier,2025,21,São Paulo Grand Prix,alonso,Fernando Alonso,Aston Martin,14,no_points,no_points,1,0.000023,0.007075,0.024611,0.484043,0.484247,2.421025,0.000000
pre_race,hist_gradient_boosting_classifier,2025,21,São Paulo Grand Prix,colapinto,Franco Colapinto,Alpine F1 Team,15,no_points,no_points,1,0.000014,0.005901,0.000407,0.048056,0.945622,0.304027,0.000000
pre_race,hist_gradient_boosting_classifier,2025,21,São Paulo Grand Prix,stroll,Lance Stroll,Aston Martin,16,no_points,no_points,1,0.000018,0.002268,0.023668,0.214191,0.759855,1.197819,0.000000
pre_race,hist_gradient_boosting_classifier,2025,21,São Paulo Grand Prix,tsunoda,Yuki Tsunoda,Red Bull,17,no_points,no_points,1,0.000250,0.019418,0.014940,0.449676,0.515716,2.379631,0.000000
pre_race,hist_gradient_boosting_classifier,2025,21,São Paulo Grand Prix,hamilton,Lewis Hamilton,Ferrari,18,no_points,points_no_top5,3,0.006995,0.099695,0.362639,0.365491,0.165180,7.343941,0.000000
pre_race,hist_gradient_boosting_classifier,2025,21,São Paulo Grand Prix,leclerc,Charles Leclerc,Ferrari,19,no_points,top5_no_podium,3,0.127667,0.300747,0.334224,0.100751,0.136611,12.253614,0.000000
pre_race,hist_gradient_boosting_classifier,2025,21,São Paulo Grand Prix,bortoleto,Gabriel Bortoleto,Sauber,20,no_points,no_points,1,0.000011,0.000653,0.002815,0.160405,0.836116,0.715725,0.000000
pre_race,hist_gradient_boosting_classifier,2025,22,Las Vegas Grand Prix,max_verstappen,Max Verstappen,Red Bull,1,win,points_no_top5,4,0.134980,0.153178,0.271038,0.334342,0.106462,10.287600,25.000000
pre_race,hist_gradient_boosting_classifier,2025,22,Las Vegas Grand Prix,russell,George Russell,Mercedes,2,podium_no_win,top5_no_podium,2,0.096828,0.164214,0.514057,0.119694,0.105207,11.287567,18.000000
pre_race,hist_gradient_boosting_classifier,2025,22,Las Vegas Grand Prix,antonelli,Andrea Kimi Antonelli,Mercedes,3,podium_no_win,no_points,4,0.052709,0.166762,0.200546,0.278505,0.301478,7.445039,15.000000
pre_race,hist_gradient_boosting_classifier,2025,22,Las Vegas Grand Prix,leclerc,Charles Leclerc,Ferrari,4,top5_no_podium,no_points,2,0.026324,0.112366,0.257597,0.210250,0.393464,6.228746,12.000000
pre_race,hist_gradient_boosting_classifier,2025,22,Las Vegas Grand Prix,sainz,Carlos Sainz,Williams,5,top5_no_podium,no_points,3,0.000090,0.001740,0.032816,0.313027,0.652327,1.706665,10.000000
pre_race,hist_gradient_boosting_classifier,2025,22,Las Vegas Grand Prix,hadjar,Isack Hadjar,RB F1 Team,6,points_no_top5,no_points,2,0.000108,0.017408,0.012604,0.287474,0.682407,1.635951,8.000000
pre_race,hist_gradient_boosting_classifier,2025,22,Las Vegas Grand Prix,hulkenberg,Nico Hülkenberg,Sauber,7,points_no_top5,points_no_top5,1,0.000038,0.000961,0.006761,0.718885,0.273355,3.110490,6.000000
pre_race,hist_gradient_boosting_classifier,2025,22,Las Vegas Grand Prix,hamilton,Lewis Hamilton,Ferrari,8,points_no_top5,points_no_top5,1,0.016300,0.150408,0.245767,0.314728,0.272797,6.914531,4.000000
pre_race,hist_gradient_boosting_classifier,2025,22,Las Vegas Grand Prix,ocon,Esteban Ocon,Haas F1 Team,9,points_no_top5,no_points,2,0.000052,0.005430,0.012355,0.352525,0.629638,1.707404,2.000000
pre_race,hist_gradient_boosting_classifier,2025,22,Las Vegas Grand Prix,bearman,Oliver Bearman,Haas F1 Team,10,points_no_top5,no_points,2,0.000508,0.011220,0.012918,0.355026,0.620328,1.831041,1.000000
pre_race,hist_gradient_boosting_classifier,2025,22,Las Vegas Grand Prix,alonso,Fernando Alonso,Aston Martin,11,no_points,points_no_top5,2,0.000031,0.002564,0.011598,0.745404,0.240403,3.301359,0.000000
pre_race,hist_gradient_boosting_classifier,2025,22,Las Vegas Grand Prix,tsunoda,Yuki Tsunoda,Red Bull,12,no_points,no_points,1,0.000687,0.018828,0.016997,0.425353,0.538134,2.301298,0.000000
pre_race,hist_gradient_boosting_classifier,2025,22,Las Vegas Grand Prix,gasly,Pierre Gasly,Alpine F1 Team,13,no_points,no_points,1,0.000047,0.057891,0.003365,0.086805,0.851892,1.357970,0.000000
pre_race,hist_gradient_boosting_classifier,2025,22,Las Vegas Grand Prix,lawson,Liam Lawson,RB F1 Team,14,no_points,no_points,1,0.000114,0.006151,0.008953,0.325298,0.659483,1.569086,0.000000
pre_race,hist_gradient_boosting_classifier,2025,22,Las Vegas Grand Prix,colapinto,Franco Colapinto,Alpine F1 Team,15,no_points,no_points,1,0.000026,0.004848,0.000450,0.094967,0.899708,0.484461,0.000000
pre_race,hist_gradient_boosting_classifier,2025,22,Las Vegas Grand Prix,albon,Alexander Albon,Williams,16,no_points,no_points,1,0.000048,0.010152,0.058971,0.243305,0.687523,1.839269,0.000000
pre_race,hist_gradient_boosting_classifier,2025,22,Las Vegas Grand Prix,bortoleto,Gabriel Bortoleto,Sauber,17,no_points,no_points,1,0.000054,0.001811,0.001495,0.189537,0.807104,0.843720,0.000000
pre_race,hist_gradient_boosting_classifier,2025,22,Las Vegas Grand Prix,stroll,Lance Stroll,Aston Martin,18,no_points,no_points,1,0.000028,0.002167,0.006594,0.274762,0.716448,1.263004,0.000000
pre_race,hist_gradient_boosting_classifier,2025,22,Las Vegas Grand Prix,norris,Lando Norris,McLaren,19,no_points,win,4,0.415816,0.340775,0.027207,0.181317,0.034885,17.079000,0.000000
pre_race,hist_gradient_boosting_classifier,2025,22,Las Vegas Grand Prix,piastri,Oscar Piastri,McLaren,20,no_points,podium_no_win,5,0.128290,0.441801,0.114959,0.291784,0.023166,12.987017,0.000000
pre_race,hist_gradient_boosting_classifier,2025,23,Qatar Grand Prix,max_verstappen,Max Verstappen,Red Bull,1,win,win,1,0.369161,0.266373,0.064022,0.194252,0.106192,15.144275,25.000000
pre_race,hist_gradient_boosting_classifier,2025,23,Qatar Grand Prix,piastri,Oscar Piastri,McLaren,2,podium_no_win,podium_no_win,1,0.221148,0.492988,0.069194,0.166292,0.050379,15.122549,18.000000
pre_race,hist_gradient_boosting_classifier,2025,23,Qatar Grand Prix,sainz,Carlos Sainz,Williams,3,podium_no_win,points_no_top5,4,0.000116,0.014501,0.064296,0.468388,0.452700,2.916640,15.000000
pre_race,hist_gradient_boosting_classifier,2025,23,Qatar Grand Prix,norris,Lando Norris,McLaren,4,top5_no_podium,win,5,0.431405,0.259889,0.046810,0.168741,0.093155,16.296923,12.000000
pre_race,hist_gradient_boosting_classifier,2025,23,Qatar Grand Prix,antonelli,Andrea Kimi Antonelli,Mercedes,5,top5_no_podium,points_no_top5,3,0.030631,0.274929,0.202997,0.310406,0.181037,8.838770,10.000000
pre_race,hist_gradient_boosting_classifier,2025,23,Qatar Grand Prix,russell,George Russell,Mercedes,6,points_no_top5,top5_no_podium,3,0.051580,0.413720,0.428898,0.063567,0.042236,13.100728,8.000000
pre_race,hist_gradient_boosting_classifier,2025,23,Qatar Grand Prix,alonso,Fernando Alonso,Aston Martin,7,points_no_top5,no_points,2,0.000085,0.012201,0.001434,0.380033,0.606248,1.815352,6.000000
pre_race,hist_gradient_boosting_classifier,2025,23,Qatar Grand Prix,leclerc,Charles Leclerc,Ferrari,8,points_no_top5,no_points,3,0.015339,0.103987,0.270656,0.252150,0.357869,6.135492,4.000000
pre_race,hist_gradient_boosting_classifier,2025,23,Qatar Grand Prix,lawson,Liam Lawson,RB F1 Team,9,points_no_top5,no_points,2,0.000080,0.105923,0.013807,0.305273,0.574917,3.183751,2.000000
pre_race,hist_gradient_boosting_classifier,2025,23,Qatar Grand Prix,tsunoda,Yuki Tsunoda,Red Bull,10,points_no_top5,no_points,2,0.000418,0.058417,0.008790,0.339705,0.592671,2.497778,1.000000
pre_race,hist_gradient_boosting_classifier,2025,23,Qatar Grand Prix,albon,Alexander Albon,Williams,11,no_points,no_points,1,0.000200,0.032756,0.245657,0.186582,0.534806,4.031330,0.000000
pre_race,hist_gradient_boosting_classifier,2025,23,Qatar Grand Prix,hamilton,Lewis Hamilton,Ferrari,12,no_points,top5_no_podium,3,0.001512,0.062592,0.322237,0.309166,0.304494,5.913658,0.000000
pre_race,hist_gradient_boosting_classifier,2025,23,Qatar Grand Prix,bortoleto,Gabriel Bortoleto,Sauber,13,no_points,no_points,1,0.000080,0.003196,0.003116,0.303810,0.689799,1.365002,0.000000
pre_race,hist_gradient_boosting_classifier,2025,23,Qatar Grand Prix,colapinto,Franco Colapinto,Alpine F1 Team,14,no_points,no_points,1,0.000025,0.006030,0.000632,0.162335,0.830978,0.788871,0.000000
pre_race,hist_gradient_boosting_classifier,2025,23,Qatar Grand Prix,ocon,Esteban Ocon,Haas F1 Team,15,no_points,no_points,1,0.000125,0.010909,0.022743,0.240202,0.726021,1.442153,0.000000
pre_race,hist_gradient_boosting_classifier,2025,23,Qatar Grand Prix,gasly,Pierre Gasly,Alpine F1 Team,16,no_points,no_points,1,0.000031,0.029768,0.002228,0.171007,0.796965,1.234699,0.000000
pre_race,hist_gradient_boosting_classifier,2025,23,Qatar Grand Prix,stroll,Lance Stroll,Aston Martin,17,no_points,no_points,1,0.000037,0.001315,0.000672,0.222783,0.775192,0.965720,0.000000
pre_race,hist_gradient_boosting_classifier,2025,23,Qatar Grand Prix,hadjar,Isack Hadjar,RB F1 Team,18,no_points,no_points,1,0.000767,0.017686,0.021100,0.392832,0.567614,2.193001,0.000000
pre_race,hist_gradient_boosting_classifier,2025,23,Qatar Grand Prix,bearman,Oliver Bearman,Haas F1 Team,19,no_points,no_points,1,0.000482,0.019727,0.023478,0.379324,0.576988,2.188977,0.000000
pre_race,hist_gradient_boosting_classifier,2025,23,Qatar Grand Prix,hulkenberg,Nico Hülkenberg,Sauber,20,no_points,points_no_top5,2,0.000058,0.001902,0.042076,0.500195,0.455769,2.596491,0.000000
pre_race,hist_gradient_boosting_classifier,2025,24,Abu Dhabi Grand Prix,max_verstappen,Max Verstappen,Red Bull,1,win,win,1,0.542286,0.201989,0.010439,0.164889,0.080397,17.697325,25.000000
pre_race,hist_gradient_boosting_classifier,2025,24,Abu Dhabi Grand Prix,piastri,Oscar Piastri,McLaren,2,podium_no_win,points_no_top5,2,0.061144,0.336873,0.135349,0.431097,0.035537,10.386453,18.000000
pre_race,hist_gradient_boosting_classifier,2025,24,Abu Dhabi Grand Prix,norris,Lando Norris,McLaren,3,podium_no_win,points_no_top5,2,0.101713,0.165286,0.068643,0.638713,0.025645,8.707719,15.000000
pre_race,hist_gradient_boosting_classifier,2025,24,Abu Dhabi Grand Prix,leclerc,Charles Leclerc,Ferrari,4,top5_no_podium,podium_no_win,2,0.024964,0.347847,0.321711,0.149270,0.156209,10.529315,12.000000
pre_race,hist_gradient_boosting_classifier,2025,24,Abu Dhabi Grand Prix,russell,George Russell,Mercedes,5,top5_no_podium,podium_no_win,2,0.212079,0.380310,0.333487,0.044353,0.029771,15.431733,10.000000
pre_race,hist_gradient_boosting_classifier,2025,24,Abu Dhabi Grand Prix,alonso,Fernando Alonso,Aston Martin,6,points_no_top5,points_no_top5,1,0.000087,0.000990,0.012276,0.634175,0.352473,2.817073,8.000000
pre_race,hist_gradient_boosting_classifier,2025,24,Abu Dhabi Grand Prix,ocon,Esteban Ocon,Haas F1 Team,7,points_no_top5,no_points,2,0.000157,0.000171,0.007337,0.107229,0.885105,0.537823,6.000000
pre_race,hist_gradient_boosting_classifier,2025,24,Abu Dhabi Grand Prix,hamilton,Lewis Hamilton,Ferrari,8,points_no_top5,points_no_top5,1,0.000564,0.214799,0.120257,0.343589,0.320791,6.324195,4.000000
pre_race,hist_gradient_boosting_classifier,2025,24,Abu Dhabi Grand Prix,hulkenberg,Nico Hülkenberg,Sauber,9,points_no_top5,points_no_top5,1,0.000156,0.000355,0.029296,0.527452,0.442742,2.547305,2.000000
pre_race,hist_gradient_boosting_classifier,2025,24,Abu Dhabi Grand Prix,stroll,Lance Stroll,Aston Martin,10,points_no_top5,no_points,2,0.000117,0.000538,0.002116,0.311305,0.685924,1.342560,1.000000
pre_race,hist_gradient_boosting_classifier,2025,24,Abu Dhabi Grand Prix,bortoleto,Gabriel Bortoleto,Sauber,11,no_points,no_points,1,0.000088,0.000260,0.001375,0.154898,0.843379,0.672192,0.000000
pre_race,hist_gradient_boosting_classifier,2025,24,Abu Dhabi Grand Prix,bearman,Oliver Bearman,Haas F1 Team,12,no_points,no_points,1,0.000187,0.000266,0.008718,0.149478,0.841350,0.732787,0.000000
pre_race,hist_gradient_boosting_classifier,2025,24,Abu Dhabi Grand Prix,sainz,Carlos Sainz,Williams,13,no_points,no_points,1,0.001379,0.034053,0.266676,0.347595,0.350297,4.989675,0.000000
pre_race,hist_gradient_boosting_classifier,2025,24,Abu Dhabi Grand Prix,tsunoda,Yuki Tsunoda,Red Bull,14,no_points,no_points,1,0.000946,0.017547,0.036751,0.322864,0.621891,2.073475,0.000000
pre_race,hist_gradient_boosting_classifier,2025,24,Abu Dhabi Grand Prix,antonelli,Andrea Kimi Antonelli,Mercedes,15,no_points,podium_no_win,2,0.068831,0.308786,0.154240,0.186755,0.281389,9.296749,0.000000
pre_race,hist_gradient_boosting_classifier,2025,24,Abu Dhabi Grand Prix,albon,Alexander Albon,Williams,16,no_points,no_points,1,0.000100,0.021118,0.070445,0.247801,0.660536,2.166601,0.000000
pre_race,hist_gradient_boosting_classifier,2025,24,Abu Dhabi Grand Prix,hadjar,Isack Hadjar,RB F1 Team,17,no_points,no_points,1,0.000690,0.006525,0.023412,0.349037,0.620335,1.848415,0.000000
pre_race,hist_gradient_boosting_classifier,2025,24,Abu Dhabi Grand Prix,lawson,Liam Lawson,RB F1 Team,18,no_points,no_points,1,0.000168,0.002997,0.005550,0.258407,0.732878,1.200008,0.000000
pre_race,hist_gradient_boosting_classifier,2025,24,Abu Dhabi Grand Prix,gasly,Pierre Gasly,Alpine F1 Team,19,no_points,no_points,1,0.000088,0.004708,0.000949,0.117132,0.877123,0.582281,0.000000
pre_race,hist_gradient_boosting_classifier,2025,24,Abu Dhabi Grand Prix,colapinto,Franco Colapinto,Alpine F1 Team,20,no_points,no_points,1,0.000046,0.003138,0.000206,0.063550,0.933060,0.322109,0.000000
