model,train_seasons,test_season,train_records,test_records,positive_train_records,positive_test_records,best_threshold,accuracy,precision,recall,f1,roc_auc,accuracy_at_0_5,precision_at_0_5,recall_at_0_5,f1_at_0_5,race_top3_precision,avg_correct_podium_drivers_per_race,true_negative,false_positive,false_negative,true_positive
logistic_regression,2019-2024,2025,2559,479,384,72,0.730000,0.889353,0.600000,0.791667,0.682635,0.919294,0.851775,0.503937,0.888889,0.643216,0.652778,1.958333,369,38,15,57
random_forest,2019-2024,2025,2559,479,384,72,0.690000,0.912317,0.670455,0.819444,0.737500,0.948164,0.872651,0.545455,0.916667,0.683938,0.722222,2.166667,378,29,13,59
extra_trees,2019-2024,2025,2559,479,384,72,0.650000,0.893528,0.603960,0.847222,0.705202,0.936971,0.830898,0.467626,0.902778,0.616114,0.680556,2.041667,367,40,11,61
hist_gradient_boosting,2019-2024,2025,2559,479,384,72,0.740000,0.910230,0.710145,0.680556,0.695035,0.933797,0.876827,0.563107,0.805556,0.662857,0.652778,1.958333,387,20,23,49
