strategy,strategy_description,season,round,race_name,race_date,driver_id,driver_name,constructor_id,constructor_name,ranking_score,predicted_rank,rule_mapped_points,actual_points,actual_finish_position,predicted_points,top10_probability,calibrated_top10_probability,podium_probability
predicted_points,Rank by continuous predicted race points.,2025,1,Australian Grand Prix,2025-03-16,norris,Lando Norris,mclaren,McLaren,17.452167,1,25.000000,25.000000,1,17.452167,0.961243,0.953488,0.955548
predicted_points,Rank by continuous predicted race points.,2025,1,Australian Grand Prix,2025-03-16,piastri,Oscar Piastri,mclaren,McLaren,14.444627,2,18.000000,2.000000,9,14.444627,0.890570,0.900000,0.913581
predicted_points,Rank by continuous predicted race points.,2025,1,Australian Grand Prix,2025-03-16,max_verstappen,Max Verstappen,red_bull,Red Bull,12.236276,3,15.000000,18.000000,2,12.236276,0.904619,0.953488,0.920246
predicted_points,Rank by continuous predicted race points.,2025,1,Australian Grand Prix,2025-03-16,russell,George Russell,mercedes,Mercedes,12.227821,4,12.000000,15.000000,3,12.227821,0.872511,0.900000,0.752621
predicted_points,Rank by continuous predicted race points.,2025,1,Australian Grand Prix,2025-03-16,leclerc,Charles Leclerc,ferrari,Ferrari,8.621372,5,10.000000,4.000000,8,8.621372,0.779375,0.771429,0.674385
predicted_points,Rank by continuous predicted race points.,2025,1,Australian Grand Prix,2025-03-16,hamilton,Lewis Hamilton,ferrari,Ferrari,7.636886,6,8.000000,1.000000,10,7.636886,0.768465,0.771429,0.327989
predicted_points,Rank by continuous predicted race points.,2025,1,Australian Grand Prix,2025-03-16,tsunoda,Yuki Tsunoda,rb,RB F1 Team,6.504435,7,6.000000,0.000000,12,6.504435,0.759156,0.771429,0.203369
predicted_points,Rank by continuous predicted race points.,2025,1,Australian Grand Prix,2025-03-16,albon,Alexander Albon,williams,Williams,4.999692,8,4.000000,10.000000,5,4.999692,0.770315,0.771429,0.050035
predicted_points,Rank by continuous predicted race points.,2025,1,Australian Grand Prix,2025-03-16,sainz,Carlos Sainz,williams,Williams,4.272235,9,2.000000,0.000000,18,4.272235,0.615835,0.673913,0.061788
predicted_points,Rank by continuous predicted race points.,2025,1,Australian Grand Prix,2025-03-16,alonso,Fernando Alonso,aston_martin,Aston Martin,3.157626,10,1.000000,0.000000,17,3.157626,0.484736,0.333333,0.040631
predicted_points,Rank by continuous predicted race points.,2025,1,Australian Grand Prix,2025-03-16,gasly,Pierre Gasly,alpine,Alpine F1 Team,3.111780,11,0.000000,0.000000,11,3.111780,0.713121,0.771429,0.122064
predicted_points,Rank by continuous predicted race points.,2025,1,Australian Grand Prix,2025-03-16,antonelli,Andrea Kimi Antonelli,mercedes,Mercedes,2.314336,12,0.000000,12.000000,4,2.314336,0.430218,0.333333,0.052565
predicted_points,Rank by continuous predicted race points.,2025,1,Australian Grand Prix,2025-03-16,lawson,Liam Lawson,red_bull,Red Bull,1.950797,13,0.000000,0.000000,15,1.950797,0.301937,0.283333,0.029344
predicted_points,Rank by continuous predicted race points.,2025,1,Australian Grand Prix,2025-03-16,hadjar,Isack Hadjar,rb,RB F1 Team,1.875740,14,0.000000,0.000000,20,1.875740,0.628194,0.673913,0.034258
predicted_points,Rank by continuous predicted race points.,2025,1,Australian Grand Prix,2025-03-16,ocon,Esteban Ocon,haas,Haas F1 Team,1.366289,15,0.000000,0.000000,13,1.366289,0.289782,0.162791,0.008073
predicted_points,Rank by continuous predicted race points.,2025,1,Australian Grand Prix,2025-03-16,stroll,Lance Stroll,aston_martin,Aston Martin,1.098076,16,0.000000,8.000000,6,1.098076,0.545328,0.416667,0.010779
predicted_points,Rank by continuous predicted race points.,2025,1,Australian Grand Prix,2025-03-16,hulkenberg,Nico Hülkenberg,sauber,Sauber,1.097610,17,0.000000,6.000000,7,1.097610,0.317032,0.283333,0.002696
predicted_points,Rank by continuous predicted race points.,2025,1,Australian Grand Prix,2025-03-16,bearman,Oliver Bearman,haas,Haas F1 Team,1.097607,18,0.000000,0.000000,14,1.097607,0.261959,0.162791,0.007219
predicted_points,Rank by continuous predicted race points.,2025,1,Australian Grand Prix,2025-03-16,doohan,Jack Doohan,alpine,Alpine F1 Team,1.038376,19,0.000000,0.000000,19,1.038376,0.489098,0.333333,0.019788
predicted_points,Rank by continuous predicted race points.,2025,1,Australian Grand Prix,2025-03-16,bortoleto,Gabriel Bortoleto,sauber,Sauber,0.685593,20,0.000000,0.000000,16,0.685593,0.457600,0.333333,0.014756
predicted_points,Rank by continuous predicted race points.,2025,2,Chinese Grand Prix,2025-03-23,piastri,Oscar Piastri,mclaren,McLaren,16.136247,1,25.000000,25.000000,1,16.136247,0.867501,0.911765,0.929660
predicted_points,Rank by continuous predicted race points.,2025,2,Chinese Grand Prix,2025-03-23,russell,George Russell,mercedes,Mercedes,14.534163,2,18.000000,15.000000,3,14.534163,0.877217,0.911765,0.914088
predicted_points,Rank by continuous predicted race points.,2025,2,Chinese Grand Prix,2025-03-23,max_verstappen,Max Verstappen,red_bull,Red Bull,12.933127,3,15.000000,12.000000,4,12.933127,0.848266,0.911765,0.893755
predicted_points,Rank by continuous predicted race points.,2025,2,Chinese Grand Prix,2025-03-23,norris,Lando Norris,mclaren,McLaren,12.844645,4,12.000000,18.000000,2,12.844645,0.953479,0.954545,0.887758
predicted_points,Rank by continuous predicted race points.,2025,2,Chinese Grand Prix,2025-03-23,hamilton,Lewis Hamilton,ferrari,Ferrari,7.258710,5,10.000000,0.000000,19,7.258710,0.758921,0.763158,0.336070
predicted_points,Rank by continuous predicted race points.,2025,2,Chinese Grand Prix,2025-03-23,leclerc,Charles Leclerc,ferrari,Ferrari,7.252501,6,8.000000,0.000000,18,7.252501,0.818868,0.911765,0.579255
predicted_points,Rank by continuous predicted race points.,2025,2,Chinese Grand Prix,2025-03-23,antonelli,Andrea Kimi Antonelli,mercedes,Mercedes,6.061545,7,6.000000,8.000000,6,6.061545,0.710544,0.763158,0.400079
predicted_points,Rank by continuous predicted race points.,2025,2,Chinese Grand Prix,2025-03-23,hadjar,Isack Hadjar,rb,RB F1 Team,3.195863,8,4.000000,0.000000,11,3.195863,0.470432,0.342857,0.071610
predicted_points,Rank by continuous predicted race points.,2025,2,Chinese Grand Prix,2025-03-23,albon,Alexander Albon,williams,Williams,3.000789,9,2.000000,6.000000,7,3.000789,0.669315,0.638298,0.022181
predicted_points,Rank by continuous predicted race points.,2025,2,Chinese Grand Prix,2025-03-23,lawson,Liam Lawson,red_bull,Red Bull,2.390656,10,1.000000,0.000000,12,2.390656,0.167736,0.192308,0.090201
predicted_points,Rank by continuous predicted race points.,2025,2,Chinese Grand Prix,2025-03-23,sainz,Carlos Sainz,williams,Williams,2.046031,11,0.000000,1.000000,10,2.046031,0.370823,0.283333,0.032415
predicted_points,Rank by continuous predicted race points.,2025,2,Chinese Grand Prix,2025-03-23,tsunoda,Yuki Tsunoda,rb,RB F1 Team,1.853909,12,0.000000,0.000000,16,1.853909,0.413460,0.342857,0.017148
predicted_points,Rank by continuous predicted race points.,2025,2,Chinese Grand Prix,2025-03-23,hulkenberg,Nico Hülkenberg,sauber,Sauber,1.651657,13,0.000000,0.000000,15,1.651657,0.499716,0.342857,0.002890
predicted_points,Rank by continuous predicted race points.,2025,2,Chinese Grand Prix,2025-03-23,alonso,Fernando Alonso,aston_martin,Aston Martin,1.512556,14,0.000000,0.000000,17,1.512556,0.444776,0.342857,0.007365
predicted_points,Rank by continuous predicted race points.,2025,2,Chinese Grand Prix,2025-03-23,ocon,Esteban Ocon,haas,Haas F1 Team,1.399244,15,0.000000,10.000000,5,1.399244,0.538081,0.416667,0.007646
predicted_points,Rank by continuous predicted race points.,2025,2,Chinese Grand Prix,2025-03-23,stroll,Lance Stroll,aston_martin,Aston Martin,1.054047,16,0.000000,2.000000,9,1.054047,0.459723,0.342857,0.030013
predicted_points,Rank by continuous predicted race points.,2025,2,Chinese Grand Prix,2025-03-23,gasly,Pierre Gasly,alpine,Alpine F1 Team,0.735946,17,0.000000,0.000000,20,0.735946,0.339391,0.283333,0.094790
predicted_points,Rank by continuous predicted race points.,2025,2,Chinese Grand Prix,2025-03-23,doohan,Jack Doohan,alpine,Alpine F1 Team,0.381700,18,0.000000,0.000000,13,0.381700,0.164224,0.192308,0.011046
predicted_points,Rank by continuous predicted race points.,2025,2,Chinese Grand Prix,2025-03-23,bearman,Oliver Bearman,haas,Haas F1 Team,0.302419,19,0.000000,4.000000,8,0.302419,0.100678,0.192308,0.004725
predicted_points,Rank by continuous predicted race points.,2025,2,Chinese Grand Prix,2025-03-23,bortoleto,Gabriel Bortoleto,sauber,Sauber,0.284448,20,0.000000,0.000000,14,0.284448,0.116011,0.192308,0.010344
predicted_points,Rank by continuous predicted race points.,2025,3,Japanese Grand Prix,2025-04-06,norris,Lando Norris,mclaren,McLaren,17.959505,1,25.000000,18.000000,2,17.959505,0.968872,0.953488,0.951862
predicted_points,Rank by continuous predicted race points.,2025,3,Japanese Grand Prix,2025-04-06,max_verstappen,Max Verstappen,red_bull,Red Bull,17.353016,2,18.000000,25.000000,1,17.353016,0.925928,0.953488,0.944238
predicted_points,Rank by continuous predicted race points.,2025,3,Japanese Grand Prix,2025-04-06,piastri,Oscar Piastri,mclaren,McLaren,12.566317,3,15.000000,15.000000,3,12.566317,0.881328,0.897059,0.875531
predicted_points,Rank by continuous predicted race points.,2025,3,Japanese Grand Prix,2025-04-06,russell,George Russell,mercedes,Mercedes,11.159004,4,12.000000,10.000000,5,11.159004,0.826982,0.897059,0.779366
predicted_points,Rank by continuous predicted race points.,2025,3,Japanese Grand Prix,2025-04-06,antonelli,Andrea Kimi Antonelli,mercedes,Mercedes,8.325229,5,10.000000,8.000000,6,8.325229,0.809722,0.897059,0.465560
predicted_points,Rank by continuous predicted race points.,2025,3,Japanese Grand Prix,2025-04-06,leclerc,Charles Leclerc,ferrari,Ferrari,8.120075,6,8.000000,12.000000,4,8.120075,0.848266,0.897059,0.261079
predicted_points,Rank by continuous predicted race points.,2025,3,Japanese Grand Prix,2025-04-06,hamilton,Lewis Hamilton,ferrari,Ferrari,4.202586,7,6.000000,6.000000,7,4.202586,0.643382,0.622222,0.112948
predicted_points,Rank by continuous predicted race points.,2025,3,Japanese Grand Prix,2025-04-06,albon,Alexander Albon,williams,Williams,3.401040,8,4.000000,2.000000,9,3.401040,0.678540,0.622222,0.016340
predicted_points,Rank by continuous predicted race points.,2025,3,Japanese Grand Prix,2025-04-06,hadjar,Isack Hadjar,rb,RB F1 Team,3.141904,9,2.000000,4.000000,8,3.141904,0.619597,0.622222,0.051050
predicted_points,Rank by continuous predicted race points.,2025,3,Japanese Grand Prix,2025-04-06,bearman,Oliver Bearman,haas,Haas F1 Team,2.359884,10,1.000000,1.000000,10,2.359884,0.372175,0.293103,0.019886
predicted_points,Rank by continuous predicted race points.,2025,3,Japanese Grand Prix,2025-04-06,sainz,Carlos Sainz,williams,Williams,2.204477,11,0.000000,0.000000,14,2.204477,0.478598,0.333333,0.016013
predicted_points,Rank by continuous predicted race points.,2025,3,Japanese Grand Prix,2025-04-06,tsunoda,Yuki Tsunoda,red_bull,Red Bull,2.090967,12,0.000000,0.000000,12,2.090967,0.298737,0.166667,0.049844
predicted_points,Rank by continuous predicted race points.,2025,3,Japanese Grand Prix,2025-04-06,gasly,Pierre Gasly,alpine,Alpine F1 Team,1.679025,13,0.000000,0.000000,13,1.679025,0.515396,0.437500,0.057425
predicted_points,Rank by continuous predicted race points.,2025,3,Japanese Grand Prix,2025-04-06,alonso,Fernando Alonso,aston_martin,Aston Martin,1.524399,14,0.000000,0.000000,11,1.524399,0.357970,0.293103,0.012460
predicted_points,Rank by continuous predicted race points.,2025,3,Japanese Grand Prix,2025-04-06,ocon,Esteban Ocon,haas,Haas F1 Team,1.026010,15,0.000000,0.000000,18,1.026010,0.326456,0.293103,0.009671
predicted_points,Rank by continuous predicted race points.,2025,3,Japanese Grand Prix,2025-04-06,stroll,Lance Stroll,aston_martin,Aston Martin,0.862638,16,0.000000,0.000000,20,0.862638,0.232865,0.166667,0.019831
predicted_points,Rank by continuous predicted race points.,2025,3,Japanese Grand Prix,2025-04-06,hulkenberg,Nico Hülkenberg,sauber,Sauber,0.695411,17,0.000000,0.000000,16,0.695411,0.360956,0.293103,0.002292
predicted_points,Rank by continuous predicted race points.,2025,3,Japanese Grand Prix,2025-04-06,lawson,Liam Lawson,rb,RB F1 Team,0.388125,18,0.000000,0.000000,17,0.388125,0.182511,0.203704,0.009927
predicted_points,Rank by continuous predicted race points.,2025,3,Japanese Grand Prix,2025-04-06,bortoleto,Gabriel Bortoleto,sauber,Sauber,0.320206,19,0.000000,0.000000,19,0.320206,0.212067,0.166667,0.011509
predicted_points,Rank by continuous predicted race points.,2025,3,Japanese Grand Prix,2025-04-06,doohan,Jack Doohan,alpine,Alpine F1 Team,0.214049,20,0.000000,0.000000,15,0.214049,0.116452,0.203704,0.006775
predicted_points,Rank by continuous predicted race points.,2025,4,Bahrain Grand Prix,2025-04-13,piastri,Oscar Piastri,mclaren,McLaren,16.873259,1,25.000000,25.000000,1,16.873259,0.929058,0.953488,0.945908
predicted_points,Rank by continuous predicted race points.,2025,4,Bahrain Grand Prix,2025-04-13,russell,George Russell,mercedes,Mercedes,14.168480,2,18.000000,18.000000,2,14.168480,0.871961,0.913043,0.885089
predicted_points,Rank by continuous predicted race points.,2025,4,Bahrain Grand Prix,2025-04-13,norris,Lando Norris,mclaren,McLaren,11.421576,3,15.000000,15.000000,3,11.421576,0.925403,0.953488,0.806592
predicted_points,Rank by continuous predicted race points.,2025,4,Bahrain Grand Prix,2025-04-13,antonelli,Andrea Kimi Antonelli,mercedes,Mercedes,10.495567,4,12.000000,0.000000,11,10.495567,0.841942,0.913043,0.683185
predicted_points,Rank by continuous predicted race points.,2025,4,Bahrain Grand Prix,2025-04-13,leclerc,Charles Leclerc,ferrari,Ferrari,10.385719,5,10.000000,12.000000,4,10.385719,0.862614,0.913043,0.763089
predicted_points,Rank by continuous predicted race points.,2025,4,Bahrain Grand Prix,2025-04-13,max_verstappen,Max Verstappen,red_bull,Red Bull,9.475265,6,8.000000,8.000000,6,9.475265,0.779375,0.736842,0.533245
predicted_points,Rank by continuous predicted race points.,2025,4,Bahrain Grand Prix,2025-04-13,gasly,Pierre Gasly,alpine,Alpine F1 Team,5.091889,7,6.000000,6.000000,7,5.091889,0.709218,0.736842,0.135804
predicted_points,Rank by continuous predicted race points.,2025,4,Bahrain Grand Prix,2025-04-13,hamilton,Lewis Hamilton,ferrari,Ferrari,4.376820,8,4.000000,10.000000,5,4.376820,0.614623,0.638298,0.180979
predicted_points,Rank by continuous predicted race points.,2025,4,Bahrain Grand Prix,2025-04-13,tsunoda,Yuki Tsunoda,red_bull,Red Bull,4.162678,9,2.000000,2.000000,9,4.162678,0.457411,0.305556,0.101206
predicted_points,Rank by continuous predicted race points.,2025,4,Bahrain Grand Prix,2025-04-13,sainz,Carlos Sainz,williams,Williams,3.070405,10,1.000000,0.000000,19,3.070405,0.599442,0.437500,0.068497
predicted_points,Rank by continuous predicted race points.,2025,4,Bahrain Grand Prix,2025-04-13,hadjar,Isack Hadjar,rb,RB F1 Team,1.349278,11,0.000000,0.000000,13,1.349278,0.250408,0.159091,0.049703
predicted_points,Rank by continuous predicted race points.,2025,4,Bahrain Grand Prix,2025-04-13,albon,Alexander Albon,williams,Williams,1.298985,12,0.000000,0.000000,12,1.298985,0.424592,0.305556,0.010799
predicted_points,Rank by continuous predicted race points.,2025,4,Bahrain Grand Prix,2025-04-13,doohan,Jack Doohan,alpine,Alpine F1 Team,1.253505,13,0.000000,0.000000,14,1.253505,0.498322,0.305556,0.019739
predicted_points,Rank by continuous predicted race points.,2025,4,Bahrain Grand Prix,2025-04-13,alonso,Fernando Alonso,aston_martin,Aston Martin,0.958403,14,0.000000,0.000000,15,0.958403,0.347180,0.300000,0.005149
predicted_points,Rank by continuous predicted race points.,2025,4,Bahrain Grand Prix,2025-04-13,ocon,Esteban Ocon,haas,Haas F1 Team,0.900779,15,0.000000,4.000000,8,0.900779,0.415776,0.305556,0.011105
predicted_points,Rank by continuous predicted race points.,2025,4,Bahrain Grand Prix,2025-04-13,bearman,Oliver Bearman,haas,Haas F1 Team,0.761882,16,0.000000,1.000000,10,0.761882,0.143632,0.192308,0.005630
predicted_points,Rank by continuous predicted race points.,2025,4,Bahrain Grand Prix,2025-04-13,stroll,Lance Stroll,aston_martin,Aston Martin,0.671075,17,0.000000,0.000000,17,0.671075,0.195526,0.192308,0.014248
predicted_points,Rank by continuous predicted race points.,2025,4,Bahrain Grand Prix,2025-04-13,hulkenberg,Nico Hülkenberg,sauber,Sauber,0.586912,18,0.000000,0.000000,20,0.586912,0.336327,0.300000,0.001711
predicted_points,Rank by continuous predicted race points.,2025,4,Bahrain Grand Prix,2025-04-13,lawson,Liam Lawson,rb,RB F1 Team,0.275057,19,0.000000,0.000000,16,0.275057,0.129603,0.192308,0.010825
predicted_points,Rank by continuous predicted race points.,2025,4,Bahrain Grand Prix,2025-04-13,bortoleto,Gabriel Bortoleto,sauber,Sauber,0.258244,20,0.000000,0.000000,18,0.258244,0.129201,0.192308,0.002547
predicted_points,Rank by continuous predicted race points.,2025,5,Saudi Arabian Grand Prix,2025-04-20,piastri,Oscar Piastri,mclaren,McLaren,18.003469,1,25.000000,25.000000,1,18.003469,0.937574,0.954545,0.961887
predicted_points,Rank by continuous predicted race points.,2025,5,Saudi Arabian Grand Prix,2025-04-20,max_verstappen,Max Verstappen,red_bull,Red Bull,17.405625,2,18.000000,18.000000,2,17.405625,0.881798,0.898551,0.950721
predicted_points,Rank by continuous predicted race points.,2025,5,Saudi Arabian Grand Prix,2025-04-20,russell,George Russell,mercedes,Mercedes,13.197236,3,15.000000,10.000000,5,13.197236,0.857430,0.898551,0.873738
predicted_points,Rank by continuous predicted race points.,2025,5,Saudi Arabian Grand Prix,2025-04-20,leclerc,Charles Leclerc,ferrari,Ferrari,9.583969,4,12.000000,15.000000,3,9.583969,0.848266,0.898551,0.625444
predicted_points,Rank by continuous predicted race points.,2025,5,Saudi Arabian Grand Prix,2025-04-20,antonelli,Andrea Kimi Antonelli,mercedes,Mercedes,8.992162,5,10.000000,8.000000,6,8.992162,0.736941,0.729730,0.621723
predicted_points,Rank by continuous predicted race points.,2025,5,Saudi Arabian Grand Prix,2025-04-20,norris,Lando Norris,mclaren,McLaren,7.744085,6,8.000000,12.000000,4,7.744085,0.781691,0.729730,0.659533
predicted_points,Rank by continuous predicted race points.,2025,5,Saudi Arabian Grand Prix,2025-04-20,hamilton,Lewis Hamilton,ferrari,Ferrari,5.714309,7,6.000000,6.000000,7,5.714309,0.703217,0.729730,0.294794
predicted_points,Rank by continuous predicted race points.,2025,5,Saudi Arabian Grand Prix,2025-04-20,tsunoda,Yuki Tsunoda,red_bull,Red Bull,4.555793,8,4.000000,0.000000,19,4.555793,0.596051,0.425532,0.164035
predicted_points,Rank by continuous predicted race points.,2025,5,Saudi Arabian Grand Prix,2025-04-20,sainz,Carlos Sainz,williams,Williams,4.029958,9,2.000000,4.000000,8,4.029958,0.660348,0.652174,0.112827
predicted_points,Rank by continuous predicted race points.,2025,5,Saudi Arabian Grand Prix,2025-04-20,gasly,Pierre Gasly,alpine,Alpine F1 Team,2.141713,10,1.000000,0.000000,20,2.141713,0.619242,0.652174,0.031455
predicted_points,Rank by continuous predicted race points.,2025,5,Saudi Arabian Grand Prix,2025-04-20,albon,Alexander Albon,williams,Williams,2.074941,11,0.000000,2.000000,9,2.074941,0.562203,0.425532,0.017064
predicted_points,Rank by continuous predicted race points.,2025,5,Saudi Arabian Grand Prix,2025-04-20,bearman,Oliver Bearman,haas,Haas F1 Team,1.137978,12,0.000000,0.000000,13,1.137978,0.357412,0.305085,0.024944
predicted_points,Rank by continuous predicted race points.,2025,5,Saudi Arabian Grand Prix,2025-04-20,ocon,Esteban Ocon,haas,Haas F1 Team,1.123755,13,0.000000,0.000000,14,1.123755,0.292118,0.159091,0.019694
predicted_points,Rank by continuous predicted race points.,2025,5,Saudi Arabian Grand Prix,2025-04-20,lawson,Liam Lawson,rb,RB F1 Team,1.091514,14,0.000000,0.000000,12,1.091514,0.161092,0.196078,0.001462
predicted_points,Rank by continuous predicted race points.,2025,5,Saudi Arabian Grand Prix,2025-04-20,alonso,Fernando Alonso,aston_martin,Aston Martin,0.903317,15,0.000000,0.000000,11,0.903317,0.318641,0.305085,0.002595
predicted_points,Rank by continuous predicted race points.,2025,5,Saudi Arabian Grand Prix,2025-04-20,hadjar,Isack Hadjar,rb,RB F1 Team,0.504383,16,0.000000,1.000000,10,0.504383,0.128926,0.196078,0.005946
predicted_points,Rank by continuous predicted race points.,2025,5,Saudi Arabian Grand Prix,2025-04-20,stroll,Lance Stroll,aston_martin,Aston Martin,0.479147,17,0.000000,0.000000,16,0.479147,0.352970,0.305085,0.014347
predicted_points,Rank by continuous predicted race points.,2025,5,Saudi Arabian Grand Prix,2025-04-20,doohan,Jack Doohan,alpine,Alpine F1 Team,0.241065,18,0.000000,0.000000,17,0.241065,0.185413,0.196078,0.006198
predicted_points,Rank by continuous predicted race points.,2025,5,Saudi Arabian Grand Prix,2025-04-20,hulkenberg,Nico Hülkenberg,sauber,Sauber,0.197888,19,0.000000,0.000000,15,0.197888,0.168180,0.196078,0.000747
predicted_points,Rank by continuous predicted race points.,2025,5,Saudi Arabian Grand Prix,2025-04-20,bortoleto,Gabriel Bortoleto,sauber,Sauber,0.080207,20,0.000000,0.000000,18,0.080207,0.119587,0.196078,0.001537
predicted_points,Rank by continuous predicted race points.,2025,6,Miami Grand Prix,2025-05-04,max_verstappen,Max Verstappen,red_bull,Red Bull,18.369568,1,25.000000,12.000000,4,18.369568,0.937716,0.952381,0.917158
predicted_points,Rank by continuous predicted race points.,2025,6,Miami Grand Prix,2025-05-04,norris,Lando Norris,mclaren,McLaren,15.959769,2,18.000000,18.000000,2,15.959769,0.954522,0.952381,0.938484
predicted_points,Rank by continuous predicted race points.,2025,6,Miami Grand Prix,2025-05-04,piastri,Oscar Piastri,mclaren,McLaren,14.842419,3,15.000000,25.000000,1,14.842419,0.913460,0.952381,0.907494
predicted_points,Rank by continuous predicted race points.,2025,6,Miami Grand Prix,2025-05-04,antonelli,Andrea Kimi Antonelli,mercedes,Mercedes,10.475625,4,12.000000,8.000000,6,10.475625,0.846677,0.900000,0.825318
predicted_points,Rank by continuous predicted race points.,2025,6,Miami Grand Prix,2025-05-04,russell,George Russell,mercedes,Mercedes,9.967729,5,10.000000,15.000000,3,9.967729,0.859730,0.900000,0.663489
predicted_points,Rank by continuous predicted race points.,2025,6,Miami Grand Prix,2025-05-04,leclerc,Charles Leclerc,ferrari,Ferrari,7.066853,6,8.000000,6.000000,7,7.066853,0.779803,0.743590,0.396362
predicted_points,Rank by continuous predicted race points.,2025,6,Miami Grand Prix,2025-05-04,hamilton,Lewis Hamilton,ferrari,Ferrari,4.940308,7,6.000000,4.000000,8,4.940308,0.518658,0.404255,0.155909
predicted_points,Rank by continuous predicted race points.,2025,6,Miami Grand Prix,2025-05-04,sainz,Carlos Sainz,williams,Williams,4.318857,8,4.000000,2.000000,9,4.318857,0.682705,0.630435,0.101081
predicted_points,Rank by continuous predicted race points.,2025,6,Miami Grand Prix,2025-05-04,tsunoda,Yuki Tsunoda,red_bull,Red Bull,4.111316,9,2.000000,1.000000,10,4.111316,0.553427,0.404255,0.103581
predicted_points,Rank by continuous predicted race points.,2025,6,Miami Grand Prix,2025-05-04,albon,Alexander Albon,williams,Williams,3.712210,10,1.000000,10.000000,5,3.712210,0.681540,0.630435,0.070219
predicted_points,Rank by continuous predicted race points.,2025,6,Miami Grand Prix,2025-05-04,ocon,Esteban Ocon,haas,Haas F1 Team,2.161280,11,0.000000,0.000000,12,2.161280,0.455027,0.333333,0.033964
predicted_points,Rank by continuous predicted race points.,2025,6,Miami Grand Prix,2025-05-04,hadjar,Isack Hadjar,rb,RB F1 Team,1.759773,12,0.000000,0.000000,11,1.759773,0.207201,0.162791,0.012842
predicted_points,Rank by continuous predicted race points.,2025,6,Miami Grand Prix,2025-05-04,alonso,Fernando Alonso,aston_martin,Aston Martin,0.627933,13,0.000000,0.000000,15,0.627933,0.175347,0.220000,0.008592
predicted_points,Rank by continuous predicted race points.,2025,6,Miami Grand Prix,2025-05-04,bearman,Oliver Bearman,haas,Haas F1 Team,0.602207,14,0.000000,0.000000,19,0.602207,0.198443,0.220000,0.008477
predicted_points,Rank by continuous predicted race points.,2025,6,Miami Grand Prix,2025-05-04,gasly,Pierre Gasly,alpine,Alpine F1 Team,0.548741,15,0.000000,0.000000,13,0.548741,0.164224,0.220000,0.019416
predicted_points,Rank by continuous predicted race points.,2025,6,Miami Grand Prix,2025-05-04,bortoleto,Gabriel Bortoleto,sauber,Sauber,0.448609,16,0.000000,0.000000,18,0.448609,0.228695,0.162791,0.003032
predicted_points,Rank by continuous predicted race points.,2025,6,Miami Grand Prix,2025-05-04,doohan,Jack Doohan,alpine,Alpine F1 Team,0.336771,17,0.000000,0.000000,20,0.336771,0.346742,0.295082,0.009099
predicted_points,Rank by continuous predicted race points.,2025,6,Miami Grand Prix,2025-05-04,stroll,Lance Stroll,aston_martin,Aston Martin,0.323708,18,0.000000,0.000000,16,0.323708,0.177556,0.220000,0.006813
predicted_points,Rank by continuous predicted race points.,2025,6,Miami Grand Prix,2025-05-04,lawson,Liam Lawson,rb,RB F1 Team,0.292239,19,0.000000,0.000000,17,0.292239,0.106790,0.220000,0.002886
predicted_points,Rank by continuous predicted race points.,2025,6,Miami Grand Prix,2025-05-04,hulkenberg,Nico Hülkenberg,sauber,Sauber,0.275923,20,0.000000,0.000000,14,0.275923,0.192857,0.220000,0.000572
predicted_points,Rank by continuous predicted race points.,2025,7,Emilia Romagna Grand Prix,2025-05-18,piastri,Oscar Piastri,mclaren,McLaren,19.294477,1,25.000000,15.000000,3,19.294477,0.949714,0.951220,0.966933
predicted_points,Rank by continuous predicted race points.,2025,7,Emilia Romagna Grand Prix,2025-05-18,max_verstappen,Max Verstappen,red_bull,Red Bull,14.553887,2,18.000000,25.000000,1,14.553887,0.912470,0.951220,0.919989
predicted_points,Rank by continuous predicted race points.,2025,7,Emilia Romagna Grand Prix,2025-05-18,russell,George Russell,mercedes,Mercedes,12.903680,3,15.000000,6.000000,7,12.903680,0.903569,0.951220,0.880829
predicted_points,Rank by continuous predicted race points.,2025,7,Emilia Romagna Grand Prix,2025-05-18,norris,Lando Norris,mclaren,McLaren,12.379548,4,12.000000,18.000000,2,12.379548,0.937965,0.951220,0.848976
predicted_points,Rank by continuous predicted race points.,2025,7,Emilia Romagna Grand Prix,2025-05-18,leclerc,Charles Leclerc,ferrari,Ferrari,5.152344,5,10.000000,8.000000,6,5.152344,0.611101,0.666667,0.315676
predicted_points,Rank by continuous predicted race points.,2025,7,Emilia Romagna Grand Prix,2025-05-18,sainz,Carlos Sainz,williams,Williams,4.958266,6,8.000000,4.000000,8,4.958266,0.707139,0.736842,0.130605
predicted_points,Rank by continuous predicted race points.,2025,7,Emilia Romagna Grand Prix,2025-05-18,alonso,Fernando Alonso,aston_martin,Aston Martin,4.733526,7,6.000000,0.000000,11,4.733526,0.688756,0.666667,0.103471
predicted_points,Rank by continuous predicted race points.,2025,7,Emilia Romagna Grand Prix,2025-05-18,albon,Alexander Albon,williams,Williams,4.491432,8,4.000000,10.000000,5,4.491432,0.709252,0.736842,0.043975
predicted_points,Rank by continuous predicted race points.,2025,7,Emilia Romagna Grand Prix,2025-05-18,hamilton,Lewis Hamilton,ferrari,Ferrari,4.337107,9,2.000000,12.000000,4,4.337107,0.505501,0.413043,0.247286
predicted_points,Rank by continuous predicted race points.,2025,7,Emilia Romagna Grand Prix,2025-05-18,antonelli,Andrea Kimi Antonelli,mercedes,Mercedes,3.882088,10,1.000000,0.000000,19,3.882088,0.451285,0.333333,0.248822
predicted_points,Rank by continuous predicted race points.,2025,7,Emilia Romagna Grand Prix,2025-05-18,stroll,Lance Stroll,aston_martin,Aston Martin,2.277572,11,0.000000,0.000000,15,2.277572,0.637199,0.666667,0.069353
predicted_points,Rank by continuous predicted race points.,2025,7,Emilia Romagna Grand Prix,2025-05-18,gasly,Pierre Gasly,alpine,Alpine F1 Team,1.970146,12,0.000000,0.000000,13,1.970146,0.577908,0.413043,0.107290
predicted_points,Rank by continuous predicted race points.,2025,7,Emilia Romagna Grand Prix,2025-05-18,tsunoda,Yuki Tsunoda,red_bull,Red Bull,1.957616,13,0.000000,1.000000,10,1.957616,0.280440,0.142857,0.014214
predicted_points,Rank by continuous predicted race points.,2025,7,Emilia Romagna Grand Prix,2025-05-18,hadjar,Isack Hadjar,rb,RB F1 Team,1.817109,14,0.000000,2.000000,9,1.817109,0.558637,0.413043,0.010114
predicted_points,Rank by continuous predicted race points.,2025,7,Emilia Romagna Grand Prix,2025-05-18,ocon,Esteban Ocon,haas,Haas F1 Team,0.636089,15,0.000000,0.000000,20,0.636089,0.160949,0.207547,0.006413
predicted_points,Rank by continuous predicted race points.,2025,7,Emilia Romagna Grand Prix,2025-05-18,bearman,Oliver Bearman,haas,Haas F1 Team,0.446646,16,0.000000,0.000000,17,0.446646,0.209705,0.142857,0.008085
predicted_points,Rank by continuous predicted race points.,2025,7,Emilia Romagna Grand Prix,2025-05-18,colapinto,Franco Colapinto,alpine,Alpine F1 Team,0.228679,17,0.000000,0.000000,16,0.228679,0.182258,0.207547,0.007442
predicted_points,Rank by continuous predicted race points.,2025,7,Emilia Romagna Grand Prix,2025-05-18,hulkenberg,Nico Hülkenberg,sauber,Sauber,0.223751,18,0.000000,0.000000,12,0.223751,0.173453,0.207547,0.000944
predicted_points,Rank by continuous predicted race points.,2025,7,Emilia Romagna Grand Prix,2025-05-18,bortoleto,Gabriel Bortoleto,sauber,Sauber,0.175154,19,0.000000,0.000000,18,0.175154,0.201840,0.142857,0.003341
predicted_points,Rank by continuous predicted race points.,2025,7,Emilia Romagna Grand Prix,2025-05-18,lawson,Liam Lawson,rb,RB F1 Team,0.136288,20,0.000000,0.000000,14,0.136288,0.096951,0.047619,0.002736
predicted_points,Rank by continuous predicted race points.,2025,8,Monaco Grand Prix,2025-05-25,norris,Lando Norris,mclaren,McLaren,16.710382,1,25.000000,25.000000,1,16.710382,0.968978,0.953488,0.944802
predicted_points,Rank by continuous predicted race points.,2025,8,Monaco Grand Prix,2025-05-25,piastri,Oscar Piastri,mclaren,McLaren,14.923521,2,18.000000,15.000000,3,14.923521,0.925834,0.953488,0.942944
predicted_points,Rank by continuous predicted race points.,2025,8,Monaco Grand Prix,2025-05-25,leclerc,Charles Leclerc,ferrari,Ferrari,13.706184,3,15.000000,18.000000,2,13.706184,0.877217,0.898551,0.875662
predicted_points,Rank by continuous predicted race points.,2025,8,Monaco Grand Prix,2025-05-25,max_verstappen,Max Verstappen,red_bull,Red Bull,11.882826,4,12.000000,12.000000,4,11.882826,0.835499,0.898551,0.804182
predicted_points,Rank by continuous predicted race points.,2025,8,Monaco Grand Prix,2025-05-25,hamilton,Lewis Hamilton,ferrari,Ferrari,9.428729,5,10.000000,10.000000,5,9.428729,0.806804,0.898551,0.463131
predicted_points,Rank by continuous predicted race points.,2025,8,Monaco Grand Prix,2025-05-25,russell,George Russell,mercedes,Mercedes,4.347977,6,8.000000,0.000000,11,4.347977,0.556612,0.422222,0.184913
predicted_points,Rank by continuous predicted race points.,2025,8,Monaco Grand Prix,2025-05-25,hadjar,Isack Hadjar,rb,RB F1 Team,4.290340,7,6.000000,8.000000,6,4.290340,0.698697,0.636364,0.100383
predicted_points,Rank by continuous predicted race points.,2025,8,Monaco Grand Prix,2025-05-25,alonso,Fernando Alonso,aston_martin,Aston Martin,3.603007,8,4.000000,0.000000,19,3.603007,0.628743,0.636364,0.020366
predicted_points,Rank by continuous predicted race points.,2025,8,Monaco Grand Prix,2025-05-25,tsunoda,Yuki Tsunoda,red_bull,Red Bull,3.572100,9,2.000000,0.000000,17,3.572100,0.442453,0.342105,0.019587
predicted_points,Rank by continuous predicted race points.,2025,8,Monaco Grand Prix,2025-05-25,antonelli,Andrea Kimi Antonelli,mercedes,Mercedes,3.183406,10,1.000000,0.000000,18,3.183406,0.527621,0.422222,0.079894
predicted_points,Rank by continuous predicted race points.,2025,8,Monaco Grand Prix,2025-05-25,albon,Alexander Albon,williams,Williams,3.131722,11,0.000000,2.000000,9,3.131722,0.619368,0.636364,0.011302
predicted_points,Rank by continuous predicted race points.,2025,8,Monaco Grand Prix,2025-05-25,sainz,Carlos Sainz,williams,Williams,2.556933,12,0.000000,1.000000,10,2.556933,0.533140,0.422222,0.026911
predicted_points,Rank by continuous predicted race points.,2025,8,Monaco Grand Prix,2025-05-25,ocon,Esteban Ocon,haas,Haas F1 Team,2.453555,13,0.000000,6.000000,7,2.453555,0.642835,0.636364,0.018980
predicted_points,Rank by continuous predicted race points.,2025,8,Monaco Grand Prix,2025-05-25,lawson,Liam Lawson,rb,RB F1 Team,1.648219,14,0.000000,4.000000,8,1.648219,0.541190,0.422222,0.008114
predicted_points,Rank by continuous predicted race points.,2025,8,Monaco Grand Prix,2025-05-25,hulkenberg,Nico Hülkenberg,sauber,Sauber,0.558078,15,0.000000,0.000000,16,0.558078,0.426608,0.342105,0.002013
predicted_points,Rank by continuous predicted race points.,2025,8,Monaco Grand Prix,2025-05-25,bearman,Oliver Bearman,haas,Haas F1 Team,0.250514,16,0.000000,0.000000,12,0.250514,0.138487,0.207547,0.002976
predicted_points,Rank by continuous predicted race points.,2025,8,Monaco Grand Prix,2025-05-25,gasly,Pierre Gasly,alpine,Alpine F1 Team,0.190431,17,0.000000,0.000000,20,0.190431,0.134662,0.207547,0.048881
predicted_points,Rank by continuous predicted race points.,2025,8,Monaco Grand Prix,2025-05-25,stroll,Lance Stroll,aston_martin,Aston Martin,0.174431,18,0.000000,0.000000,15,0.174431,0.183221,0.207547,0.005088
predicted_points,Rank by continuous predicted race points.,2025,8,Monaco Grand Prix,2025-05-25,bortoleto,Gabriel Bortoleto,sauber,Sauber,0.075872,19,0.000000,0.000000,14,0.075872,0.306340,0.295082,0.003141
predicted_points,Rank by continuous predicted race points.,2025,8,Monaco Grand Prix,2025-05-25,colapinto,Franco Colapinto,alpine,Alpine F1 Team,0.033846,20,0.000000,0.000000,13,0.033846,0.098518,0.047619,0.003891
predicted_points,Rank by continuous predicted race points.,2025,9,Spanish Grand Prix,2025-06-01,norris,Lando Norris,mclaren,McLaren,16.890375,1,25.000000,18.000000,2,16.890375,0.966777,0.952381,0.966692
predicted_points,Rank by continuous predicted race points.,2025,9,Spanish Grand Prix,2025-06-01,piastri,Oscar Piastri,mclaren,McLaren,16.186159,2,18.000000,25.000000,1,16.186159,0.940596,0.952381,0.949905
predicted_points,Rank by continuous predicted race points.,2025,9,Spanish Grand Prix,2025-06-01,max_verstappen,Max Verstappen,red_bull,Red Bull,13.096909,3,15.000000,1.000000,10,13.096909,0.913733,0.952381,0.896135
predicted_points,Rank by continuous predicted race points.,2025,9,Spanish Grand Prix,2025-06-01,russell,George Russell,mercedes,Mercedes,10.508159,4,12.000000,12.000000,4,10.508159,0.852124,0.900000,0.743629
predicted_points,Rank by continuous predicted race points.,2025,9,Spanish Grand Prix,2025-06-01,hamilton,Lewis Hamilton,ferrari,Ferrari,9.195802,5,10.000000,8.000000,6,9.195802,0.813380,0.900000,0.570974
predicted_points,Rank by continuous predicted race points.,2025,9,Spanish Grand Prix,2025-06-01,leclerc,Charles Leclerc,ferrari,Ferrari,7.427987,6,8.000000,15.000000,3,7.427987,0.779375,0.763158,0.352415
predicted_points,Rank by continuous predicted race points.,2025,9,Spanish Grand Prix,2025-06-01,antonelli,Andrea Kimi Antonelli,mercedes,Mercedes,7.190023,7,6.000000,0.000000,18,7.190023,0.737402,0.763158,0.327612
predicted_points,Rank by continuous predicted race points.,2025,9,Spanish Grand Prix,2025-06-01,albon,Alexander Albon,williams,Williams,2.975746,8,4.000000,0.000000,19,2.975746,0.544249,0.437500,0.067515
predicted_points,Rank by continuous predicted race points.,2025,9,Spanish Grand Prix,2025-06-01,tsunoda,Yuki Tsunoda,red_bull,Red Bull,2.555537,9,2.000000,0.000000,13,2.555537,0.272531,0.175000,0.021314
predicted_points,Rank by continuous predicted race points.,2025,9,Spanish Grand Prix,2025-06-01,hadjar,Isack Hadjar,rb,RB F1 Team,2.554962,10,1.000000,6.000000,7,2.554962,0.621152,0.630435,0.168076
predicted_points,Rank by continuous predicted race points.,2025,9,Spanish Grand Prix,2025-06-01,gasly,Pierre Gasly,alpine,Alpine F1 Team,2.360318,11,0.000000,4.000000,8,2.360318,0.619202,0.630435,0.134209
predicted_points,Rank by continuous predicted race points.,2025,9,Spanish Grand Prix,2025-06-01,alonso,Fernando Alonso,aston_martin,Aston Martin,1.801306,12,0.000000,2.000000,9,1.801306,0.415206,0.307692,0.004530
predicted_points,Rank by continuous predicted race points.,2025,9,Spanish Grand Prix,2025-06-01,sainz,Carlos Sainz,williams,Williams,1.357365,13,0.000000,0.000000,14,1.357365,0.289566,0.175000,0.064428
predicted_points,Rank by continuous predicted race points.,2025,9,Spanish Grand Prix,2025-06-01,bortoleto,Gabriel Bortoleto,sauber,Sauber,0.913503,14,0.000000,0.000000,12,0.913503,0.224599,0.175000,0.011104
predicted_points,Rank by continuous predicted race points.,2025,9,Spanish Grand Prix,2025-06-01,lawson,Liam Lawson,rb,RB F1 Team,0.829445,15,0.000000,0.000000,11,0.829445,0.269318,0.175000,0.036093
predicted_points,Rank by continuous predicted race points.,2025,9,Spanish Grand Prix,2025-06-01,ocon,Esteban Ocon,haas,Haas F1 Team,0.675719,16,0.000000,0.000000,16,0.675719,0.310952,0.295082,0.013221
predicted_points,Rank by continuous predicted race points.,2025,9,Spanish Grand Prix,2025-06-01,bearman,Oliver Bearman,haas,Haas F1 Team,0.432872,17,0.000000,0.000000,17,0.432872,0.220602,0.175000,0.011549
predicted_points,Rank by continuous predicted race points.,2025,9,Spanish Grand Prix,2025-06-01,hulkenberg,Nico Hülkenberg,sauber,Sauber,0.287717,18,0.000000,10.000000,5,0.287717,0.157874,0.185185,0.003234
predicted_points,Rank by continuous predicted race points.,2025,9,Spanish Grand Prix,2025-06-01,colapinto,Franco Colapinto,alpine,Alpine F1 Team,0.074052,19,0.000000,0.000000,15,0.074052,0.107778,0.185185,0.009547
predicted_points,Rank by continuous predicted race points.,2025,10,Canadian Grand Prix,2025-06-15,russell,George Russell,mercedes,Mercedes,14.863006,1,25.000000,25.000000,1,14.863006,0.896706,0.913043,0.944180
predicted_points,Rank by continuous predicted race points.,2025,10,Canadian Grand Prix,2025-06-15,max_verstappen,Max Verstappen,red_bull,Red Bull,14.545186,2,18.000000,18.000000,2,14.545186,0.912470,0.953488,0.914289
predicted_points,Rank by continuous predicted race points.,2025,10,Canadian Grand Prix,2025-06-15,piastri,Oscar Piastri,mclaren,McLaren,13.108704,3,15.000000,12.000000,4,13.108704,0.918121,0.953488,0.849969
predicted_points,Rank by continuous predicted race points.,2025,10,Canadian Grand Prix,2025-06-15,norris,Lando Norris,mclaren,McLaren,10.616261,4,12.000000,0.000000,18,10.616261,0.898375,0.913043,0.720244
predicted_points,Rank by continuous predicted race points.,2025,10,Canadian Grand Prix,2025-06-15,hamilton,Lewis Hamilton,ferrari,Ferrari,10.011489,5,10.000000,8.000000,6,10.011489,0.820253,0.913043,0.666663
predicted_points,Rank by continuous predicted race points.,2025,10,Canadian Grand Prix,2025-06-15,antonelli,Andrea Kimi Antonelli,mercedes,Mercedes,8.939481,6,8.000000,15.000000,3,8.939481,0.781210,0.736842,0.682009
predicted_points,Rank by continuous predicted race points.,2025,10,Canadian Grand Prix,2025-06-15,leclerc,Charles Leclerc,ferrari,Ferrari,8.029557,7,6.000000,10.000000,5,8.029557,0.710544,0.736842,0.406868
predicted_points,Rank by continuous predicted race points.,2025,10,Canadian Grand Prix,2025-06-15,alonso,Fernando Alonso,aston_martin,Aston Martin,4.101035,8,4.000000,6.000000,7,4.101035,0.650670,0.666667,0.023492
predicted_points,Rank by continuous predicted race points.,2025,10,Canadian Grand Prix,2025-06-15,albon,Alexander Albon,williams,Williams,2.946351,9,2.000000,0.000000,20,2.946351,0.601978,0.666667,0.033402
predicted_points,Rank by continuous predicted race points.,2025,10,Canadian Grand Prix,2025-06-15,tsunoda,Yuki Tsunoda,red_bull,Red Bull,2.737647,10,1.000000,0.000000,12,2.737647,0.424799,0.315789,0.029503
predicted_points,Rank by continuous predicted race points.,2025,10,Canadian Grand Prix,2025-06-15,hadjar,Isack Hadjar,rb,RB F1 Team,2.143576,11,0.000000,0.000000,16,2.143576,0.638910,0.666667,0.083105
predicted_points,Rank by continuous predicted race points.,2025,10,Canadian Grand Prix,2025-06-15,hulkenberg,Nico Hülkenberg,sauber,Sauber,1.451817,12,0.000000,4.000000,8,1.451817,0.440395,0.315789,0.001873
predicted_points,Rank by continuous predicted race points.,2025,10,Canadian Grand Prix,2025-06-15,colapinto,Franco Colapinto,alpine,Alpine F1 Team,1.397969,13,0.000000,0.000000,13,1.397969,0.258280,0.166667,0.006204
predicted_points,Rank by continuous predicted race points.,2025,10,Canadian Grand Prix,2025-06-15,sainz,Carlos Sainz,williams,Williams,1.295266,14,0.000000,1.000000,10,1.295266,0.303282,0.266667,0.030729
predicted_points,Rank by continuous predicted race points.,2025,10,Canadian Grand Prix,2025-06-15,ocon,Esteban Ocon,haas,Haas F1 Team,0.751376,15,0.000000,2.000000,9,0.751376,0.376568,0.266667,0.019378
predicted_points,Rank by continuous predicted race points.,2025,10,Canadian Grand Prix,2025-06-15,lawson,Liam Lawson,rb,RB F1 Team,0.628396,16,0.000000,0.000000,19,0.628396,0.152750,0.203704,0.032791
predicted_points,Rank by continuous predicted race points.,2025,10,Canadian Grand Prix,2025-06-15,bearman,Oliver Bearman,haas,Haas F1 Team,0.586300,17,0.000000,0.000000,11,0.586300,0.234385,0.166667,0.003731
predicted_points,Rank by continuous predicted race points.,2025,10,Canadian Grand Prix,2025-06-15,gasly,Pierre Gasly,alpine,Alpine F1 Team,0.503911,18,0.000000,0.000000,15,0.503911,0.078051,0.047619,0.031275
predicted_points,Rank by continuous predicted race points.,2025,10,Canadian Grand Prix,2025-06-15,bortoleto,Gabriel Bortoleto,sauber,Sauber,0.351605,19,0.000000,0.000000,14,0.351605,0.209976,0.166667,0.006683
predicted_points,Rank by continuous predicted race points.,2025,10,Canadian Grand Prix,2025-06-15,stroll,Lance Stroll,aston_martin,Aston Martin,0.345838,20,0.000000,0.000000,17,0.345838,0.139418,0.203704,0.010083
predicted_points,Rank by continuous predicted race points.,2025,11,Austrian Grand Prix,2025-06-29,norris,Lando Norris,mclaren,McLaren,16.238284,1,25.000000,25.000000,1,16.238284,0.966464,0.953488,0.941458
predicted_points,Rank by continuous predicted race points.,2025,11,Austrian Grand Prix,2025-06-29,leclerc,Charles Leclerc,ferrari,Ferrari,14.729834,2,18.000000,15.000000,3,14.729834,0.872672,0.898551,0.878834
predicted_points,Rank by continuous predicted race points.,2025,11,Austrian Grand Prix,2025-06-29,piastri,Oscar Piastri,mclaren,McLaren,13.101794,3,15.000000,18.000000,2,13.101794,0.915042,0.953488,0.905831
predicted_points,Rank by continuous predicted race points.,2025,11,Austrian Grand Prix,2025-06-29,hamilton,Lewis Hamilton,ferrari,Ferrari,10.966931,4,12.000000,12.000000,4,10.966931,0.838056,0.898551,0.761329
predicted_points,Rank by continuous predicted race points.,2025,11,Austrian Grand Prix,2025-06-29,russell,George Russell,mercedes,Mercedes,9.535196,5,10.000000,10.000000,5,9.535196,0.857703,0.898551,0.699936
predicted_points,Rank by continuous predicted race points.,2025,11,Austrian Grand Prix,2025-06-29,max_verstappen,Max Verstappen,red_bull,Red Bull,7.707000,6,8.000000,0.000000,18,7.707000,0.799858,0.769231,0.222977
predicted_points,Rank by continuous predicted race points.,2025,11,Austrian Grand Prix,2025-06-29,antonelli,Andrea Kimi Antonelli,mercedes,Mercedes,5.304489,7,6.000000,0.000000,19,5.304489,0.651032,0.652174,0.304952
predicted_points,Rank by continuous predicted race points.,2025,11,Austrian Grand Prix,2025-06-29,lawson,Liam Lawson,rb,RB F1 Team,4.281804,8,4.000000,8.000000,6,4.281804,0.663527,0.652174,0.112701
predicted_points,Rank by continuous predicted race points.,2025,11,Austrian Grand Prix,2025-06-29,bortoleto,Gabriel Bortoleto,sauber,Sauber,2.377679,9,2.000000,4.000000,8,2.377679,0.560647,0.425532,0.033204
predicted_points,Rank by continuous predicted race points.,2025,11,Austrian Grand Prix,2025-06-29,alonso,Fernando Alonso,aston_martin,Aston Martin,1.973276,10,1.000000,6.000000,7,1.973276,0.276893,0.146341,0.003863
predicted_points,Rank by continuous predicted race points.,2025,11,Austrian Grand Prix,2025-06-29,albon,Alexander Albon,williams,Williams,1.841427,11,0.000000,0.000000,17,1.841427,0.489099,0.333333,0.017849
predicted_points,Rank by continuous predicted race points.,2025,11,Austrian Grand Prix,2025-06-29,gasly,Pierre Gasly,alpine,Alpine F1 Team,1.838851,12,0.000000,0.000000,13,1.838851,0.573042,0.425532,0.106316
predicted_points,Rank by continuous predicted race points.,2025,11,Austrian Grand Prix,2025-06-29,tsunoda,Yuki Tsunoda,red_bull,Red Bull,1.732216,13,0.000000,0.000000,16,1.732216,0.267165,0.146341,0.020179
predicted_points,Rank by continuous predicted race points.,2025,11,Austrian Grand Prix,2025-06-29,hadjar,Isack Hadjar,rb,RB F1 Team,1.159558,14,0.000000,0.000000,12,1.159558,0.300102,0.283333,0.034061
predicted_points,Rank by continuous predicted race points.,2025,11,Austrian Grand Prix,2025-06-29,sainz,Carlos Sainz,williams,Williams,0.861475,15,0.000000,0.000000,20,0.861475,0.263888,0.146341,0.023381
predicted_points,Rank by continuous predicted race points.,2025,11,Austrian Grand Prix,2025-06-29,ocon,Esteban Ocon,haas,Haas F1 Team,0.683394,16,0.000000,1.000000,10,0.683394,0.313089,0.283333,0.006177
predicted_points,Rank by continuous predicted race points.,2025,11,Austrian Grand Prix,2025-06-29,hulkenberg,Nico Hülkenberg,sauber,Sauber,0.677724,17,0.000000,2.000000,9,0.677724,0.138853,0.188679,0.002100
predicted_points,Rank by continuous predicted race points.,2025,11,Austrian Grand Prix,2025-06-29,bearman,Oliver Bearman,haas,Haas F1 Team,0.358241,18,0.000000,0.000000,11,0.358241,0.260536,0.146341,0.003632
predicted_points,Rank by continuous predicted race points.,2025,11,Austrian Grand Prix,2025-06-29,stroll,Lance Stroll,aston_martin,Aston Martin,0.290656,19,0.000000,0.000000,14,0.290656,0.181344,0.188679,0.009703
predicted_points,Rank by continuous predicted race points.,2025,11,Austrian Grand Prix,2025-06-29,colapinto,Franco Colapinto,alpine,Alpine F1 Team,0.248062,20,0.000000,0.000000,15,0.248062,0.113603,0.188679,0.005244
predicted_points,Rank by continuous predicted race points.,2025,12,British Grand Prix,2025-07-06,max_verstappen,Max Verstappen,red_bull,Red Bull,16.402736,1,25.000000,10.000000,5,16.402736,0.906095,0.952381,0.933644
predicted_points,Rank by continuous predicted race points.,2025,12,British Grand Prix,2025-07-06,piastri,Oscar Piastri,mclaren,McLaren,15.213735,2,18.000000,18.000000,2,15.213735,0.929615,0.952381,0.936317
predicted_points,Rank by continuous predicted race points.,2025,12,British Grand Prix,2025-07-06,norris,Lando Norris,mclaren,McLaren,12.614586,3,15.000000,25.000000,1,12.614586,0.947737,0.952381,0.892274
predicted_points,Rank by continuous predicted race points.,2025,12,British Grand Prix,2025-07-06,russell,George Russell,mercedes,Mercedes,11.181951,4,12.000000,1.000000,10,11.181951,0.835541,0.913043,0.723322
predicted_points,Rank by continuous predicted race points.,2025,12,British Grand Prix,2025-07-06,hamilton,Lewis Hamilton,ferrari,Ferrari,10.333887,5,10.000000,12.000000,4,10.333887,0.816592,0.913043,0.644777
predicted_points,Rank by continuous predicted race points.,2025,12,British Grand Prix,2025-07-06,leclerc,Charles Leclerc,ferrari,Ferrari,9.596406,6,8.000000,0.000000,14,9.596406,0.818868,0.913043,0.575102
predicted_points,Rank by continuous predicted race points.,2025,12,British Grand Prix,2025-07-06,antonelli,Andrea Kimi Antonelli,mercedes,Mercedes,6.674661,7,6.000000,0.000000,16,6.674661,0.768279,0.769231,0.275782
predicted_points,Rank by continuous predicted race points.,2025,12,British Grand Prix,2025-07-06,alonso,Fernando Alonso,aston_martin,Aston Martin,3.068161,8,4.000000,2.000000,9,3.068161,0.612388,0.638298,0.059072
predicted_points,Rank by continuous predicted race points.,2025,12,British Grand Prix,2025-07-06,tsunoda,Yuki Tsunoda,red_bull,Red Bull,2.838347,9,2.000000,0.000000,15,2.838347,0.346470,0.310345,0.009261
predicted_points,Rank by continuous predicted race points.,2025,12,British Grand Prix,2025-07-06,sainz,Carlos Sainz,williams,Williams,2.017317,10,1.000000,0.000000,12,2.017317,0.509983,0.425532,0.056714
predicted_points,Rank by continuous predicted race points.,2025,12,British Grand Prix,2025-07-06,gasly,Pierre Gasly,alpine,Alpine F1 Team,1.988642,11,0.000000,8.000000,6,1.988642,0.558683,0.425532,0.097212
predicted_points,Rank by continuous predicted race points.,2025,12,British Grand Prix,2025-07-06,hadjar,Isack Hadjar,rb,RB F1 Team,1.360442,12,0.000000,0.000000,17,1.360442,0.329948,0.310345,0.029908
predicted_points,Rank by continuous predicted race points.,2025,12,British Grand Prix,2025-07-06,bearman,Oliver Bearman,haas,Haas F1 Team,1.347800,13,0.000000,0.000000,11,1.347800,0.347169,0.310345,0.003381
predicted_points,Rank by continuous predicted race points.,2025,12,British Grand Prix,2025-07-06,albon,Alexander Albon,williams,Williams,1.003704,14,0.000000,4.000000,8,1.003704,0.403611,0.307692,0.006421
predicted_points,Rank by continuous predicted race points.,2025,12,British Grand Prix,2025-07-06,hulkenberg,Nico Hülkenberg,sauber,Sauber,0.951953,15,0.000000,15.000000,3,0.951953,0.162581,0.169811,0.004703
predicted_points,Rank by continuous predicted race points.,2025,12,British Grand Prix,2025-07-06,lawson,Liam Lawson,rb,RB F1 Team,0.743583,16,0.000000,0.000000,19,0.743583,0.251098,0.159091,0.030876
predicted_points,Rank by continuous predicted race points.,2025,12,British Grand Prix,2025-07-06,bortoleto,Gabriel Bortoleto,sauber,Sauber,0.576129,17,0.000000,0.000000,18,0.576129,0.189625,0.169811,0.022336
predicted_points,Rank by continuous predicted race points.,2025,12,British Grand Prix,2025-07-06,ocon,Esteban Ocon,haas,Haas F1 Team,0.540173,18,0.000000,0.000000,13,0.540173,0.385018,0.310345,0.004847
predicted_points,Rank by continuous predicted race points.,2025,12,British Grand Prix,2025-07-06,stroll,Lance Stroll,aston_martin,Aston Martin,0.369225,19,0.000000,6.000000,7,0.369225,0.132395,0.169811,0.016212
predicted_points,Rank by continuous predicted race points.,2025,12,British Grand Prix,2025-07-06,colapinto,Franco Colapinto,alpine,Alpine F1 Team,0.217782,20,0.000000,0.000000,20,0.217782,0.062445,0.047619,0.006600
predicted_points,Rank by continuous predicted race points.,2025,13,Belgian Grand Prix,2025-07-27,norris,Lando Norris,mclaren,McLaren,17.739589,1,25.000000,18.000000,2,17.739589,0.969810,0.953488,0.959669
predicted_points,Rank by continuous predicted race points.,2025,13,Belgian Grand Prix,2025-07-27,piastri,Oscar Piastri,mclaren,McLaren,16.339358,2,18.000000,25.000000,1,16.339358,0.923079,0.953488,0.940574
predicted_points,Rank by continuous predicted race points.,2025,13,Belgian Grand Prix,2025-07-27,leclerc,Charles Leclerc,ferrari,Ferrari,11.770864,3,15.000000,15.000000,3,11.770864,0.862614,0.898551,0.767433
predicted_points,Rank by continuous predicted race points.,2025,13,Belgian Grand Prix,2025-07-27,max_verstappen,Max Verstappen,red_bull,Red Bull,11.252503,4,12.000000,12.000000,4,11.252503,0.865908,0.898551,0.815837
predicted_points,Rank by continuous predicted race points.,2025,13,Belgian Grand Prix,2025-07-27,russell,George Russell,mercedes,Mercedes,8.643106,5,10.000000,10.000000,5,8.643106,0.809560,0.898551,0.454202
predicted_points,Rank by continuous predicted race points.,2025,13,Belgian Grand Prix,2025-07-27,albon,Alexander Albon,williams,Williams,5.824244,6,8.000000,8.000000,6,5.824244,0.755950,0.743590,0.099778
predicted_points,Rank by continuous predicted race points.,2025,13,Belgian Grand Prix,2025-07-27,hamilton,Lewis Hamilton,ferrari,Ferrari,4.964226,7,6.000000,6.000000,7,4.964226,0.356974,0.283333,0.335536
predicted_points,Rank by continuous predicted race points.,2025,13,Belgian Grand Prix,2025-07-27,tsunoda,Yuki Tsunoda,red_bull,Red Bull,4.914723,8,4.000000,0.000000,13,4.914723,0.606792,0.673913,0.062419
predicted_points,Rank by continuous predicted race points.,2025,13,Belgian Grand Prix,2025-07-27,antonelli,Andrea Kimi Antonelli,mercedes,Mercedes,3.432531,9,2.000000,0.000000,16,3.432531,0.468324,0.324324,0.132598
predicted_points,Rank by continuous predicted race points.,2025,13,Belgian Grand Prix,2025-07-27,hadjar,Isack Hadjar,rb,RB F1 Team,2.347712,10,1.000000,0.000000,20,2.347712,0.617218,0.673913,0.052219
predicted_points,Rank by continuous predicted race points.,2025,13,Belgian Grand Prix,2025-07-27,bortoleto,Gabriel Bortoleto,sauber,Sauber,1.953203,11,0.000000,2.000000,9,1.953203,0.539712,0.413043,0.078555
predicted_points,Rank by continuous predicted race points.,2025,13,Belgian Grand Prix,2025-07-27,lawson,Liam Lawson,rb,RB F1 Team,1.927943,12,0.000000,4.000000,8,1.927943,0.573662,0.413043,0.031134
predicted_points,Rank by continuous predicted race points.,2025,13,Belgian Grand Prix,2025-07-27,hulkenberg,Nico Hülkenberg,sauber,Sauber,1.739537,13,0.000000,0.000000,12,1.739537,0.414286,0.324324,0.005598
predicted_points,Rank by continuous predicted race points.,2025,13,Belgian Grand Prix,2025-07-27,ocon,Esteban Ocon,haas,Haas F1 Team,1.562749,14,0.000000,0.000000,15,1.562749,0.548013,0.413043,0.013530
predicted_points,Rank by continuous predicted race points.,2025,13,Belgian Grand Prix,2025-07-27,alonso,Fernando Alonso,aston_martin,Aston Martin,1.112779,15,0.000000,0.000000,17,1.112779,0.144292,0.203704,0.014850
predicted_points,Rank by continuous predicted race points.,2025,13,Belgian Grand Prix,2025-07-27,bearman,Oliver Bearman,haas,Haas F1 Team,0.967386,16,0.000000,0.000000,11,0.967386,0.271516,0.159091,0.006329
predicted_points,Rank by continuous predicted race points.,2025,13,Belgian Grand Prix,2025-07-27,gasly,Pierre Gasly,alpine,Alpine F1 Team,0.851475,17,0.000000,1.000000,10,0.851475,0.428331,0.324324,0.081008
predicted_points,Rank by continuous predicted race points.,2025,13,Belgian Grand Prix,2025-07-27,sainz,Carlos Sainz,williams,Williams,0.746680,18,0.000000,0.000000,18,0.746680,0.328844,0.283333,0.010143
predicted_points,Rank by continuous predicted race points.,2025,13,Belgian Grand Prix,2025-07-27,stroll,Lance Stroll,aston_martin,Aston Martin,0.683023,19,0.000000,0.000000,14,0.683023,0.142046,0.203704,0.027927
predicted_points,Rank by continuous predicted race points.,2025,13,Belgian Grand Prix,2025-07-27,colapinto,Franco Colapinto,alpine,Alpine F1 Team,0.185484,20,0.000000,0.000000,19,0.185484,0.082059,0.047619,0.014151
predicted_points,Rank by continuous predicted race points.,2025,14,Hungarian Grand Prix,2025-08-03,leclerc,Charles Leclerc,ferrari,Ferrari,17.086869,1,25.000000,12.000000,4,17.086869,0.890109,0.900000,0.940765
predicted_points,Rank by continuous predicted race points.,2025,14,Hungarian Grand Prix,2025-08-03,piastri,Oscar Piastri,mclaren,McLaren,16.746460,2,18.000000,18.000000,2,16.746460,0.933944,0.953488,0.973803
predicted_points,Rank by continuous predicted race points.,2025,14,Hungarian Grand Prix,2025-08-03,norris,Lando Norris,mclaren,McLaren,14.999677,3,15.000000,25.000000,1,14.999677,0.929150,0.953488,0.955866
predicted_points,Rank by continuous predicted race points.,2025,14,Hungarian Grand Prix,2025-08-03,russell,George Russell,mercedes,Mercedes,9.708172,4,12.000000,15.000000,3,9.708172,0.852124,0.900000,0.729132
predicted_points,Rank by continuous predicted race points.,2025,14,Hungarian Grand Prix,2025-08-03,max_verstappen,Max Verstappen,red_bull,Red Bull,6.371328,5,10.000000,2.000000,9,6.371328,0.754811,0.729730,0.209898
predicted_points,Rank by continuous predicted race points.,2025,14,Hungarian Grand Prix,2025-08-03,hamilton,Lewis Hamilton,ferrari,Ferrari,6.150836,6,8.000000,0.000000,12,6.150836,0.532102,0.437500,0.334784
predicted_points,Rank by continuous predicted race points.,2025,14,Hungarian Grand Prix,2025-08-03,alonso,Fernando Alonso,aston_martin,Aston Martin,5.665710,7,6.000000,10.000000,5,5.665710,0.734256,0.729730,0.138007
predicted_points,Rank by continuous predicted race points.,2025,14,Hungarian Grand Prix,2025-08-03,stroll,Lance Stroll,aston_martin,Aston Martin,4.569591,8,4.000000,6.000000,7,4.569591,0.713551,0.729730,0.148884
predicted_points,Rank by continuous predicted race points.,2025,14,Hungarian Grand Prix,2025-08-03,bortoleto,Gabriel Bortoleto,sauber,Sauber,3.793318,9,2.000000,8.000000,6,3.793318,0.629973,0.630435,0.110194
predicted_points,Rank by continuous predicted race points.,2025,14,Hungarian Grand Prix,2025-08-03,lawson,Liam Lawson,rb,RB F1 Team,2.264560,10,1.000000,4.000000,8,2.264560,0.602448,0.630435,0.080236
predicted_points,Rank by continuous predicted race points.,2025,14,Hungarian Grand Prix,2025-08-03,antonelli,Andrea Kimi Antonelli,mercedes,Mercedes,2.211936,11,0.000000,1.000000,10,2.211936,0.391414,0.283333,0.090326
predicted_points,Rank by continuous predicted race points.,2025,14,Hungarian Grand Prix,2025-08-03,hadjar,Isack Hadjar,rb,RB F1 Team,1.650314,12,0.000000,0.000000,11,1.650314,0.488688,0.333333,0.052608
predicted_points,Rank by continuous predicted race points.,2025,14,Hungarian Grand Prix,2025-08-03,hulkenberg,Nico Hülkenberg,sauber,Sauber,1.608448,13,0.000000,0.000000,13,1.608448,0.227028,0.170732,0.004469
predicted_points,Rank by continuous predicted race points.,2025,14,Hungarian Grand Prix,2025-08-03,tsunoda,Yuki Tsunoda,red_bull,Red Bull,1.583560,14,0.000000,0.000000,17,1.583560,0.295198,0.170732,0.008999
predicted_points,Rank by continuous predicted race points.,2025,14,Hungarian Grand Prix,2025-08-03,albon,Alexander Albon,williams,Williams,1.315171,15,0.000000,0.000000,15,1.315171,0.265349,0.170732,0.028351
predicted_points,Rank by continuous predicted race points.,2025,14,Hungarian Grand Prix,2025-08-03,bearman,Oliver Bearman,haas,Haas F1 Team,1.217074,16,0.000000,0.000000,20,1.217074,0.253787,0.170732,0.007992
predicted_points,Rank by continuous predicted race points.,2025,14,Hungarian Grand Prix,2025-08-03,sainz,Carlos Sainz,williams,Williams,1.027276,17,0.000000,0.000000,14,1.027276,0.387719,0.283333,0.009266
predicted_points,Rank by continuous predicted race points.,2025,14,Hungarian Grand Prix,2025-08-03,gasly,Pierre Gasly,alpine,Alpine F1 Team,0.588795,18,0.000000,0.000000,19,0.588795,0.184778,0.203704,0.062696
predicted_points,Rank by continuous predicted race points.,2025,14,Hungarian Grand Prix,2025-08-03,ocon,Esteban Ocon,haas,Haas F1 Team,0.306814,19,0.000000,0.000000,16,0.306814,0.070156,0.047619,0.007183
predicted_points,Rank by continuous predicted race points.,2025,14,Hungarian Grand Prix,2025-08-03,colapinto,Franco Colapinto,alpine,Alpine F1 Team,0.228201,20,0.000000,0.000000,18,0.228201,0.110878,0.203704,0.013770
predicted_points,Rank by continuous predicted race points.,2025,15,Dutch Grand Prix,2025-08-31,piastri,Oscar Piastri,mclaren,McLaren,19.362183,1,25.000000,25.000000,1,19.362183,0.943164,0.976744,0.968870
predicted_points,Rank by continuous predicted race points.,2025,15,Dutch Grand Prix,2025-08-31,norris,Lando Norris,mclaren,McLaren,18.069802,2,18.000000,0.000000,18,18.069802,0.968872,0.976744,0.974171
predicted_points,Rank by continuous predicted race points.,2025,15,Dutch Grand Prix,2025-08-31,max_verstappen,Max Verstappen,red_bull,Red Bull,11.577934,3,15.000000,18.000000,2,11.577934,0.883079,0.913043,0.817805
predicted_points,Rank by continuous predicted race points.,2025,15,Dutch Grand Prix,2025-08-31,russell,George Russell,mercedes,Mercedes,9.124858,4,12.000000,12.000000,4,9.124858,0.826631,0.913043,0.739756
predicted_points,Rank by continuous predicted race points.,2025,15,Dutch Grand Prix,2025-08-31,leclerc,Charles Leclerc,ferrari,Ferrari,8.543742,5,10.000000,0.000000,19,8.543742,0.818868,0.913043,0.429094
predicted_points,Rank by continuous predicted race points.,2025,15,Dutch Grand Prix,2025-08-31,hamilton,Lewis Hamilton,ferrari,Ferrari,6.874488,6,8.000000,0.000000,20,6.874488,0.738077,0.769231,0.308073
predicted_points,Rank by continuous predicted race points.,2025,15,Dutch Grand Prix,2025-08-31,hadjar,Isack Hadjar,rb,RB F1 Team,6.290635,7,6.000000,15.000000,3,6.290635,0.613371,0.630435,0.276408
predicted_points,Rank by continuous predicted race points.,2025,15,Dutch Grand Prix,2025-08-31,antonelli,Andrea Kimi Antonelli,mercedes,Mercedes,3.710665,8,4.000000,0.000000,16,3.710665,0.567686,0.456522,0.214744
predicted_points,Rank by continuous predicted race points.,2025,15,Dutch Grand Prix,2025-08-31,alonso,Fernando Alonso,aston_martin,Aston Martin,2.762619,9,2.000000,4.000000,8,2.762619,0.601951,0.630435,0.017918
predicted_points,Rank by continuous predicted race points.,2025,15,Dutch Grand Prix,2025-08-31,lawson,Liam Lawson,rb,RB F1 Team,2.544702,10,1.000000,0.000000,12,2.544702,0.501088,0.456522,0.053689
predicted_points,Rank by continuous predicted race points.,2025,15,Dutch Grand Prix,2025-08-31,tsunoda,Yuki Tsunoda,red_bull,Red Bull,2.424307,11,0.000000,2.000000,9,2.424307,0.220205,0.136364,0.103735
predicted_points,Rank by continuous predicted race points.,2025,15,Dutch Grand Prix,2025-08-31,sainz,Carlos Sainz,williams,Williams,2.262104,12,0.000000,0.000000,13,2.262104,0.540456,0.456522,0.062588
predicted_points,Rank by continuous predicted race points.,2025,15,Dutch Grand Prix,2025-08-31,hulkenberg,Nico Hülkenberg,sauber,Sauber,1.543305,13,0.000000,0.000000,14,1.543305,0.304687,0.293103,0.005316
predicted_points,Rank by continuous predicted race points.,2025,15,Dutch Grand Prix,2025-08-31,albon,Alexander Albon,williams,Williams,1.351487,14,0.000000,10.000000,5,1.351487,0.383768,0.293103,0.017414
predicted_points,Rank by continuous predicted race points.,2025,15,Dutch Grand Prix,2025-08-31,bortoleto,Gabriel Bortoleto,sauber,Sauber,1.224312,15,0.000000,0.000000,15,1.224312,0.351140,0.293103,0.135560
predicted_points,Rank by continuous predicted race points.,2025,15,Dutch Grand Prix,2025-08-31,stroll,Lance Stroll,aston_martin,Aston Martin,0.834671,16,0.000000,6.000000,7,0.834671,0.164373,0.166667,0.026306
predicted_points,Rank by continuous predicted race points.,2025,15,Dutch Grand Prix,2025-08-31,gasly,Pierre Gasly,alpine,Alpine F1 Team,0.492119,17,0.000000,0.000000,17,0.492119,0.369092,0.293103,0.031431
predicted_points,Rank by continuous predicted race points.,2025,15,Dutch Grand Prix,2025-08-31,ocon,Esteban Ocon,haas,Haas F1 Team,0.193753,18,0.000000,1.000000,10,0.193753,0.140364,0.166667,0.002527
predicted_points,Rank by continuous predicted race points.,2025,15,Dutch Grand Prix,2025-08-31,colapinto,Franco Colapinto,alpine,Alpine F1 Team,0.146605,19,0.000000,0.000000,11,0.146605,0.089831,0.000000,0.004131
predicted_points,Rank by continuous predicted race points.,2025,15,Dutch Grand Prix,2025-08-31,bearman,Oliver Bearman,haas,Haas F1 Team,0.044017,20,0.000000,8.000000,6,0.044017,0.036908,0.000000,0.000719
predicted_points,Rank by continuous predicted race points.,2025,16,Italian Grand Prix,2025-09-07,piastri,Oscar Piastri,mclaren,McLaren,15.848875,1,25.000000,15.000000,3,15.848875,0.851857,0.897059,0.959340
predicted_points,Rank by continuous predicted race points.,2025,16,Italian Grand Prix,2025-09-07,norris,Lando Norris,mclaren,McLaren,15.745578,2,18.000000,18.000000,2,15.745578,0.957961,0.954545,0.939271
predicted_points,Rank by continuous predicted race points.,2025,16,Italian Grand Prix,2025-09-07,max_verstappen,Max Verstappen,red_bull,Red Bull,15.570943,3,15.000000,25.000000,1,15.570943,0.891114,0.897059,0.933124
predicted_points,Rank by continuous predicted race points.,2025,16,Italian Grand Prix,2025-09-07,leclerc,Charles Leclerc,ferrari,Ferrari,10.867982,4,12.000000,12.000000,4,10.867982,0.848266,0.897059,0.646756
predicted_points,Rank by continuous predicted race points.,2025,16,Italian Grand Prix,2025-09-07,hamilton,Lewis Hamilton,ferrari,Ferrari,8.658724,5,10.000000,8.000000,6,8.658724,0.784618,0.736842,0.683809
predicted_points,Rank by continuous predicted race points.,2025,16,Italian Grand Prix,2025-09-07,russell,George Russell,mercedes,Mercedes,8.271818,6,8.000000,10.000000,5,8.271818,0.818868,0.897059,0.514207
predicted_points,Rank by continuous predicted race points.,2025,16,Italian Grand Prix,2025-09-07,antonelli,Andrea Kimi Antonelli,mercedes,Mercedes,6.173719,7,6.000000,2.000000,9,6.173719,0.779375,0.736842,0.391244
predicted_points,Rank by continuous predicted race points.,2025,16,Italian Grand Prix,2025-09-07,tsunoda,Yuki Tsunoda,red_bull,Red Bull,3.366339,8,4.000000,0.000000,13,3.366339,0.530203,0.446809,0.032191
predicted_points,Rank by continuous predicted race points.,2025,16,Italian Grand Prix,2025-09-07,alonso,Fernando Alonso,aston_martin,Aston Martin,3.288475,9,2.000000,0.000000,19,3.288475,0.621471,0.652174,0.023686
predicted_points,Rank by continuous predicted race points.,2025,16,Italian Grand Prix,2025-09-07,bortoleto,Gabriel Bortoleto,sauber,Sauber,2.760316,10,1.000000,4.000000,8,2.760316,0.620543,0.652174,0.054787
predicted_points,Rank by continuous predicted race points.,2025,16,Italian Grand Prix,2025-09-07,albon,Alexander Albon,williams,Williams,1.687775,11,0.000000,6.000000,7,1.687775,0.428622,0.307692,0.038263
predicted_points,Rank by continuous predicted race points.,2025,16,Italian Grand Prix,2025-09-07,bearman,Oliver Bearman,haas,Haas F1 Team,1.619916,12,0.000000,0.000000,12,1.619916,0.236302,0.162791,0.008079
predicted_points,Rank by continuous predicted race points.,2025,16,Italian Grand Prix,2025-09-07,hulkenberg,Nico Hülkenberg,sauber,Sauber,1.556941,13,0.000000,0.000000,20,1.556941,0.500316,0.446809,0.004287
predicted_points,Rank by continuous predicted race points.,2025,16,Italian Grand Prix,2025-09-07,hadjar,Isack Hadjar,rb,RB F1 Team,1.429319,14,0.000000,1.000000,10,1.429319,0.347747,0.288136,0.041156
predicted_points,Rank by continuous predicted race points.,2025,16,Italian Grand Prix,2025-09-07,sainz,Carlos Sainz,williams,Williams,1.077270,15,0.000000,0.000000,11,1.077270,0.376255,0.288136,0.027963
predicted_points,Rank by continuous predicted race points.,2025,16,Italian Grand Prix,2025-09-07,stroll,Lance Stroll,aston_martin,Aston Martin,1.034205,16,0.000000,0.000000,18,1.034205,0.284848,0.162791,0.041509
predicted_points,Rank by continuous predicted race points.,2025,16,Italian Grand Prix,2025-09-07,lawson,Liam Lawson,rb,RB F1 Team,0.962961,17,0.000000,0.000000,14,0.962961,0.151781,0.200000,0.044538
predicted_points,Rank by continuous predicted race points.,2025,16,Italian Grand Prix,2025-09-07,ocon,Esteban Ocon,haas,Haas F1 Team,0.373765,18,0.000000,0.000000,15,0.373765,0.353440,0.288136,0.024715
predicted_points,Rank by continuous predicted race points.,2025,16,Italian Grand Prix,2025-09-07,gasly,Pierre Gasly,alpine,Alpine F1 Team,0.154894,19,0.000000,0.000000,16,0.154894,0.081105,0.050000,0.029836
predicted_points,Rank by continuous predicted race points.,2025,16,Italian Grand Prix,2025-09-07,colapinto,Franco Colapinto,alpine,Alpine F1 Team,0.085988,20,0.000000,0.000000,17,0.085988,0.075071,0.050000,0.019253
predicted_points,Rank by continuous predicted race points.,2025,17,Azerbaijan Grand Prix,2025-09-21,max_verstappen,Max Verstappen,red_bull,Red Bull,17.322709,1,25.000000,25.000000,1,17.322709,0.891114,0.897059,0.903601
predicted_points,Rank by continuous predicted race points.,2025,17,Azerbaijan Grand Prix,2025-09-21,norris,Lando Norris,mclaren,McLaren,10.822299,2,18.000000,6.000000,7,10.822299,0.873778,0.897059,0.745469
predicted_points,Rank by continuous predicted race points.,2025,17,Azerbaijan Grand Prix,2025-09-21,antonelli,Andrea Kimi Antonelli,mercedes,Mercedes,9.209748,3,15.000000,12.000000,4,9.209748,0.848266,0.897059,0.595469
predicted_points,Rank by continuous predicted race points.,2025,17,Azerbaijan Grand Prix,2025-09-21,piastri,Oscar Piastri,mclaren,McLaren,9.190452,4,12.000000,0.000000,20,9.190452,0.712281,0.756757,0.620421
predicted_points,Rank by continuous predicted race points.,2025,17,Azerbaijan Grand Prix,2025-09-21,sainz,Carlos Sainz,williams,Williams,8.877428,5,10.000000,15.000000,3,8.877428,0.780532,0.756757,0.369684
predicted_points,Rank by continuous predicted race points.,2025,17,Azerbaijan Grand Prix,2025-09-21,russell,George Russell,mercedes,Mercedes,8.827047,6,8.000000,18.000000,2,8.827047,0.835499,0.897059,0.702841
predicted_points,Rank by continuous predicted race points.,2025,17,Azerbaijan Grand Prix,2025-09-21,lawson,Liam Lawson,rb,RB F1 Team,7.126227,7,6.000000,10.000000,5,7.126227,0.758427,0.756757,0.544838
predicted_points,Rank by continuous predicted race points.,2025,17,Azerbaijan Grand Prix,2025-09-21,tsunoda,Yuki Tsunoda,red_bull,Red Bull,6.380187,8,4.000000,8.000000,6,6.380187,0.650371,0.622222,0.108090
predicted_points,Rank by continuous predicted race points.,2025,17,Azerbaijan Grand Prix,2025-09-21,leclerc,Charles Leclerc,ferrari,Ferrari,4.999680,9,2.000000,2.000000,9,4.999680,0.663057,0.622222,0.136359
predicted_points,Rank by continuous predicted race points.,2025,17,Azerbaijan Grand Prix,2025-09-21,hamilton,Lewis Hamilton,ferrari,Ferrari,4.790769,10,1.000000,4.000000,8,4.790769,0.509623,0.425532,0.149415
predicted_points,Rank by continuous predicted race points.,2025,17,Azerbaijan Grand Prix,2025-09-21,hadjar,Isack Hadjar,rb,RB F1 Team,3.663341,11,0.000000,1.000000,10,3.663341,0.611048,0.622222,0.076028
predicted_points,Rank by continuous predicted race points.,2025,17,Azerbaijan Grand Prix,2025-09-21,alonso,Fernando Alonso,aston_martin,Aston Martin,2.799593,12,0.000000,0.000000,15,2.799593,0.528071,0.425532,0.050839
predicted_points,Rank by continuous predicted race points.,2025,17,Azerbaijan Grand Prix,2025-09-21,albon,Alexander Albon,williams,Williams,1.563980,13,0.000000,0.000000,13,1.563980,0.304308,0.300000,0.038463
predicted_points,Rank by continuous predicted race points.,2025,17,Azerbaijan Grand Prix,2025-09-21,stroll,Lance Stroll,aston_martin,Aston Martin,1.159018,14,0.000000,0.000000,17,1.159018,0.395404,0.300000,0.040894
predicted_points,Rank by continuous predicted race points.,2025,17,Azerbaijan Grand Prix,2025-09-21,bortoleto,Gabriel Bortoleto,sauber,Sauber,1.139112,15,0.000000,0.000000,11,1.139112,0.401290,0.333333,0.022244
predicted_points,Rank by continuous predicted race points.,2025,17,Azerbaijan Grand Prix,2025-09-21,hulkenberg,Nico Hülkenberg,sauber,Sauber,0.740952,16,0.000000,0.000000,16,0.740952,0.231674,0.162791,0.002735
predicted_points,Rank by continuous predicted race points.,2025,17,Azerbaijan Grand Prix,2025-09-21,bearman,Oliver Bearman,haas,Haas F1 Team,0.466550,17,0.000000,0.000000,12,0.466550,0.253279,0.162791,0.002823
predicted_points,Rank by continuous predicted race points.,2025,17,Azerbaijan Grand Prix,2025-09-21,ocon,Esteban Ocon,haas,Haas F1 Team,0.398284,18,0.000000,0.000000,14,0.398284,0.113878,0.200000,0.002888
predicted_points,Rank by continuous predicted race points.,2025,17,Azerbaijan Grand Prix,2025-09-21,colapinto,Franco Colapinto,alpine,Alpine F1 Team,0.220998,19,0.000000,0.000000,19,0.220998,0.089831,0.050000,0.004768
predicted_points,Rank by continuous predicted race points.,2025,17,Azerbaijan Grand Prix,2025-09-21,gasly,Pierre Gasly,alpine,Alpine F1 Team,0.219909,20,0.000000,0.000000,18,0.219909,0.088679,0.050000,0.009756
predicted_points,Rank by continuous predicted race points.,2025,18,Singapore Grand Prix,2025-10-05,max_verstappen,Max Verstappen,red_bull,Red Bull,18.058487,1,25.000000,18.000000,2,18.058487,0.872167,0.898551,0.959323
predicted_points,Rank by continuous predicted race points.,2025,18,Singapore Grand Prix,2025-10-05,russell,George Russell,mercedes,Mercedes,16.616100,2,18.000000,25.000000,1,16.616100,0.916402,0.953488,0.930319
predicted_points,Rank by continuous predicted race points.,2025,18,Singapore Grand Prix,2025-10-05,piastri,Oscar Piastri,mclaren,McLaren,15.723055,3,15.000000,12.000000,4,15.723055,0.899308,0.898551,0.903967
predicted_points,Rank by continuous predicted race points.,2025,18,Singapore Grand Prix,2025-10-05,norris,Lando Norris,mclaren,McLaren,12.537283,4,12.000000,15.000000,3,12.537283,0.900639,0.953488,0.694923
predicted_points,Rank by continuous predicted race points.,2025,18,Singapore Grand Prix,2025-10-05,antonelli,Andrea Kimi Antonelli,mercedes,Mercedes,10.063229,5,10.000000,10.000000,5,10.063229,0.835176,0.898551,0.541933
predicted_points,Rank by continuous predicted race points.,2025,18,Singapore Grand Prix,2025-10-05,hamilton,Lewis Hamilton,ferrari,Ferrari,7.348381,6,8.000000,4.000000,8,7.348381,0.763457,0.736842,0.365033
predicted_points,Rank by continuous predicted race points.,2025,18,Singapore Grand Prix,2025-10-05,leclerc,Charles Leclerc,ferrari,Ferrari,6.148238,7,6.000000,8.000000,6,6.148238,0.779375,0.736842,0.195748
predicted_points,Rank by continuous predicted race points.,2025,18,Singapore Grand Prix,2025-10-05,hadjar,Isack Hadjar,rb,RB F1 Team,3.906527,8,4.000000,0.000000,11,3.906527,0.648457,0.659574,0.107517
predicted_points,Rank by continuous predicted race points.,2025,18,Singapore Grand Prix,2025-10-05,tsunoda,Yuki Tsunoda,red_bull,Red Bull,3.008018,9,2.000000,0.000000,12,3.008018,0.386093,0.298246,0.011849
predicted_points,Rank by continuous predicted race points.,2025,18,Singapore Grand Prix,2025-10-05,alonso,Fernando Alonso,aston_martin,Aston Martin,2.408048,10,1.000000,6.000000,7,2.408048,0.578281,0.425532,0.006959
predicted_points,Rank by continuous predicted race points.,2025,18,Singapore Grand Prix,2025-10-05,lawson,Liam Lawson,rb,RB F1 Team,2.143404,11,0.000000,0.000000,15,2.143404,0.399578,0.298246,0.055851
predicted_points,Rank by continuous predicted race points.,2025,18,Singapore Grand Prix,2025-10-05,bearman,Oliver Bearman,haas,Haas F1 Team,2.014302,12,0.000000,2.000000,9,2.014302,0.332360,0.298246,0.003013
predicted_points,Rank by continuous predicted race points.,2025,18,Singapore Grand Prix,2025-10-05,sainz,Carlos Sainz,williams,Williams,1.770661,13,0.000000,1.000000,10,1.770661,0.239419,0.139535,0.068940
predicted_points,Rank by continuous predicted race points.,2025,18,Singapore Grand Prix,2025-10-05,albon,Alexander Albon,williams,Williams,1.726344,14,0.000000,0.000000,14,1.726344,0.294233,0.139535,0.063641
predicted_points,Rank by continuous predicted race points.,2025,18,Singapore Grand Prix,2025-10-05,hulkenberg,Nico Hülkenberg,sauber,Sauber,1.692790,15,0.000000,0.000000,20,1.692790,0.550193,0.425532,0.001300
predicted_points,Rank by continuous predicted race points.,2025,18,Singapore Grand Prix,2025-10-05,stroll,Lance Stroll,aston_martin,Aston Martin,0.682133,16,0.000000,0.000000,13,0.682133,0.360404,0.298246,0.014459
predicted_points,Rank by continuous predicted race points.,2025,18,Singapore Grand Prix,2025-10-05,bortoleto,Gabriel Bortoleto,sauber,Sauber,0.449692,17,0.000000,0.000000,17,0.449692,0.360543,0.298246,0.015291
predicted_points,Rank by continuous predicted race points.,2025,18,Singapore Grand Prix,2025-10-05,ocon,Esteban Ocon,haas,Haas F1 Team,0.270666,18,0.000000,0.000000,18,0.270666,0.186689,0.200000,0.001079
predicted_points,Rank by continuous predicted race points.,2025,18,Singapore Grand Prix,2025-10-05,gasly,Pierre Gasly,alpine,Alpine F1 Team,0.128439,19,0.000000,0.000000,19,0.128439,0.086369,0.050000,0.003752
predicted_points,Rank by continuous predicted race points.,2025,18,Singapore Grand Prix,2025-10-05,colapinto,Franco Colapinto,alpine,Alpine F1 Team,0.109788,20,0.000000,0.000000,16,0.109788,0.089831,0.050000,0.001832
predicted_points,Rank by continuous predicted race points.,2025,19,United States Grand Prix,2025-10-19,max_verstappen,Max Verstappen,red_bull,Red Bull,19.308968,1,25.000000,25.000000,1,19.308968,0.947902,0.952381,0.964418
predicted_points,Rank by continuous predicted race points.,2025,19,United States Grand Prix,2025-10-19,norris,Lando Norris,mclaren,McLaren,17.096173,2,18.000000,18.000000,2,17.096173,0.955131,0.952381,0.933877
predicted_points,Rank by continuous predicted race points.,2025,19,United States Grand Prix,2025-10-19,russell,George Russell,mercedes,Mercedes,12.983223,3,15.000000,8.000000,6,12.983223,0.901982,0.952381,0.861960
predicted_points,Rank by continuous predicted race points.,2025,19,United States Grand Prix,2025-10-19,piastri,Oscar Piastri,mclaren,McLaren,11.491942,4,12.000000,10.000000,5,11.491942,0.815129,0.900000,0.659607
predicted_points,Rank by continuous predicted race points.,2025,19,United States Grand Prix,2025-10-19,leclerc,Charles Leclerc,ferrari,Ferrari,10.635820,5,10.000000,15.000000,3,10.635820,0.865068,0.900000,0.770291
predicted_points,Rank by continuous predicted race points.,2025,19,United States Grand Prix,2025-10-19,hamilton,Lewis Hamilton,ferrari,Ferrari,8.984516,6,8.000000,12.000000,4,8.984516,0.797267,0.763158,0.480660
predicted_points,Rank by continuous predicted race points.,2025,19,United States Grand Prix,2025-10-19,antonelli,Andrea Kimi Antonelli,mercedes,Mercedes,7.625761,7,6.000000,0.000000,13,7.625761,0.728919,0.763158,0.250138
predicted_points,Rank by continuous predicted race points.,2025,19,United States Grand Prix,2025-10-19,sainz,Carlos Sainz,williams,Williams,3.370929,8,4.000000,0.000000,20,3.370929,0.611935,0.659574,0.019901
predicted_points,Rank by continuous predicted race points.,2025,19,United States Grand Prix,2025-10-19,tsunoda,Yuki Tsunoda,red_bull,Red Bull,3.338545,9,2.000000,6.000000,7,3.338545,0.375334,0.283333,0.007076
predicted_points,Rank by continuous predicted race points.,2025,19,United States Grand Prix,2025-10-19,alonso,Fernando Alonso,aston_martin,Aston Martin,2.532917,10,1.000000,1.000000,10,2.532917,0.543366,0.404255,0.007289
predicted_points,Rank by continuous predicted race points.,2025,19,United States Grand Prix,2025-10-19,bearman,Oliver Bearman,haas,Haas F1 Team,2.198772,11,0.000000,2.000000,9,2.198772,0.251543,0.142857,0.003333
predicted_points,Rank by continuous predicted race points.,2025,19,United States Grand Prix,2025-10-19,lawson,Liam Lawson,rb,RB F1 Team,1.812818,12,0.000000,0.000000,11,1.812818,0.466537,0.333333,0.017257
predicted_points,Rank by continuous predicted race points.,2025,19,United States Grand Prix,2025-10-19,hulkenberg,Nico Hülkenberg,sauber,Sauber,1.688262,13,0.000000,4.000000,8,1.688262,0.545333,0.404255,0.001234
predicted_points,Rank by continuous predicted race points.,2025,19,United States Grand Prix,2025-10-19,albon,Alexander Albon,williams,Williams,1.473747,14,0.000000,0.000000,14,1.473747,0.285327,0.142857,0.008370
predicted_points,Rank by continuous predicted race points.,2025,19,United States Grand Prix,2025-10-19,hadjar,Isack Hadjar,rb,RB F1 Team,0.949820,15,0.000000,0.000000,16,0.949820,0.209933,0.142857,0.012866
predicted_points,Rank by continuous predicted race points.,2025,19,United States Grand Prix,2025-10-19,stroll,Lance Stroll,aston_martin,Aston Martin,0.409134,16,0.000000,0.000000,12,0.409134,0.187456,0.207547,0.008885
predicted_points,Rank by continuous predicted race points.,2025,19,United States Grand Prix,2025-10-19,bortoleto,Gabriel Bortoleto,sauber,Sauber,0.380500,17,0.000000,0.000000,18,0.380500,0.172310,0.207547,0.006777
predicted_points,Rank by continuous predicted race points.,2025,19,United States Grand Prix,2025-10-19,gasly,Pierre Gasly,alpine,Alpine F1 Team,0.162359,18,0.000000,0.000000,19,0.162359,0.362382,0.283333,0.005939
predicted_points,Rank by continuous predicted race points.,2025,19,United States Grand Prix,2025-10-19,ocon,Esteban Ocon,haas,Haas F1 Team,0.132118,19,0.000000,0.000000,15,0.132118,0.189904,0.207547,0.001280
predicted_points,Rank by continuous predicted race points.,2025,19,United States Grand Prix,2025-10-19,colapinto,Franco Colapinto,alpine,Alpine F1 Team,0.090728,20,0.000000,0.000000,17,0.090728,0.099026,0.047619,0.003047
predicted_points,Rank by continuous predicted race points.,2025,20,Mexico City Grand Prix,2025-10-26,norris,Lando Norris,mclaren,McLaren,18.400394,1,25.000000,25.000000,1,18.400394,0.964184,0.954545,0.922459
predicted_points,Rank by continuous predicted race points.,2025,20,Mexico City Grand Prix,2025-10-26,max_verstappen,Max Verstappen,red_bull,Red Bull,14.746984,2,18.000000,15.000000,3,14.746984,0.835499,0.895522,0.852584
predicted_points,Rank by continuous predicted race points.,2025,20,Mexico City Grand Prix,2025-10-26,leclerc,Charles Leclerc,ferrari,Ferrari,13.229819,3,15.000000,18.000000,2,13.229819,0.877217,0.895522,0.816149
predicted_points,Rank by continuous predicted race points.,2025,20,Mexico City Grand Prix,2025-10-26,russell,George Russell,mercedes,Mercedes,12.891787,4,12.000000,6.000000,7,12.891787,0.841937,0.895522,0.855793
predicted_points,Rank by continuous predicted race points.,2025,20,Mexico City Grand Prix,2025-10-26,hamilton,Lewis Hamilton,ferrari,Ferrari,11.332907,5,10.000000,4.000000,8,11.332907,0.850375,0.895522,0.792436
predicted_points,Rank by continuous predicted race points.,2025,20,Mexico City Grand Prix,2025-10-26,piastri,Oscar Piastri,mclaren,McLaren,8.870235,6,8.000000,10.000000,5,8.870235,0.750197,0.743590,0.626131
predicted_points,Rank by continuous predicted race points.,2025,20,Mexico City Grand Prix,2025-10-26,antonelli,Andrea Kimi Antonelli,mercedes,Mercedes,8.248025,7,6.000000,8.000000,6,8.248025,0.814260,0.895522,0.428618
predicted_points,Rank by continuous predicted race points.,2025,20,Mexico City Grand Prix,2025-10-26,tsunoda,Yuki Tsunoda,red_bull,Red Bull,4.534163,8,4.000000,0.000000,11,4.534163,0.500893,0.446809,0.036998
predicted_points,Rank by continuous predicted race points.,2025,20,Mexico City Grand Prix,2025-10-26,sainz,Carlos Sainz,williams,Williams,4.113931,9,2.000000,0.000000,17,4.113931,0.673739,0.659574,0.062378
predicted_points,Rank by continuous predicted race points.,2025,20,Mexico City Grand Prix,2025-10-26,hadjar,Isack Hadjar,rb,RB F1 Team,2.581502,10,1.000000,0.000000,13,2.581502,0.567544,0.446809,0.052674
predicted_points,Rank by continuous predicted race points.,2025,20,Mexico City Grand Prix,2025-10-26,bearman,Oliver Bearman,haas,Haas F1 Team,1.880990,11,0.000000,12.000000,4,1.880990,0.289816,0.119048,0.002085
predicted_points,Rank by continuous predicted race points.,2025,20,Mexico City Grand Prix,2025-10-26,albon,Alexander Albon,williams,Williams,1.357860,12,0.000000,0.000000,12,1.357860,0.335810,0.300000,0.016013
predicted_points,Rank by continuous predicted race points.,2025,20,Mexico City Grand Prix,2025-10-26,ocon,Esteban Ocon,haas,Haas F1 Team,1.321346,13,0.000000,2.000000,9,1.321346,0.453670,0.315789,0.002995
predicted_points,Rank by continuous predicted race points.,2025,20,Mexico City Grand Prix,2025-10-26,alonso,Fernando Alonso,aston_martin,Aston Martin,1.259214,14,0.000000,0.000000,18,1.259214,0.343771,0.300000,0.003894
predicted_points,Rank by continuous predicted race points.,2025,20,Mexico City Grand Prix,2025-10-26,hulkenberg,Nico Hülkenberg,sauber,Sauber,1.212306,15,0.000000,0.000000,19,1.212306,0.456336,0.315789,0.003357
predicted_points,Rank by continuous predicted race points.,2025,20,Mexico City Grand Prix,2025-10-26,lawson,Liam Lawson,rb,RB F1 Team,1.061517,16,0.000000,0.000000,20,1.061517,0.283746,0.119048,0.023918
predicted_points,Rank by continuous predicted race points.,2025,20,Mexico City Grand Prix,2025-10-26,stroll,Lance Stroll,aston_martin,Aston Martin,0.511147,17,0.000000,0.000000,14,0.511147,0.170004,0.200000,0.014353
predicted_points,Rank by continuous predicted race points.,2025,20,Mexico City Grand Prix,2025-10-26,bortoleto,Gabriel Bortoleto,sauber,Sauber,0.402108,18,0.000000,1.000000,10,0.402108,0.299584,0.119048,0.009656
predicted_points,Rank by continuous predicted race points.,2025,20,Mexico City Grand Prix,2025-10-26,gasly,Pierre Gasly,alpine,Alpine F1 Team,0.118374,19,0.000000,0.000000,15,0.118374,0.084097,0.050000,0.010500
predicted_points,Rank by continuous predicted race points.,2025,20,Mexico City Grand Prix,2025-10-26,colapinto,Franco Colapinto,alpine,Alpine F1 Team,0.085445,20,0.000000,0.000000,16,0.085445,0.062445,0.050000,0.002099
predicted_points,Rank by continuous predicted race points.,2025,21,São Paulo Grand Prix,2025-11-09,norris,Lando Norris,mclaren,McLaren,17.767385,1,25.000000,25.000000,1,17.767385,0.971348,0.954545,0.919001
predicted_points,Rank by continuous predicted race points.,2025,21,São Paulo Grand Prix,2025-11-09,leclerc,Charles Leclerc,ferrari,Ferrari,12.806998,2,18.000000,0.000000,19,12.806998,0.882363,0.911765,0.896711
predicted_points,Rank by continuous predicted race points.,2025,21,São Paulo Grand Prix,2025-11-09,antonelli,Andrea Kimi Antonelli,mercedes,Mercedes,12.758264,3,15.000000,18.000000,2,12.758264,0.855411,0.911765,0.859249
predicted_points,Rank by continuous predicted race points.,2025,21,São Paulo Grand Prix,2025-11-09,piastri,Oscar Piastri,mclaren,McLaren,12.588131,4,12.000000,10.000000,5,12.588131,0.871463,0.911765,0.813268
predicted_points,Rank by continuous predicted race points.,2025,21,São Paulo Grand Prix,2025-11-09,max_verstappen,Max Verstappen,red_bull,Red Bull,10.939224,5,10.000000,15.000000,3,10.939224,0.438143,0.314286,0.558931
predicted_points,Rank by continuous predicted race points.,2025,21,São Paulo Grand Prix,2025-11-09,russell,George Russell,mercedes,Mercedes,9.460887,6,8.000000,12.000000,4,9.460887,0.839690,0.911765,0.464605
predicted_points,Rank by continuous predicted race points.,2025,21,São Paulo Grand Prix,2025-11-09,hadjar,Isack Hadjar,rb,RB F1 Team,5.064488,7,6.000000,4.000000,8,5.064488,0.731776,0.743590,0.274573
predicted_points,Rank by continuous predicted race points.,2025,21,São Paulo Grand Prix,2025-11-09,hamilton,Lewis Hamilton,ferrari,Ferrari,4.895028,8,4.000000,0.000000,18,4.895028,0.461093,0.314286,0.244698
predicted_points,Rank by continuous predicted race points.,2025,21,São Paulo Grand Prix,2025-11-09,bortoleto,Gabriel Bortoleto,sauber,Sauber,3.643815,9,2.000000,0.000000,20,3.643815,0.556691,0.413043,0.048932
predicted_points,Rank by continuous predicted race points.,2025,21,São Paulo Grand Prix,2025-11-09,lawson,Liam Lawson,rb,RB F1 Team,3.510688,10,1.000000,6.000000,7,3.510688,0.644385,0.638298,0.181418
predicted_points,Rank by continuous predicted race points.,2025,21,São Paulo Grand Prix,2025-11-09,bearman,Oliver Bearman,haas,Haas F1 Team,3.034924,11,0.000000,8.000000,6,3.034924,0.437260,0.314286,0.042296
predicted_points,Rank by continuous predicted race points.,2025,21,São Paulo Grand Prix,2025-11-09,tsunoda,Yuki Tsunoda,red_bull,Red Bull,2.998260,12,0.000000,0.000000,17,2.998260,0.174093,0.203704,0.018828
predicted_points,Rank by continuous predicted race points.,2025,21,São Paulo Grand Prix,2025-11-09,alonso,Fernando Alonso,aston_martin,Aston Martin,2.233245,13,0.000000,0.000000,14,2.233245,0.441761,0.314286,0.017281
predicted_points,Rank by continuous predicted race points.,2025,21,São Paulo Grand Prix,2025-11-09,hulkenberg,Nico Hülkenberg,sauber,Sauber,2.090304,14,0.000000,2.000000,9,2.090304,0.521997,0.413043,0.003671
predicted_points,Rank by continuous predicted race points.,2025,21,São Paulo Grand Prix,2025-11-09,albon,Alexander Albon,williams,Williams,1.888949,15,0.000000,0.000000,11,1.888949,0.489099,0.314286,0.025934
predicted_points,Rank by continuous predicted race points.,2025,21,São Paulo Grand Prix,2025-11-09,gasly,Pierre Gasly,alpine,Alpine F1 Team,1.551638,16,0.000000,1.000000,10,1.551638,0.567737,0.413043,0.072803
predicted_points,Rank by continuous predicted race points.,2025,21,São Paulo Grand Prix,2025-11-09,sainz,Carlos Sainz,williams,Williams,0.842407,17,0.000000,0.000000,13,0.842407,0.335300,0.300000,0.041568
predicted_points,Rank by continuous predicted race points.,2025,21,São Paulo Grand Prix,2025-11-09,ocon,Esteban Ocon,haas,Haas F1 Team,0.557957,18,0.000000,0.000000,12,0.557957,0.155670,0.203704,0.022601
predicted_points,Rank by continuous predicted race points.,2025,21,São Paulo Grand Prix,2025-11-09,stroll,Lance Stroll,aston_martin,Aston Martin,0.521350,19,0.000000,0.000000,16,0.521350,0.381366,0.300000,0.036449
predicted_points,Rank by continuous predicted race points.,2025,21,São Paulo Grand Prix,2025-11-09,colapinto,Franco Colapinto,alpine,Alpine F1 Team,0.105387,20,0.000000,0.000000,15,0.105387,0.075071,0.047619,0.020974
predicted_points,Rank by continuous predicted race points.,2025,22,Las Vegas Grand Prix,2025-11-23,norris,Lando Norris,mclaren,McLaren,20.137214,1,25.000000,0.000000,19,20.137214,0.975224,0.977273,0.972371
predicted_points,Rank by continuous predicted race points.,2025,22,Las Vegas Grand Prix,2025-11-23,max_verstappen,Max Verstappen,red_bull,Red Bull,17.038864,2,18.000000,25.000000,1,17.038864,0.877217,0.913043,0.928607
predicted_points,Rank by continuous predicted race points.,2025,22,Las Vegas Grand Prix,2025-11-23,russell,George Russell,mercedes,Mercedes,11.455019,3,15.000000,18.000000,2,11.455019,0.840588,0.913043,0.825052
predicted_points,Rank by continuous predicted race points.,2025,22,Las Vegas Grand Prix,2025-11-23,piastri,Oscar Piastri,mclaren,McLaren,11.415585,4,12.000000,0.000000,20,11.415585,0.847434,0.913043,0.813222
predicted_points,Rank by continuous predicted race points.,2025,22,Las Vegas Grand Prix,2025-11-23,sainz,Carlos Sainz,williams,Williams,7.411086,5,10.000000,10.000000,5,7.411086,0.772233,0.743590,0.731154
predicted_points,Rank by continuous predicted race points.,2025,22,Las Vegas Grand Prix,2025-11-23,leclerc,Charles Leclerc,ferrari,Ferrari,7.148885,6,8.000000,12.000000,4,7.148885,0.671709,0.666667,0.460766
predicted_points,Rank by continuous predicted race points.,2025,22,Las Vegas Grand Prix,2025-11-23,lawson,Liam Lawson,rb,RB F1 Team,4.606615,7,6.000000,0.000000,14,4.606615,0.611598,0.666667,0.141632
predicted_points,Rank by continuous predicted race points.,2025,22,Las Vegas Grand Prix,2025-11-23,hamilton,Lewis Hamilton,ferrari,Ferrari,4.242847,8,4.000000,4.000000,8,4.242847,0.311667,0.275862,0.336226
predicted_points,Rank by continuous predicted race points.,2025,22,Las Vegas Grand Prix,2025-11-23,antonelli,Andrea Kimi Antonelli,mercedes,Mercedes,4.121801,9,2.000000,15.000000,3,4.121801,0.489064,0.315789,0.382461
predicted_points,Rank by continuous predicted race points.,2025,22,Las Vegas Grand Prix,2025-11-23,alonso,Fernando Alonso,aston_martin,Aston Martin,3.990115,10,1.000000,0.000000,11,3.990115,0.662663,0.666667,0.055595
predicted_points,Rank by continuous predicted race points.,2025,22,Las Vegas Grand Prix,2025-11-23,hadjar,Isack Hadjar,rb,RB F1 Team,2.966297,11,0.000000,8.000000,6,2.966297,0.566048,0.413043,0.080126
predicted_points,Rank by continuous predicted race points.,2025,22,Las Vegas Grand Prix,2025-11-23,tsunoda,Yuki Tsunoda,red_bull,Red Bull,2.958318,12,0.000000,0.000000,12,2.958318,0.309403,0.275862,0.057486
predicted_points,Rank by continuous predicted race points.,2025,22,Las Vegas Grand Prix,2025-11-23,hulkenberg,Nico Hülkenberg,sauber,Sauber,2.169430,13,0.000000,6.000000,7,2.169430,0.555356,0.413043,0.002192
predicted_points,Rank by continuous predicted race points.,2025,22,Las Vegas Grand Prix,2025-11-23,gasly,Pierre Gasly,alpine,Alpine F1 Team,1.464534,14,0.000000,0.000000,13,1.464534,0.544320,0.413043,0.048640
predicted_points,Rank by continuous predicted race points.,2025,22,Las Vegas Grand Prix,2025-11-23,bearman,Oliver Bearman,haas,Haas F1 Team,1.350728,15,0.000000,1.000000,10,1.350728,0.174957,0.185185,0.021018
predicted_points,Rank by continuous predicted race points.,2025,22,Las Vegas Grand Prix,2025-11-23,stroll,Lance Stroll,aston_martin,Aston Martin,1.241502,16,0.000000,0.000000,18,1.241502,0.452996,0.315789,0.023164
predicted_points,Rank by continuous predicted race points.,2025,22,Las Vegas Grand Prix,2025-11-23,albon,Alexander Albon,williams,Williams,1.170870,17,0.000000,0.000000,16,1.170870,0.357333,0.275862,0.014102
predicted_points,Rank by continuous predicted race points.,2025,22,Las Vegas Grand Prix,2025-11-23,ocon,Esteban Ocon,haas,Haas F1 Team,1.044257,18,0.000000,2.000000,9,1.044257,0.399896,0.275862,0.007079
predicted_points,Rank by continuous predicted race points.,2025,22,Las Vegas Grand Prix,2025-11-23,bortoleto,Gabriel Bortoleto,sauber,Sauber,0.373394,19,0.000000,0.000000,17,0.373394,0.116766,0.185185,0.005415
predicted_points,Rank by continuous predicted race points.,2025,22,Las Vegas Grand Prix,2025-11-23,colapinto,Franco Colapinto,alpine,Alpine F1 Team,0.199836,20,0.000000,0.000000,15,0.199836,0.099026,0.047619,0.004733
predicted_points,Rank by continuous predicted race points.,2025,23,Qatar Grand Prix,2025-11-30,piastri,Oscar Piastri,mclaren,McLaren,19.010963,1,25.000000,18.000000,2,19.010963,0.905335,0.953488,0.958317
predicted_points,Rank by continuous predicted race points.,2025,23,Qatar Grand Prix,2025-11-30,norris,Lando Norris,mclaren,McLaren,17.481815,2,18.000000,12.000000,4,17.481815,0.962123,0.953488,0.938820
predicted_points,Rank by continuous predicted race points.,2025,23,Qatar Grand Prix,2025-11-30,max_verstappen,Max Verstappen,red_bull,Red Bull,14.558582,3,15.000000,25.000000,1,14.558582,0.860537,0.898551,0.903099
predicted_points,Rank by continuous predicted race points.,2025,23,Qatar Grand Prix,2025-11-30,russell,George Russell,mercedes,Mercedes,13.111102,4,12.000000,8.000000,6,13.111102,0.836017,0.898551,0.858837
predicted_points,Rank by continuous predicted race points.,2025,23,Qatar Grand Prix,2025-11-30,antonelli,Andrea Kimi Antonelli,mercedes,Mercedes,10.259350,5,10.000000,10.000000,5,10.259350,0.827138,0.898551,0.641319
predicted_points,Rank by continuous predicted race points.,2025,23,Qatar Grand Prix,2025-11-30,leclerc,Charles Leclerc,ferrari,Ferrari,5.744429,6,8.000000,4.000000,8,5.744429,0.663057,0.622222,0.203443
predicted_points,Rank by continuous predicted race points.,2025,23,Qatar Grand Prix,2025-11-30,hadjar,Isack Hadjar,rb,RB F1 Team,5.288688,7,6.000000,0.000000,18,5.288688,0.732079,0.769231,0.168079
predicted_points,Rank by continuous predicted race points.,2025,23,Qatar Grand Prix,2025-11-30,sainz,Carlos Sainz,williams,Williams,4.297531,8,4.000000,15.000000,3,4.297531,0.678781,0.622222,0.154486
predicted_points,Rank by continuous predicted race points.,2025,23,Qatar Grand Prix,2025-11-30,alonso,Fernando Alonso,aston_martin,Aston Martin,3.484158,9,2.000000,6.000000,7,3.484158,0.605866,0.622222,0.022192
predicted_points,Rank by continuous predicted race points.,2025,23,Qatar Grand Prix,2025-11-30,hamilton,Lewis Hamilton,ferrari,Ferrari,3.244620,10,1.000000,0.000000,12,3.244620,0.355576,0.280702,0.068748
predicted_points,Rank by continuous predicted race points.,2025,23,Qatar Grand Prix,2025-11-30,tsunoda,Yuki Tsunoda,red_bull,Red Bull,2.707945,11,0.000000,1.000000,10,2.707945,0.305876,0.280702,0.086494
predicted_points,Rank by continuous predicted race points.,2025,23,Qatar Grand Prix,2025-11-30,hulkenberg,Nico Hülkenberg,sauber,Sauber,2.338537,12,0.000000,0.000000,20,2.338537,0.548106,0.446809,0.003096
predicted_points,Rank by continuous predicted race points.,2025,23,Qatar Grand Prix,2025-11-30,lawson,Liam Lawson,rb,RB F1 Team,1.945698,13,0.000000,2.000000,9,1.945698,0.380820,0.280702,0.048482
predicted_points,Rank by continuous predicted race points.,2025,23,Qatar Grand Prix,2025-11-30,gasly,Pierre Gasly,alpine,Alpine F1 Team,1.865926,14,0.000000,0.000000,16,1.865926,0.575100,0.446809,0.037065
predicted_points,Rank by continuous predicted race points.,2025,23,Qatar Grand Prix,2025-11-30,bearman,Oliver Bearman,haas,Haas F1 Team,1.827223,15,0.000000,0.000000,19,1.827223,0.225617,0.162791,0.023614
predicted_points,Rank by continuous predicted race points.,2025,23,Qatar Grand Prix,2025-11-30,albon,Alexander Albon,williams,Williams,1.300225,16,0.000000,0.000000,11,1.300225,0.378665,0.280702,0.026390
predicted_points,Rank by continuous predicted race points.,2025,23,Qatar Grand Prix,2025-11-30,ocon,Esteban Ocon,haas,Haas F1 Team,0.882522,17,0.000000,0.000000,15,0.882522,0.201440,0.162791,0.011743
predicted_points,Rank by continuous predicted race points.,2025,23,Qatar Grand Prix,2025-11-30,bortoleto,Gabriel Bortoleto,sauber,Sauber,0.475508,18,0.000000,0.000000,13,0.475508,0.347708,0.280702,0.012181
predicted_points,Rank by continuous predicted race points.,2025,23,Qatar Grand Prix,2025-11-30,stroll,Lance Stroll,aston_martin,Aston Martin,0.384148,19,0.000000,0.000000,17,0.384148,0.121484,0.200000,0.007389
predicted_points,Rank by continuous predicted race points.,2025,23,Qatar Grand Prix,2025-11-30,colapinto,Franco Colapinto,alpine,Alpine F1 Team,0.189500,20,0.000000,0.000000,14,0.189500,0.062445,0.047619,0.003012
predicted_points,Rank by continuous predicted race points.,2025,24,Abu Dhabi Grand Prix,2025-12-07,max_verstappen,Max Verstappen,red_bull,Red Bull,21.752474,1,25.000000,25.000000,1,21.752474,0.890867,0.897059,0.970969
predicted_points,Rank by continuous predicted race points.,2025,24,Abu Dhabi Grand Prix,2025-12-07,norris,Lando Norris,mclaren,McLaren,17.012131,2,18.000000,15.000000,3,17.012131,0.953669,0.954545,0.932349
predicted_points,Rank by continuous predicted race points.,2025,24,Abu Dhabi Grand Prix,2025-12-07,piastri,Oscar Piastri,mclaren,McLaren,14.855024,3,15.000000,18.000000,2,14.855024,0.884220,0.897059,0.923758
predicted_points,Rank by continuous predicted race points.,2025,24,Abu Dhabi Grand Prix,2025-12-07,russell,George Russell,mercedes,Mercedes,14.203575,4,12.000000,10.000000,5,14.203575,0.837753,0.897059,0.833922
predicted_points,Rank by continuous predicted race points.,2025,24,Abu Dhabi Grand Prix,2025-12-07,leclerc,Charles Leclerc,ferrari,Ferrari,9.340822,5,10.000000,12.000000,4,9.340822,0.835499,0.897059,0.728029
predicted_points,Rank by continuous predicted race points.,2025,24,Abu Dhabi Grand Prix,2025-12-07,antonelli,Andrea Kimi Antonelli,mercedes,Mercedes,5.528239,6,8.000000,0.000000,15,5.528239,0.556612,0.466667,0.396193
predicted_points,Rank by continuous predicted race points.,2025,24,Abu Dhabi Grand Prix,2025-12-07,alonso,Fernando Alonso,aston_martin,Aston Martin,5.381496,7,6.000000,8.000000,6,5.381496,0.701829,0.743590,0.013397
predicted_points,Rank by continuous predicted race points.,2025,24,Abu Dhabi Grand Prix,2025-12-07,tsunoda,Yuki Tsunoda,red_bull,Red Bull,4.196181,8,4.000000,0.000000,14,4.196181,0.543523,0.466667,0.052720
predicted_points,Rank by continuous predicted race points.,2025,24,Abu Dhabi Grand Prix,2025-12-07,sainz,Carlos Sainz,williams,Williams,3.350676,9,2.000000,0.000000,13,3.350676,0.487565,0.333333,0.031311
predicted_points,Rank by continuous predicted race points.,2025,24,Abu Dhabi Grand Prix,2025-12-07,bortoleto,Gabriel Bortoleto,sauber,Sauber,3.341661,10,1.000000,0.000000,11,3.341661,0.549464,0.466667,0.024937
predicted_points,Rank by continuous predicted race points.,2025,24,Abu Dhabi Grand Prix,2025-12-07,hamilton,Lewis Hamilton,ferrari,Ferrari,3.254838,11,0.000000,4.000000,8,3.254838,0.375950,0.280702,0.043123
predicted_points,Rank by continuous predicted race points.,2025,24,Abu Dhabi Grand Prix,2025-12-07,hadjar,Isack Hadjar,rb,RB F1 Team,2.941156,12,0.000000,0.000000,17,2.941156,0.528518,0.466667,0.060790
predicted_points,Rank by continuous predicted race points.,2025,24,Abu Dhabi Grand Prix,2025-12-07,ocon,Esteban Ocon,haas,Haas F1 Team,2.773898,13,0.000000,6.000000,7,2.773898,0.606587,0.638298,0.002149
predicted_points,Rank by continuous predicted race points.,2025,24,Abu Dhabi Grand Prix,2025-12-07,bearman,Oliver Bearman,haas,Haas F1 Team,2.153506,14,0.000000,0.000000,12,2.153506,0.305736,0.280702,0.004153
predicted_points,Rank by continuous predicted race points.,2025,24,Abu Dhabi Grand Prix,2025-12-07,albon,Alexander Albon,williams,Williams,1.505284,15,0.000000,0.000000,16,1.505284,0.336329,0.280702,0.009707
predicted_points,Rank by continuous predicted race points.,2025,24,Abu Dhabi Grand Prix,2025-12-07,lawson,Liam Lawson,rb,RB F1 Team,1.487160,16,0.000000,0.000000,18,1.487160,0.303027,0.280702,0.032651
predicted_points,Rank by continuous predicted race points.,2025,24,Abu Dhabi Grand Prix,2025-12-07,hulkenberg,Nico Hülkenberg,sauber,Sauber,0.812623,17,0.000000,2.000000,9,0.812623,0.128500,0.181818,0.001015
predicted_points,Rank by continuous predicted race points.,2025,24,Abu Dhabi Grand Prix,2025-12-07,stroll,Lance Stroll,aston_martin,Aston Martin,0.426081,18,0.000000,1.000000,10,0.426081,0.349699,0.280702,0.011491
predicted_points,Rank by continuous predicted race points.,2025,24,Abu Dhabi Grand Prix,2025-12-07,gasly,Pierre Gasly,alpine,Alpine F1 Team,0.115811,19,0.000000,0.000000,19,0.115811,0.074867,0.050000,0.006283
predicted_points,Rank by continuous predicted race points.,2025,24,Abu Dhabi Grand Prix,2025-12-07,colapinto,Franco Colapinto,alpine,Alpine F1 Team,0.095128,20,0.000000,0.000000,20,0.095128,0.062445,0.050000,0.001302
top10_probability,Rank by raw Top 10 probability.,2025,1,Australian Grand Prix,2025-03-16,norris,Lando Norris,mclaren,McLaren,0.961243,1,25.000000,25.000000,1,17.452167,0.961243,0.953488,0.955548
top10_probability,Rank by raw Top 10 probability.,2025,1,Australian Grand Prix,2025-03-16,max_verstappen,Max Verstappen,red_bull,Red Bull,0.904619,2,18.000000,18.000000,2,12.236276,0.904619,0.953488,0.920246
top10_probability,Rank by raw Top 10 probability.,2025,1,Australian Grand Prix,2025-03-16,piastri,Oscar Piastri,mclaren,McLaren,0.890570,3,15.000000,2.000000,9,14.444627,0.890570,0.900000,0.913581
top10_probability,Rank by raw Top 10 probability.,2025,1,Australian Grand Prix,2025-03-16,russell,George Russell,mercedes,Mercedes,0.872511,4,12.000000,15.000000,3,12.227821,0.872511,0.900000,0.752621
top10_probability,Rank by raw Top 10 probability.,2025,1,Australian Grand Prix,2025-03-16,leclerc,Charles Leclerc,ferrari,Ferrari,0.779375,5,10.000000,4.000000,8,8.621372,0.779375,0.771429,0.674385
top10_probability,Rank by raw Top 10 probability.,2025,1,Australian Grand Prix,2025-03-16,albon,Alexander Albon,williams,Williams,0.770315,6,8.000000,10.000000,5,4.999692,0.770315,0.771429,0.050035
top10_probability,Rank by raw Top 10 probability.,2025,1,Australian Grand Prix,2025-03-16,hamilton,Lewis Hamilton,ferrari,Ferrari,0.768465,7,6.000000,1.000000,10,7.636886,0.768465,0.771429,0.327989
top10_probability,Rank by raw Top 10 probability.,2025,1,Australian Grand Prix,2025-03-16,tsunoda,Yuki Tsunoda,rb,RB F1 Team,0.759156,8,4.000000,0.000000,12,6.504435,0.759156,0.771429,0.203369
top10_probability,Rank by raw Top 10 probability.,2025,1,Australian Grand Prix,2025-03-16,gasly,Pierre Gasly,alpine,Alpine F1 Team,0.713121,9,2.000000,0.000000,11,3.111780,0.713121,0.771429,0.122064
top10_probability,Rank by raw Top 10 probability.,2025,1,Australian Grand Prix,2025-03-16,hadjar,Isack Hadjar,rb,RB F1 Team,0.628194,10,1.000000,0.000000,20,1.875740,0.628194,0.673913,0.034258
top10_probability,Rank by raw Top 10 probability.,2025,1,Australian Grand Prix,2025-03-16,sainz,Carlos Sainz,williams,Williams,0.615835,11,0.000000,0.000000,18,4.272235,0.615835,0.673913,0.061788
top10_probability,Rank by raw Top 10 probability.,2025,1,Australian Grand Prix,2025-03-16,stroll,Lance Stroll,aston_martin,Aston Martin,0.545328,12,0.000000,8.000000,6,1.098076,0.545328,0.416667,0.010779
top10_probability,Rank by raw Top 10 probability.,2025,1,Australian Grand Prix,2025-03-16,doohan,Jack Doohan,alpine,Alpine F1 Team,0.489098,13,0.000000,0.000000,19,1.038376,0.489098,0.333333,0.019788
top10_probability,Rank by raw Top 10 probability.,2025,1,Australian Grand Prix,2025-03-16,alonso,Fernando Alonso,aston_martin,Aston Martin,0.484736,14,0.000000,0.000000,17,3.157626,0.484736,0.333333,0.040631
top10_probability,Rank by raw Top 10 probability.,2025,1,Australian Grand Prix,2025-03-16,bortoleto,Gabriel Bortoleto,sauber,Sauber,0.457600,15,0.000000,0.000000,16,0.685593,0.457600,0.333333,0.014756
top10_probability,Rank by raw Top 10 probability.,2025,1,Australian Grand Prix,2025-03-16,antonelli,Andrea Kimi Antonelli,mercedes,Mercedes,0.430218,16,0.000000,12.000000,4,2.314336,0.430218,0.333333,0.052565
top10_probability,Rank by raw Top 10 probability.,2025,1,Australian Grand Prix,2025-03-16,hulkenberg,Nico Hülkenberg,sauber,Sauber,0.317032,17,0.000000,6.000000,7,1.097610,0.317032,0.283333,0.002696
top10_probability,Rank by raw Top 10 probability.,2025,1,Australian Grand Prix,2025-03-16,lawson,Liam Lawson,red_bull,Red Bull,0.301937,18,0.000000,0.000000,15,1.950797,0.301937,0.283333,0.029344
top10_probability,Rank by raw Top 10 probability.,2025,1,Australian Grand Prix,2025-03-16,ocon,Esteban Ocon,haas,Haas F1 Team,0.289782,19,0.000000,0.000000,13,1.366289,0.289782,0.162791,0.008073
top10_probability,Rank by raw Top 10 probability.,2025,1,Australian Grand Prix,2025-03-16,bearman,Oliver Bearman,haas,Haas F1 Team,0.261959,20,0.000000,0.000000,14,1.097607,0.261959,0.162791,0.007219
top10_probability,Rank by raw Top 10 probability.,2025,2,Chinese Grand Prix,2025-03-23,norris,Lando Norris,mclaren,McLaren,0.953479,1,25.000000,18.000000,2,12.844645,0.953479,0.954545,0.887758
top10_probability,Rank by raw Top 10 probability.,2025,2,Chinese Grand Prix,2025-03-23,russell,George Russell,mercedes,Mercedes,0.877217,2,18.000000,15.000000,3,14.534163,0.877217,0.911765,0.914088
top10_probability,Rank by raw Top 10 probability.,2025,2,Chinese Grand Prix,2025-03-23,piastri,Oscar Piastri,mclaren,McLaren,0.867501,3,15.000000,25.000000,1,16.136247,0.867501,0.911765,0.929660
top10_probability,Rank by raw Top 10 probability.,2025,2,Chinese Grand Prix,2025-03-23,max_verstappen,Max Verstappen,red_bull,Red Bull,0.848266,4,12.000000,12.000000,4,12.933127,0.848266,0.911765,0.893755
top10_probability,Rank by raw Top 10 probability.,2025,2,Chinese Grand Prix,2025-03-23,leclerc,Charles Leclerc,ferrari,Ferrari,0.818868,5,10.000000,0.000000,18,7.252501,0.818868,0.911765,0.579255
top10_probability,Rank by raw Top 10 probability.,2025,2,Chinese Grand Prix,2025-03-23,hamilton,Lewis Hamilton,ferrari,Ferrari,0.758921,6,8.000000,0.000000,19,7.258710,0.758921,0.763158,0.336070
top10_probability,Rank by raw Top 10 probability.,2025,2,Chinese Grand Prix,2025-03-23,antonelli,Andrea Kimi Antonelli,mercedes,Mercedes,0.710544,7,6.000000,8.000000,6,6.061545,0.710544,0.763158,0.400079
top10_probability,Rank by raw Top 10 probability.,2025,2,Chinese Grand Prix,2025-03-23,albon,Alexander Albon,williams,Williams,0.669315,8,4.000000,6.000000,7,3.000789,0.669315,0.638298,0.022181
top10_probability,Rank by raw Top 10 probability.,2025,2,Chinese Grand Prix,2025-03-23,ocon,Esteban Ocon,haas,Haas F1 Team,0.538081,9,2.000000,10.000000,5,1.399244,0.538081,0.416667,0.007646
top10_probability,Rank by raw Top 10 probability.,2025,2,Chinese Grand Prix,2025-03-23,hulkenberg,Nico Hülkenberg,sauber,Sauber,0.499716,10,1.000000,0.000000,15,1.651657,0.499716,0.342857,0.002890
top10_probability,Rank by raw Top 10 probability.,2025,2,Chinese Grand Prix,2025-03-23,hadjar,Isack Hadjar,rb,RB F1 Team,0.470432,11,0.000000,0.000000,11,3.195863,0.470432,0.342857,0.071610
top10_probability,Rank by raw Top 10 probability.,2025,2,Chinese Grand Prix,2025-03-23,stroll,Lance Stroll,aston_martin,Aston Martin,0.459723,12,0.000000,2.000000,9,1.054047,0.459723,0.342857,0.030013
top10_probability,Rank by raw Top 10 probability.,2025,2,Chinese Grand Prix,2025-03-23,alonso,Fernando Alonso,aston_martin,Aston Martin,0.444776,13,0.000000,0.000000,17,1.512556,0.444776,0.342857,0.007365
top10_probability,Rank by raw Top 10 probability.,2025,2,Chinese Grand Prix,2025-03-23,tsunoda,Yuki Tsunoda,rb,RB F1 Team,0.413460,14,0.000000,0.000000,16,1.853909,0.413460,0.342857,0.017148
top10_probability,Rank by raw Top 10 probability.,2025,2,Chinese Grand Prix,2025-03-23,sainz,Carlos Sainz,williams,Williams,0.370823,15,0.000000,1.000000,10,2.046031,0.370823,0.283333,0.032415
top10_probability,Rank by raw Top 10 probability.,2025,2,Chinese Grand Prix,2025-03-23,gasly,Pierre Gasly,alpine,Alpine F1 Team,0.339391,16,0.000000,0.000000,20,0.735946,0.339391,0.283333,0.094790
top10_probability,Rank by raw Top 10 probability.,2025,2,Chinese Grand Prix,2025-03-23,lawson,Liam Lawson,red_bull,Red Bull,0.167736,17,0.000000,0.000000,12,2.390656,0.167736,0.192308,0.090201
top10_probability,Rank by raw Top 10 probability.,2025,2,Chinese Grand Prix,2025-03-23,doohan,Jack Doohan,alpine,Alpine F1 Team,0.164224,18,0.000000,0.000000,13,0.381700,0.164224,0.192308,0.011046
top10_probability,Rank by raw Top 10 probability.,2025,2,Chinese Grand Prix,2025-03-23,bortoleto,Gabriel Bortoleto,sauber,Sauber,0.116011,19,0.000000,0.000000,14,0.284448,0.116011,0.192308,0.010344
top10_probability,Rank by raw Top 10 probability.,2025,2,Chinese Grand Prix,2025-03-23,bearman,Oliver Bearman,haas,Haas F1 Team,0.100678,20,0.000000,4.000000,8,0.302419,0.100678,0.192308,0.004725
top10_probability,Rank by raw Top 10 probability.,2025,3,Japanese Grand Prix,2025-04-06,norris,Lando Norris,mclaren,McLaren,0.968872,1,25.000000,18.000000,2,17.959505,0.968872,0.953488,0.951862
top10_probability,Rank by raw Top 10 probability.,2025,3,Japanese Grand Prix,2025-04-06,max_verstappen,Max Verstappen,red_bull,Red Bull,0.925928,2,18.000000,25.000000,1,17.353016,0.925928,0.953488,0.944238
top10_probability,Rank by raw Top 10 probability.,2025,3,Japanese Grand Prix,2025-04-06,piastri,Oscar Piastri,mclaren,McLaren,0.881328,3,15.000000,15.000000,3,12.566317,0.881328,0.897059,0.875531
top10_probability,Rank by raw Top 10 probability.,2025,3,Japanese Grand Prix,2025-04-06,leclerc,Charles Leclerc,ferrari,Ferrari,0.848266,4,12.000000,12.000000,4,8.120075,0.848266,0.897059,0.261079
top10_probability,Rank by raw Top 10 probability.,2025,3,Japanese Grand Prix,2025-04-06,russell,George Russell,mercedes,Mercedes,0.826982,5,10.000000,10.000000,5,11.159004,0.826982,0.897059,0.779366
top10_probability,Rank by raw Top 10 probability.,2025,3,Japanese Grand Prix,2025-04-06,antonelli,Andrea Kimi Antonelli,mercedes,Mercedes,0.809722,6,8.000000,8.000000,6,8.325229,0.809722,0.897059,0.465560
top10_probability,Rank by raw Top 10 probability.,2025,3,Japanese Grand Prix,2025-04-06,albon,Alexander Albon,williams,Williams,0.678540,7,6.000000,2.000000,9,3.401040,0.678540,0.622222,0.016340
top10_probability,Rank by raw Top 10 probability.,2025,3,Japanese Grand Prix,2025-04-06,hamilton,Lewis Hamilton,ferrari,Ferrari,0.643382,8,4.000000,6.000000,7,4.202586,0.643382,0.622222,0.112948
top10_probability,Rank by raw Top 10 probability.,2025,3,Japanese Grand Prix,2025-04-06,hadjar,Isack Hadjar,rb,RB F1 Team,0.619597,9,2.000000,4.000000,8,3.141904,0.619597,0.622222,0.051050
top10_probability,Rank by raw Top 10 probability.,2025,3,Japanese Grand Prix,2025-04-06,gasly,Pierre Gasly,alpine,Alpine F1 Team,0.515396,10,1.000000,0.000000,13,1.679025,0.515396,0.437500,0.057425
top10_probability,Rank by raw Top 10 probability.,2025,3,Japanese Grand Prix,2025-04-06,sainz,Carlos Sainz,williams,Williams,0.478598,11,0.000000,0.000000,14,2.204477,0.478598,0.333333,0.016013
top10_probability,Rank by raw Top 10 probability.,2025,3,Japanese Grand Prix,2025-04-06,bearman,Oliver Bearman,haas,Haas F1 Team,0.372175,12,0.000000,1.000000,10,2.359884,0.372175,0.293103,0.019886
top10_probability,Rank by raw Top 10 probability.,2025,3,Japanese Grand Prix,2025-04-06,hulkenberg,Nico Hülkenberg,sauber,Sauber,0.360956,13,0.000000,0.000000,16,0.695411,0.360956,0.293103,0.002292
top10_probability,Rank by raw Top 10 probability.,2025,3,Japanese Grand Prix,2025-04-06,alonso,Fernando Alonso,aston_martin,Aston Martin,0.357970,14,0.000000,0.000000,11,1.524399,0.357970,0.293103,0.012460
top10_probability,Rank by raw Top 10 probability.,2025,3,Japanese Grand Prix,2025-04-06,ocon,Esteban Ocon,haas,Haas F1 Team,0.326456,15,0.000000,0.000000,18,1.026010,0.326456,0.293103,0.009671
top10_probability,Rank by raw Top 10 probability.,2025,3,Japanese Grand Prix,2025-04-06,tsunoda,Yuki Tsunoda,red_bull,Red Bull,0.298737,16,0.000000,0.000000,12,2.090967,0.298737,0.166667,0.049844
top10_probability,Rank by raw Top 10 probability.,2025,3,Japanese Grand Prix,2025-04-06,stroll,Lance Stroll,aston_martin,Aston Martin,0.232865,17,0.000000,0.000000,20,0.862638,0.232865,0.166667,0.019831
top10_probability,Rank by raw Top 10 probability.,2025,3,Japanese Grand Prix,2025-04-06,bortoleto,Gabriel Bortoleto,sauber,Sauber,0.212067,18,0.000000,0.000000,19,0.320206,0.212067,0.166667,0.011509
top10_probability,Rank by raw Top 10 probability.,2025,3,Japanese Grand Prix,2025-04-06,lawson,Liam Lawson,rb,RB F1 Team,0.182511,19,0.000000,0.000000,17,0.388125,0.182511,0.203704,0.009927
top10_probability,Rank by raw Top 10 probability.,2025,3,Japanese Grand Prix,2025-04-06,doohan,Jack Doohan,alpine,Alpine F1 Team,0.116452,20,0.000000,0.000000,15,0.214049,0.116452,0.203704,0.006775
top10_probability,Rank by raw Top 10 probability.,2025,4,Bahrain Grand Prix,2025-04-13,piastri,Oscar Piastri,mclaren,McLaren,0.929058,1,25.000000,25.000000,1,16.873259,0.929058,0.953488,0.945908
top10_probability,Rank by raw Top 10 probability.,2025,4,Bahrain Grand Prix,2025-04-13,norris,Lando Norris,mclaren,McLaren,0.925403,2,18.000000,15.000000,3,11.421576,0.925403,0.953488,0.806592
top10_probability,Rank by raw Top 10 probability.,2025,4,Bahrain Grand Prix,2025-04-13,russell,George Russell,mercedes,Mercedes,0.871961,3,15.000000,18.000000,2,14.168480,0.871961,0.913043,0.885089
top10_probability,Rank by raw Top 10 probability.,2025,4,Bahrain Grand Prix,2025-04-13,leclerc,Charles Leclerc,ferrari,Ferrari,0.862614,4,12.000000,12.000000,4,10.385719,0.862614,0.913043,0.763089
top10_probability,Rank by raw Top 10 probability.,2025,4,Bahrain Grand Prix,2025-04-13,antonelli,Andrea Kimi Antonelli,mercedes,Mercedes,0.841942,5,10.000000,0.000000,11,10.495567,0.841942,0.913043,0.683185
top10_probability,Rank by raw Top 10 probability.,2025,4,Bahrain Grand Prix,2025-04-13,max_verstappen,Max Verstappen,red_bull,Red Bull,0.779375,6,8.000000,8.000000,6,9.475265,0.779375,0.736842,0.533245
top10_probability,Rank by raw Top 10 probability.,2025,4,Bahrain Grand Prix,2025-04-13,gasly,Pierre Gasly,alpine,Alpine F1 Team,0.709218,7,6.000000,6.000000,7,5.091889,0.709218,0.736842,0.135804
top10_probability,Rank by raw Top 10 probability.,2025,4,Bahrain Grand Prix,2025-04-13,hamilton,Lewis Hamilton,ferrari,Ferrari,0.614623,8,4.000000,10.000000,5,4.376820,0.614623,0.638298,0.180979
top10_probability,Rank by raw Top 10 probability.,2025,4,Bahrain Grand Prix,2025-04-13,sainz,Carlos Sainz,williams,Williams,0.599442,9,2.000000,0.000000,19,3.070405,0.599442,0.437500,0.068497
top10_probability,Rank by raw Top 10 probability.,2025,4,Bahrain Grand Prix,2025-04-13,doohan,Jack Doohan,alpine,Alpine F1 Team,0.498322,10,1.000000,0.000000,14,1.253505,0.498322,0.305556,0.019739
top10_probability,Rank by raw Top 10 probability.,2025,4,Bahrain Grand Prix,2025-04-13,tsunoda,Yuki Tsunoda,red_bull,Red Bull,0.457411,11,0.000000,2.000000,9,4.162678,0.457411,0.305556,0.101206
top10_probability,Rank by raw Top 10 probability.,2025,4,Bahrain Grand Prix,2025-04-13,albon,Alexander Albon,williams,Williams,0.424592,12,0.000000,0.000000,12,1.298985,0.424592,0.305556,0.010799
top10_probability,Rank by raw Top 10 probability.,2025,4,Bahrain Grand Prix,2025-04-13,ocon,Esteban Ocon,haas,Haas F1 Team,0.415776,13,0.000000,4.000000,8,0.900779,0.415776,0.305556,0.011105
top10_probability,Rank by raw Top 10 probability.,2025,4,Bahrain Grand Prix,2025-04-13,alonso,Fernando Alonso,aston_martin,Aston Martin,0.347180,14,0.000000,0.000000,15,0.958403,0.347180,0.300000,0.005149
top10_probability,Rank by raw Top 10 probability.,2025,4,Bahrain Grand Prix,2025-04-13,hulkenberg,Nico Hülkenberg,sauber,Sauber,0.336327,15,0.000000,0.000000,20,0.586912,0.336327,0.300000,0.001711
top10_probability,Rank by raw Top 10 probability.,2025,4,Bahrain Grand Prix,2025-04-13,hadjar,Isack Hadjar,rb,RB F1 Team,0.250408,16,0.000000,0.000000,13,1.349278,0.250408,0.159091,0.049703
top10_probability,Rank by raw Top 10 probability.,2025,4,Bahrain Grand Prix,2025-04-13,stroll,Lance Stroll,aston_martin,Aston Martin,0.195526,17,0.000000,0.000000,17,0.671075,0.195526,0.192308,0.014248
top10_probability,Rank by raw Top 10 probability.,2025,4,Bahrain Grand Prix,2025-04-13,bearman,Oliver Bearman,haas,Haas F1 Team,0.143632,18,0.000000,1.000000,10,0.761882,0.143632,0.192308,0.005630
top10_probability,Rank by raw Top 10 probability.,2025,4,Bahrain Grand Prix,2025-04-13,lawson,Liam Lawson,rb,RB F1 Team,0.129603,19,0.000000,0.000000,16,0.275057,0.129603,0.192308,0.010825
top10_probability,Rank by raw Top 10 probability.,2025,4,Bahrain Grand Prix,2025-04-13,bortoleto,Gabriel Bortoleto,sauber,Sauber,0.129201,20,0.000000,0.000000,18,0.258244,0.129201,0.192308,0.002547
top10_probability,Rank by raw Top 10 probability.,2025,5,Saudi Arabian Grand Prix,2025-04-20,piastri,Oscar Piastri,mclaren,McLaren,0.937574,1,25.000000,25.000000,1,18.003469,0.937574,0.954545,0.961887
top10_probability,Rank by raw Top 10 probability.,2025,5,Saudi Arabian Grand Prix,2025-04-20,max_verstappen,Max Verstappen,red_bull,Red Bull,0.881798,2,18.000000,18.000000,2,17.405625,0.881798,0.898551,0.950721
top10_probability,Rank by raw Top 10 probability.,2025,5,Saudi Arabian Grand Prix,2025-04-20,russell,George Russell,mercedes,Mercedes,0.857430,3,15.000000,10.000000,5,13.197236,0.857430,0.898551,0.873738
top10_probability,Rank by raw Top 10 probability.,2025,5,Saudi Arabian Grand Prix,2025-04-20,leclerc,Charles Leclerc,ferrari,Ferrari,0.848266,4,12.000000,15.000000,3,9.583969,0.848266,0.898551,0.625444
top10_probability,Rank by raw Top 10 probability.,2025,5,Saudi Arabian Grand Prix,2025-04-20,norris,Lando Norris,mclaren,McLaren,0.781691,5,10.000000,12.000000,4,7.744085,0.781691,0.729730,0.659533
top10_probability,Rank by raw Top 10 probability.,2025,5,Saudi Arabian Grand Prix,2025-04-20,antonelli,Andrea Kimi Antonelli,mercedes,Mercedes,0.736941,6,8.000000,8.000000,6,8.992162,0.736941,0.729730,0.621723
top10_probability,Rank by raw Top 10 probability.,2025,5,Saudi Arabian Grand Prix,2025-04-20,hamilton,Lewis Hamilton,ferrari,Ferrari,0.703217,7,6.000000,6.000000,7,5.714309,0.703217,0.729730,0.294794
top10_probability,Rank by raw Top 10 probability.,2025,5,Saudi Arabian Grand Prix,2025-04-20,sainz,Carlos Sainz,williams,Williams,0.660348,8,4.000000,4.000000,8,4.029958,0.660348,0.652174,0.112827
top10_probability,Rank by raw Top 10 probability.,2025,5,Saudi Arabian Grand Prix,2025-04-20,gasly,Pierre Gasly,alpine,Alpine F1 Team,0.619242,9,2.000000,0.000000,20,2.141713,0.619242,0.652174,0.031455
top10_probability,Rank by raw Top 10 probability.,2025,5,Saudi Arabian Grand Prix,2025-04-20,tsunoda,Yuki Tsunoda,red_bull,Red Bull,0.596051,10,1.000000,0.000000,19,4.555793,0.596051,0.425532,0.164035
top10_probability,Rank by raw Top 10 probability.,2025,5,Saudi Arabian Grand Prix,2025-04-20,albon,Alexander Albon,williams,Williams,0.562203,11,0.000000,2.000000,9,2.074941,0.562203,0.425532,0.017064
top10_probability,Rank by raw Top 10 probability.,2025,5,Saudi Arabian Grand Prix,2025-04-20,bearman,Oliver Bearman,haas,Haas F1 Team,0.357412,12,0.000000,0.000000,13,1.137978,0.357412,0.305085,0.024944
top10_probability,Rank by raw Top 10 probability.,2025,5,Saudi Arabian Grand Prix,2025-04-20,stroll,Lance Stroll,aston_martin,Aston Martin,0.352970,13,0.000000,0.000000,16,0.479147,0.352970,0.305085,0.014347
top10_probability,Rank by raw Top 10 probability.,2025,5,Saudi Arabian Grand Prix,2025-04-20,alonso,Fernando Alonso,aston_martin,Aston Martin,0.318641,14,0.000000,0.000000,11,0.903317,0.318641,0.305085,0.002595
top10_probability,Rank by raw Top 10 probability.,2025,5,Saudi Arabian Grand Prix,2025-04-20,ocon,Esteban Ocon,haas,Haas F1 Team,0.292118,15,0.000000,0.000000,14,1.123755,0.292118,0.159091,0.019694
top10_probability,Rank by raw Top 10 probability.,2025,5,Saudi Arabian Grand Prix,2025-04-20,doohan,Jack Doohan,alpine,Alpine F1 Team,0.185413,16,0.000000,0.000000,17,0.241065,0.185413,0.196078,0.006198
top10_probability,Rank by raw Top 10 probability.,2025,5,Saudi Arabian Grand Prix,2025-04-20,hulkenberg,Nico Hülkenberg,sauber,Sauber,0.168180,17,0.000000,0.000000,15,0.197888,0.168180,0.196078,0.000747
top10_probability,Rank by raw Top 10 probability.,2025,5,Saudi Arabian Grand Prix,2025-04-20,lawson,Liam Lawson,rb,RB F1 Team,0.161092,18,0.000000,0.000000,12,1.091514,0.161092,0.196078,0.001462
top10_probability,Rank by raw Top 10 probability.,2025,5,Saudi Arabian Grand Prix,2025-04-20,hadjar,Isack Hadjar,rb,RB F1 Team,0.128926,19,0.000000,1.000000,10,0.504383,0.128926,0.196078,0.005946
top10_probability,Rank by raw Top 10 probability.,2025,5,Saudi Arabian Grand Prix,2025-04-20,bortoleto,Gabriel Bortoleto,sauber,Sauber,0.119587,20,0.000000,0.000000,18,0.080207,0.119587,0.196078,0.001537
top10_probability,Rank by raw Top 10 probability.,2025,6,Miami Grand Prix,2025-05-04,norris,Lando Norris,mclaren,McLaren,0.954522,1,25.000000,18.000000,2,15.959769,0.954522,0.952381,0.938484
top10_probability,Rank by raw Top 10 probability.,2025,6,Miami Grand Prix,2025-05-04,max_verstappen,Max Verstappen,red_bull,Red Bull,0.937716,2,18.000000,12.000000,4,18.369568,0.937716,0.952381,0.917158
top10_probability,Rank by raw Top 10 probability.,2025,6,Miami Grand Prix,2025-05-04,piastri,Oscar Piastri,mclaren,McLaren,0.913460,3,15.000000,25.000000,1,14.842419,0.913460,0.952381,0.907494
top10_probability,Rank by raw Top 10 probability.,2025,6,Miami Grand Prix,2025-05-04,russell,George Russell,mercedes,Mercedes,0.859730,4,12.000000,15.000000,3,9.967729,0.859730,0.900000,0.663489
top10_probability,Rank by raw Top 10 probability.,2025,6,Miami Grand Prix,2025-05-04,antonelli,Andrea Kimi Antonelli,mercedes,Mercedes,0.846677,5,10.000000,8.000000,6,10.475625,0.846677,0.900000,0.825318
top10_probability,Rank by raw Top 10 probability.,2025,6,Miami Grand Prix,2025-05-04,leclerc,Charles Leclerc,ferrari,Ferrari,0.779803,6,8.000000,6.000000,7,7.066853,0.779803,0.743590,0.396362
top10_probability,Rank by raw Top 10 probability.,2025,6,Miami Grand Prix,2025-05-04,sainz,Carlos Sainz,williams,Williams,0.682705,7,6.000000,2.000000,9,4.318857,0.682705,0.630435,0.101081
top10_probability,Rank by raw Top 10 probability.,2025,6,Miami Grand Prix,2025-05-04,albon,Alexander Albon,williams,Williams,0.681540,8,4.000000,10.000000,5,3.712210,0.681540,0.630435,0.070219
top10_probability,Rank by raw Top 10 probability.,2025,6,Miami Grand Prix,2025-05-04,tsunoda,Yuki Tsunoda,red_bull,Red Bull,0.553427,9,2.000000,1.000000,10,4.111316,0.553427,0.404255,0.103581
top10_probability,Rank by raw Top 10 probability.,2025,6,Miami Grand Prix,2025-05-04,hamilton,Lewis Hamilton,ferrari,Ferrari,0.518658,10,1.000000,4.000000,8,4.940308,0.518658,0.404255,0.155909
top10_probability,Rank by raw Top 10 probability.,2025,6,Miami Grand Prix,2025-05-04,ocon,Esteban Ocon,haas,Haas F1 Team,0.455027,11,0.000000,0.000000,12,2.161280,0.455027,0.333333,0.033964
top10_probability,Rank by raw Top 10 probability.,2025,6,Miami Grand Prix,2025-05-04,doohan,Jack Doohan,alpine,Alpine F1 Team,0.346742,12,0.000000,0.000000,20,0.336771,0.346742,0.295082,0.009099
top10_probability,Rank by raw Top 10 probability.,2025,6,Miami Grand Prix,2025-05-04,bortoleto,Gabriel Bortoleto,sauber,Sauber,0.228695,13,0.000000,0.000000,18,0.448609,0.228695,0.162791,0.003032
top10_probability,Rank by raw Top 10 probability.,2025,6,Miami Grand Prix,2025-05-04,hadjar,Isack Hadjar,rb,RB F1 Team,0.207201,14,0.000000,0.000000,11,1.759773,0.207201,0.162791,0.012842
top10_probability,Rank by raw Top 10 probability.,2025,6,Miami Grand Prix,2025-05-04,bearman,Oliver Bearman,haas,Haas F1 Team,0.198443,15,0.000000,0.000000,19,0.602207,0.198443,0.220000,0.008477
top10_probability,Rank by raw Top 10 probability.,2025,6,Miami Grand Prix,2025-05-04,hulkenberg,Nico Hülkenberg,sauber,Sauber,0.192857,16,0.000000,0.000000,14,0.275923,0.192857,0.220000,0.000572
top10_probability,Rank by raw Top 10 probability.,2025,6,Miami Grand Prix,2025-05-04,stroll,Lance Stroll,aston_martin,Aston Martin,0.177556,17,0.000000,0.000000,16,0.323708,0.177556,0.220000,0.006813
top10_probability,Rank by raw Top 10 probability.,2025,6,Miami Grand Prix,2025-05-04,alonso,Fernando Alonso,aston_martin,Aston Martin,0.175347,18,0.000000,0.000000,15,0.627933,0.175347,0.220000,0.008592
top10_probability,Rank by raw Top 10 probability.,2025,6,Miami Grand Prix,2025-05-04,gasly,Pierre Gasly,alpine,Alpine F1 Team,0.164224,19,0.000000,0.000000,13,0.548741,0.164224,0.220000,0.019416
top10_probability,Rank by raw Top 10 probability.,2025,6,Miami Grand Prix,2025-05-04,lawson,Liam Lawson,rb,RB F1 Team,0.106790,20,0.000000,0.000000,17,0.292239,0.106790,0.220000,0.002886
top10_probability,Rank by raw Top 10 probability.,2025,7,Emilia Romagna Grand Prix,2025-05-18,piastri,Oscar Piastri,mclaren,McLaren,0.949714,1,25.000000,15.000000,3,19.294477,0.949714,0.951220,0.966933
top10_probability,Rank by raw Top 10 probability.,2025,7,Emilia Romagna Grand Prix,2025-05-18,norris,Lando Norris,mclaren,McLaren,0.937965,2,18.000000,18.000000,2,12.379548,0.937965,0.951220,0.848976
top10_probability,Rank by raw Top 10 probability.,2025,7,Emilia Romagna Grand Prix,2025-05-18,max_verstappen,Max Verstappen,red_bull,Red Bull,0.912470,3,15.000000,25.000000,1,14.553887,0.912470,0.951220,0.919989
top10_probability,Rank by raw Top 10 probability.,2025,7,Emilia Romagna Grand Prix,2025-05-18,russell,George Russell,mercedes,Mercedes,0.903569,4,12.000000,6.000000,7,12.903680,0.903569,0.951220,0.880829
top10_probability,Rank by raw Top 10 probability.,2025,7,Emilia Romagna Grand Prix,2025-05-18,albon,Alexander Albon,williams,Williams,0.709252,5,10.000000,10.000000,5,4.491432,0.709252,0.736842,0.043975
top10_probability,Rank by raw Top 10 probability.,2025,7,Emilia Romagna Grand Prix,2025-05-18,sainz,Carlos Sainz,williams,Williams,0.707139,6,8.000000,4.000000,8,4.958266,0.707139,0.736842,0.130605
top10_probability,Rank by raw Top 10 probability.,2025,7,Emilia Romagna Grand Prix,2025-05-18,alonso,Fernando Alonso,aston_martin,Aston Martin,0.688756,7,6.000000,0.000000,11,4.733526,0.688756,0.666667,0.103471
top10_probability,Rank by raw Top 10 probability.,2025,7,Emilia Romagna Grand Prix,2025-05-18,stroll,Lance Stroll,aston_martin,Aston Martin,0.637199,8,4.000000,0.000000,15,2.277572,0.637199,0.666667,0.069353
top10_probability,Rank by raw Top 10 probability.,2025,7,Emilia Romagna Grand Prix,2025-05-18,leclerc,Charles Leclerc,ferrari,Ferrari,0.611101,9,2.000000,8.000000,6,5.152344,0.611101,0.666667,0.315676
top10_probability,Rank by raw Top 10 probability.,2025,7,Emilia Romagna Grand Prix,2025-05-18,gasly,Pierre Gasly,alpine,Alpine F1 Team,0.577908,10,1.000000,0.000000,13,1.970146,0.577908,0.413043,0.107290
top10_probability,Rank by raw Top 10 probability.,2025,7,Emilia Romagna Grand Prix,2025-05-18,hadjar,Isack Hadjar,rb,RB F1 Team,0.558637,11,0.000000,2.000000,9,1.817109,0.558637,0.413043,0.010114
top10_probability,Rank by raw Top 10 probability.,2025,7,Emilia Romagna Grand Prix,2025-05-18,hamilton,Lewis Hamilton,ferrari,Ferrari,0.505501,12,0.000000,12.000000,4,4.337107,0.505501,0.413043,0.247286
top10_probability,Rank by raw Top 10 probability.,2025,7,Emilia Romagna Grand Prix,2025-05-18,antonelli,Andrea Kimi Antonelli,mercedes,Mercedes,0.451285,13,0.000000,0.000000,19,3.882088,0.451285,0.333333,0.248822
top10_probability,Rank by raw Top 10 probability.,2025,7,Emilia Romagna Grand Prix,2025-05-18,tsunoda,Yuki Tsunoda,red_bull,Red Bull,0.280440,14,0.000000,1.000000,10,1.957616,0.280440,0.142857,0.014214
top10_probability,Rank by raw Top 10 probability.,2025,7,Emilia Romagna Grand Prix,2025-05-18,bearman,Oliver Bearman,haas,Haas F1 Team,0.209705,15,0.000000,0.000000,17,0.446646,0.209705,0.142857,0.008085
top10_probability,Rank by raw Top 10 probability.,2025,7,Emilia Romagna Grand Prix,2025-05-18,bortoleto,Gabriel Bortoleto,sauber,Sauber,0.201840,16,0.000000,0.000000,18,0.175154,0.201840,0.142857,0.003341
top10_probability,Rank by raw Top 10 probability.,2025,7,Emilia Romagna Grand Prix,2025-05-18,colapinto,Franco Colapinto,alpine,Alpine F1 Team,0.182258,17,0.000000,0.000000,16,0.228679,0.182258,0.207547,0.007442
top10_probability,Rank by raw Top 10 probability.,2025,7,Emilia Romagna Grand Prix,2025-05-18,hulkenberg,Nico Hülkenberg,sauber,Sauber,0.173453,18,0.000000,0.000000,12,0.223751,0.173453,0.207547,0.000944
top10_probability,Rank by raw Top 10 probability.,2025,7,Emilia Romagna Grand Prix,2025-05-18,ocon,Esteban Ocon,haas,Haas F1 Team,0.160949,19,0.000000,0.000000,20,0.636089,0.160949,0.207547,0.006413
top10_probability,Rank by raw Top 10 probability.,2025,7,Emilia Romagna Grand Prix,2025-05-18,lawson,Liam Lawson,rb,RB F1 Team,0.096951,20,0.000000,0.000000,14,0.136288,0.096951,0.047619,0.002736
top10_probability,Rank by raw Top 10 probability.,2025,8,Monaco Grand Prix,2025-05-25,norris,Lando Norris,mclaren,McLaren,0.968978,1,25.000000,25.000000,1,16.710382,0.968978,0.953488,0.944802
top10_probability,Rank by raw Top 10 probability.,2025,8,Monaco Grand Prix,2025-05-25,piastri,Oscar Piastri,mclaren,McLaren,0.925834,2,18.000000,15.000000,3,14.923521,0.925834,0.953488,0.942944
top10_probability,Rank by raw Top 10 probability.,2025,8,Monaco Grand Prix,2025-05-25,leclerc,Charles Leclerc,ferrari,Ferrari,0.877217,3,15.000000,18.000000,2,13.706184,0.877217,0.898551,0.875662
top10_probability,Rank by raw Top 10 probability.,2025,8,Monaco Grand Prix,2025-05-25,max_verstappen,Max Verstappen,red_bull,Red Bull,0.835499,4,12.000000,12.000000,4,11.882826,0.835499,0.898551,0.804182
top10_probability,Rank by raw Top 10 probability.,2025,8,Monaco Grand Prix,2025-05-25,hamilton,Lewis Hamilton,ferrari,Ferrari,0.806804,5,10.000000,10.000000,5,9.428729,0.806804,0.898551,0.463131
top10_probability,Rank by raw Top 10 probability.,2025,8,Monaco Grand Prix,2025-05-25,hadjar,Isack Hadjar,rb,RB F1 Team,0.698697,6,8.000000,8.000000,6,4.290340,0.698697,0.636364,0.100383
top10_probability,Rank by raw Top 10 probability.,2025,8,Monaco Grand Prix,2025-05-25,ocon,Esteban Ocon,haas,Haas F1 Team,0.642835,7,6.000000,6.000000,7,2.453555,0.642835,0.636364,0.018980
top10_probability,Rank by raw Top 10 probability.,2025,8,Monaco Grand Prix,2025-05-25,alonso,Fernando Alonso,aston_martin,Aston Martin,0.628743,8,4.000000,0.000000,19,3.603007,0.628743,0.636364,0.020366
top10_probability,Rank by raw Top 10 probability.,2025,8,Monaco Grand Prix,2025-05-25,albon,Alexander Albon,williams,Williams,0.619368,9,2.000000,2.000000,9,3.131722,0.619368,0.636364,0.011302
top10_probability,Rank by raw Top 10 probability.,2025,8,Monaco Grand Prix,2025-05-25,russell,George Russell,mercedes,Mercedes,0.556612,10,1.000000,0.000000,11,4.347977,0.556612,0.422222,0.184913
top10_probability,Rank by raw Top 10 probability.,2025,8,Monaco Grand Prix,2025-05-25,lawson,Liam Lawson,rb,RB F1 Team,0.541190,11,0.000000,4.000000,8,1.648219,0.541190,0.422222,0.008114
top10_probability,Rank by raw Top 10 probability.,2025,8,Monaco Grand Prix,2025-05-25,sainz,Carlos Sainz,williams,Williams,0.533140,12,0.000000,1.000000,10,2.556933,0.533140,0.422222,0.026911
top10_probability,Rank by raw Top 10 probability.,2025,8,Monaco Grand Prix,2025-05-25,antonelli,Andrea Kimi Antonelli,mercedes,Mercedes,0.527621,13,0.000000,0.000000,18,3.183406,0.527621,0.422222,0.079894
top10_probability,Rank by raw Top 10 probability.,2025,8,Monaco Grand Prix,2025-05-25,tsunoda,Yuki Tsunoda,red_bull,Red Bull,0.442453,14,0.000000,0.000000,17,3.572100,0.442453,0.342105,0.019587
top10_probability,Rank by raw Top 10 probability.,2025,8,Monaco Grand Prix,2025-05-25,hulkenberg,Nico Hülkenberg,sauber,Sauber,0.426608,15,0.000000,0.000000,16,0.558078,0.426608,0.342105,0.002013
top10_probability,Rank by raw Top 10 probability.,2025,8,Monaco Grand Prix,2025-05-25,bortoleto,Gabriel Bortoleto,sauber,Sauber,0.306340,16,0.000000,0.000000,14,0.075872,0.306340,0.295082,0.003141
top10_probability,Rank by raw Top 10 probability.,2025,8,Monaco Grand Prix,2025-05-25,stroll,Lance Stroll,aston_martin,Aston Martin,0.183221,17,0.000000,0.000000,15,0.174431,0.183221,0.207547,0.005088
top10_probability,Rank by raw Top 10 probability.,2025,8,Monaco Grand Prix,2025-05-25,bearman,Oliver Bearman,haas,Haas F1 Team,0.138487,18,0.000000,0.000000,12,0.250514,0.138487,0.207547,0.002976
top10_probability,Rank by raw Top 10 probability.,2025,8,Monaco Grand Prix,2025-05-25,gasly,Pierre Gasly,alpine,Alpine F1 Team,0.134662,19,0.000000,0.000000,20,0.190431,0.134662,0.207547,0.048881
top10_probability,Rank by raw Top 10 probability.,2025,8,Monaco Grand Prix,2025-05-25,colapinto,Franco Colapinto,alpine,Alpine F1 Team,0.098518,20,0.000000,0.000000,13,0.033846,0.098518,0.047619,0.003891
top10_probability,Rank by raw Top 10 probability.,2025,9,Spanish Grand Prix,2025-06-01,norris,Lando Norris,mclaren,McLaren,0.966777,1,25.000000,18.000000,2,16.890375,0.966777,0.952381,0.966692
top10_probability,Rank by raw Top 10 probability.,2025,9,Spanish Grand Prix,2025-06-01,piastri,Oscar Piastri,mclaren,McLaren,0.940596,2,18.000000,25.000000,1,16.186159,0.940596,0.952381,0.949905
top10_probability,Rank by raw Top 10 probability.,2025,9,Spanish Grand Prix,2025-06-01,max_verstappen,Max Verstappen,red_bull,Red Bull,0.913733,3,15.000000,1.000000,10,13.096909,0.913733,0.952381,0.896135
top10_probability,Rank by raw Top 10 probability.,2025,9,Spanish Grand Prix,2025-06-01,russell,George Russell,mercedes,Mercedes,0.852124,4,12.000000,12.000000,4,10.508159,0.852124,0.900000,0.743629
top10_probability,Rank by raw Top 10 probability.,2025,9,Spanish Grand Prix,2025-06-01,hamilton,Lewis Hamilton,ferrari,Ferrari,0.813380,5,10.000000,8.000000,6,9.195802,0.813380,0.900000,0.570974
top10_probability,Rank by raw Top 10 probability.,2025,9,Spanish Grand Prix,2025-06-01,leclerc,Charles Leclerc,ferrari,Ferrari,0.779375,6,8.000000,15.000000,3,7.427987,0.779375,0.763158,0.352415
top10_probability,Rank by raw Top 10 probability.,2025,9,Spanish Grand Prix,2025-06-01,antonelli,Andrea Kimi Antonelli,mercedes,Mercedes,0.737402,7,6.000000,0.000000,18,7.190023,0.737402,0.763158,0.327612
top10_probability,Rank by raw Top 10 probability.,2025,9,Spanish Grand Prix,2025-06-01,hadjar,Isack Hadjar,rb,RB F1 Team,0.621152,8,4.000000,6.000000,7,2.554962,0.621152,0.630435,0.168076
top10_probability,Rank by raw Top 10 probability.,2025,9,Spanish Grand Prix,2025-06-01,gasly,Pierre Gasly,alpine,Alpine F1 Team,0.619202,9,2.000000,4.000000,8,2.360318,0.619202,0.630435,0.134209
top10_probability,Rank by raw Top 10 probability.,2025,9,Spanish Grand Prix,2025-06-01,albon,Alexander Albon,williams,Williams,0.544249,10,1.000000,0.000000,19,2.975746,0.544249,0.437500,0.067515
top10_probability,Rank by raw Top 10 probability.,2025,9,Spanish Grand Prix,2025-06-01,alonso,Fernando Alonso,aston_martin,Aston Martin,0.415206,11,0.000000,2.000000,9,1.801306,0.415206,0.307692,0.004530
top10_probability,Rank by raw Top 10 probability.,2025,9,Spanish Grand Prix,2025-06-01,ocon,Esteban Ocon,haas,Haas F1 Team,0.310952,12,0.000000,0.000000,16,0.675719,0.310952,0.295082,0.013221
top10_probability,Rank by raw Top 10 probability.,2025,9,Spanish Grand Prix,2025-06-01,sainz,Carlos Sainz,williams,Williams,0.289566,13,0.000000,0.000000,14,1.357365,0.289566,0.175000,0.064428
top10_probability,Rank by raw Top 10 probability.,2025,9,Spanish Grand Prix,2025-06-01,tsunoda,Yuki Tsunoda,red_bull,Red Bull,0.272531,14,0.000000,0.000000,13,2.555537,0.272531,0.175000,0.021314
top10_probability,Rank by raw Top 10 probability.,2025,9,Spanish Grand Prix,2025-06-01,lawson,Liam Lawson,rb,RB F1 Team,0.269318,15,0.000000,0.000000,11,0.829445,0.269318,0.175000,0.036093
top10_probability,Rank by raw Top 10 probability.,2025,9,Spanish Grand Prix,2025-06-01,bortoleto,Gabriel Bortoleto,sauber,Sauber,0.224599,16,0.000000,0.000000,12,0.913503,0.224599,0.175000,0.011104
top10_probability,Rank by raw Top 10 probability.,2025,9,Spanish Grand Prix,2025-06-01,bearman,Oliver Bearman,haas,Haas F1 Team,0.220602,17,0.000000,0.000000,17,0.432872,0.220602,0.175000,0.011549
top10_probability,Rank by raw Top 10 probability.,2025,9,Spanish Grand Prix,2025-06-01,hulkenberg,Nico Hülkenberg,sauber,Sauber,0.157874,18,0.000000,10.000000,5,0.287717,0.157874,0.185185,0.003234
top10_probability,Rank by raw Top 10 probability.,2025,9,Spanish Grand Prix,2025-06-01,colapinto,Franco Colapinto,alpine,Alpine F1 Team,0.107778,19,0.000000,0.000000,15,0.074052,0.107778,0.185185,0.009547
top10_probability,Rank by raw Top 10 probability.,2025,10,Canadian Grand Prix,2025-06-15,piastri,Oscar Piastri,mclaren,McLaren,0.918121,1,25.000000,12.000000,4,13.108704,0.918121,0.953488,0.849969
top10_probability,Rank by raw Top 10 probability.,2025,10,Canadian Grand Prix,2025-06-15,max_verstappen,Max Verstappen,red_bull,Red Bull,0.912470,2,18.000000,18.000000,2,14.545186,0.912470,0.953488,0.914289
top10_probability,Rank by raw Top 10 probability.,2025,10,Canadian Grand Prix,2025-06-15,norris,Lando Norris,mclaren,McLaren,0.898375,3,15.000000,0.000000,18,10.616261,0.898375,0.913043,0.720244
top10_probability,Rank by raw Top 10 probability.,2025,10,Canadian Grand Prix,2025-06-15,russell,George Russell,mercedes,Mercedes,0.896706,4,12.000000,25.000000,1,14.863006,0.896706,0.913043,0.944180
top10_probability,Rank by raw Top 10 probability.,2025,10,Canadian Grand Prix,2025-06-15,hamilton,Lewis Hamilton,ferrari,Ferrari,0.820253,5,10.000000,8.000000,6,10.011489,0.820253,0.913043,0.666663
top10_probability,Rank by raw Top 10 probability.,2025,10,Canadian Grand Prix,2025-06-15,antonelli,Andrea Kimi Antonelli,mercedes,Mercedes,0.781210,6,8.000000,15.000000,3,8.939481,0.781210,0.736842,0.682009
top10_probability,Rank by raw Top 10 probability.,2025,10,Canadian Grand Prix,2025-06-15,leclerc,Charles Leclerc,ferrari,Ferrari,0.710544,7,6.000000,10.000000,5,8.029557,0.710544,0.736842,0.406868
top10_probability,Rank by raw Top 10 probability.,2025,10,Canadian Grand Prix,2025-06-15,alonso,Fernando Alonso,aston_martin,Aston Martin,0.650670,8,4.000000,6.000000,7,4.101035,0.650670,0.666667,0.023492
top10_probability,Rank by raw Top 10 probability.,2025,10,Canadian Grand Prix,2025-06-15,hadjar,Isack Hadjar,rb,RB F1 Team,0.638910,9,2.000000,0.000000,16,2.143576,0.638910,0.666667,0.083105
top10_probability,Rank by raw Top 10 probability.,2025,10,Canadian Grand Prix,2025-06-15,albon,Alexander Albon,williams,Williams,0.601978,10,1.000000,0.000000,20,2.946351,0.601978,0.666667,0.033402
top10_probability,Rank by raw Top 10 probability.,2025,10,Canadian Grand Prix,2025-06-15,hulkenberg,Nico Hülkenberg,sauber,Sauber,0.440395,11,0.000000,4.000000,8,1.451817,0.440395,0.315789,0.001873
top10_probability,Rank by raw Top 10 probability.,2025,10,Canadian Grand Prix,2025-06-15,tsunoda,Yuki Tsunoda,red_bull,Red Bull,0.424799,12,0.000000,0.000000,12,2.737647,0.424799,0.315789,0.029503
top10_probability,Rank by raw Top 10 probability.,2025,10,Canadian Grand Prix,2025-06-15,ocon,Esteban Ocon,haas,Haas F1 Team,0.376568,13,0.000000,2.000000,9,0.751376,0.376568,0.266667,0.019378
top10_probability,Rank by raw Top 10 probability.,2025,10,Canadian Grand Prix,2025-06-15,sainz,Carlos Sainz,williams,Williams,0.303282,14,0.000000,1.000000,10,1.295266,0.303282,0.266667,0.030729
top10_probability,Rank by raw Top 10 probability.,2025,10,Canadian Grand Prix,2025-06-15,colapinto,Franco Colapinto,alpine,Alpine F1 Team,0.258280,15,0.000000,0.000000,13,1.397969,0.258280,0.166667,0.006204
top10_probability,Rank by raw Top 10 probability.,2025,10,Canadian Grand Prix,2025-06-15,bearman,Oliver Bearman,haas,Haas F1 Team,0.234385,16,0.000000,0.000000,11,0.586300,0.234385,0.166667,0.003731
top10_probability,Rank by raw Top 10 probability.,2025,10,Canadian Grand Prix,2025-06-15,bortoleto,Gabriel Bortoleto,sauber,Sauber,0.209976,17,0.000000,0.000000,14,0.351605,0.209976,0.166667,0.006683
top10_probability,Rank by raw Top 10 probability.,2025,10,Canadian Grand Prix,2025-06-15,lawson,Liam Lawson,rb,RB F1 Team,0.152750,18,0.000000,0.000000,19,0.628396,0.152750,0.203704,0.032791
top10_probability,Rank by raw Top 10 probability.,2025,10,Canadian Grand Prix,2025-06-15,stroll,Lance Stroll,aston_martin,Aston Martin,0.139418,19,0.000000,0.000000,17,0.345838,0.139418,0.203704,0.010083
top10_probability,Rank by raw Top 10 probability.,2025,10,Canadian Grand Prix,2025-06-15,gasly,Pierre Gasly,alpine,Alpine F1 Team,0.078051,20,0.000000,0.000000,15,0.503911,0.078051,0.047619,0.031275
top10_probability,Rank by raw Top 10 probability.,2025,11,Austrian Grand Prix,2025-06-29,norris,Lando Norris,mclaren,McLaren,0.966464,1,25.000000,25.000000,1,16.238284,0.966464,0.953488,0.941458
top10_probability,Rank by raw Top 10 probability.,2025,11,Austrian Grand Prix,2025-06-29,piastri,Oscar Piastri,mclaren,McLaren,0.915042,2,18.000000,18.000000,2,13.101794,0.915042,0.953488,0.905831
top10_probability,Rank by raw Top 10 probability.,2025,11,Austrian Grand Prix,2025-06-29,leclerc,Charles Leclerc,ferrari,Ferrari,0.872672,3,15.000000,15.000000,3,14.729834,0.872672,0.898551,0.878834
top10_probability,Rank by raw Top 10 probability.,2025,11,Austrian Grand Prix,2025-06-29,russell,George Russell,mercedes,Mercedes,0.857703,4,12.000000,10.000000,5,9.535196,0.857703,0.898551,0.699936
top10_probability,Rank by raw Top 10 probability.,2025,11,Austrian Grand Prix,2025-06-29,hamilton,Lewis Hamilton,ferrari,Ferrari,0.838056,5,10.000000,12.000000,4,10.966931,0.838056,0.898551,0.761329
top10_probability,Rank by raw Top 10 probability.,2025,11,Austrian Grand Prix,2025-06-29,max_verstappen,Max Verstappen,red_bull,Red Bull,0.799858,6,8.000000,0.000000,18,7.707000,0.799858,0.769231,0.222977
top10_probability,Rank by raw Top 10 probability.,2025,11,Austrian Grand Prix,2025-06-29,lawson,Liam Lawson,rb,RB F1 Team,0.663527,7,6.000000,8.000000,6,4.281804,0.663527,0.652174,0.112701
top10_probability,Rank by raw Top 10 probability.,2025,11,Austrian Grand Prix,2025-06-29,antonelli,Andrea Kimi Antonelli,mercedes,Mercedes,0.651032,8,4.000000,0.000000,19,5.304489,0.651032,0.652174,0.304952
top10_probability,Rank by raw Top 10 probability.,2025,11,Austrian Grand Prix,2025-06-29,gasly,Pierre Gasly,alpine,Alpine F1 Team,0.573042,9,2.000000,0.000000,13,1.838851,0.573042,0.425532,0.106316
top10_probability,Rank by raw Top 10 probability.,2025,11,Austrian Grand Prix,2025-06-29,bortoleto,Gabriel Bortoleto,sauber,Sauber,0.560647,10,1.000000,4.000000,8,2.377679,0.560647,0.425532,0.033204
top10_probability,Rank by raw Top 10 probability.,2025,11,Austrian Grand Prix,2025-06-29,albon,Alexander Albon,williams,Williams,0.489099,11,0.000000,0.000000,17,1.841427,0.489099,0.333333,0.017849
top10_probability,Rank by raw Top 10 probability.,2025,11,Austrian Grand Prix,2025-06-29,ocon,Esteban Ocon,haas,Haas F1 Team,0.313089,12,0.000000,1.000000,10,0.683394,0.313089,0.283333,0.006177
top10_probability,Rank by raw Top 10 probability.,2025,11,Austrian Grand Prix,2025-06-29,hadjar,Isack Hadjar,rb,RB F1 Team,0.300102,13,0.000000,0.000000,12,1.159558,0.300102,0.283333,0.034061
top10_probability,Rank by raw Top 10 probability.,2025,11,Austrian Grand Prix,2025-06-29,alonso,Fernando Alonso,aston_martin,Aston Martin,0.276893,14,0.000000,6.000000,7,1.973276,0.276893,0.146341,0.003863
top10_probability,Rank by raw Top 10 probability.,2025,11,Austrian Grand Prix,2025-06-29,tsunoda,Yuki Tsunoda,red_bull,Red Bull,0.267165,15,0.000000,0.000000,16,1.732216,0.267165,0.146341,0.020179
top10_probability,Rank by raw Top 10 probability.,2025,11,Austrian Grand Prix,2025-06-29,sainz,Carlos Sainz,williams,Williams,0.263888,16,0.000000,0.000000,20,0.861475,0.263888,0.146341,0.023381
top10_probability,Rank by raw Top 10 probability.,2025,11,Austrian Grand Prix,2025-06-29,bearman,Oliver Bearman,haas,Haas F1 Team,0.260536,17,0.000000,0.000000,11,0.358241,0.260536,0.146341,0.003632
top10_probability,Rank by raw Top 10 probability.,2025,11,Austrian Grand Prix,2025-06-29,stroll,Lance Stroll,aston_martin,Aston Martin,0.181344,18,0.000000,0.000000,14,0.290656,0.181344,0.188679,0.009703
top10_probability,Rank by raw Top 10 probability.,2025,11,Austrian Grand Prix,2025-06-29,hulkenberg,Nico Hülkenberg,sauber,Sauber,0.138853,19,0.000000,2.000000,9,0.677724,0.138853,0.188679,0.002100
top10_probability,Rank by raw Top 10 probability.,2025,11,Austrian Grand Prix,2025-06-29,colapinto,Franco Colapinto,alpine,Alpine F1 Team,0.113603,20,0.000000,0.000000,15,0.248062,0.113603,0.188679,0.005244
top10_probability,Rank by raw Top 10 probability.,2025,12,British Grand Prix,2025-07-06,norris,Lando Norris,mclaren,McLaren,0.947737,1,25.000000,25.000000,1,12.614586,0.947737,0.952381,0.892274
top10_probability,Rank by raw Top 10 probability.,2025,12,British Grand Prix,2025-07-06,piastri,Oscar Piastri,mclaren,McLaren,0.929615,2,18.000000,18.000000,2,15.213735,0.929615,0.952381,0.936317
top10_probability,Rank by raw Top 10 probability.,2025,12,British Grand Prix,2025-07-06,max_verstappen,Max Verstappen,red_bull,Red Bull,0.906095,3,15.000000,10.000000,5,16.402736,0.906095,0.952381,0.933644
top10_probability,Rank by raw Top 10 probability.,2025,12,British Grand Prix,2025-07-06,russell,George Russell,mercedes,Mercedes,0.835541,4,12.000000,1.000000,10,11.181951,0.835541,0.913043,0.723322
top10_probability,Rank by raw Top 10 probability.,2025,12,British Grand Prix,2025-07-06,leclerc,Charles Leclerc,ferrari,Ferrari,0.818868,5,10.000000,0.000000,14,9.596406,0.818868,0.913043,0.575102
top10_probability,Rank by raw Top 10 probability.,2025,12,British Grand Prix,2025-07-06,hamilton,Lewis Hamilton,ferrari,Ferrari,0.816592,6,8.000000,12.000000,4,10.333887,0.816592,0.913043,0.644777
top10_probability,Rank by raw Top 10 probability.,2025,12,British Grand Prix,2025-07-06,antonelli,Andrea Kimi Antonelli,mercedes,Mercedes,0.768279,7,6.000000,0.000000,16,6.674661,0.768279,0.769231,0.275782
top10_probability,Rank by raw Top 10 probability.,2025,12,British Grand Prix,2025-07-06,alonso,Fernando Alonso,aston_martin,Aston Martin,0.612388,8,4.000000,2.000000,9,3.068161,0.612388,0.638298,0.059072
top10_probability,Rank by raw Top 10 probability.,2025,12,British Grand Prix,2025-07-06,gasly,Pierre Gasly,alpine,Alpine F1 Team,0.558683,9,2.000000,8.000000,6,1.988642,0.558683,0.425532,0.097212
top10_probability,Rank by raw Top 10 probability.,2025,12,British Grand Prix,2025-07-06,sainz,Carlos Sainz,williams,Williams,0.509983,10,1.000000,0.000000,12,2.017317,0.509983,0.425532,0.056714
top10_probability,Rank by raw Top 10 probability.,2025,12,British Grand Prix,2025-07-06,albon,Alexander Albon,williams,Williams,0.403611,11,0.000000,4.000000,8,1.003704,0.403611,0.307692,0.006421
top10_probability,Rank by raw Top 10 probability.,2025,12,British Grand Prix,2025-07-06,ocon,Esteban Ocon,haas,Haas F1 Team,0.385018,12,0.000000,0.000000,13,0.540173,0.385018,0.310345,0.004847
top10_probability,Rank by raw Top 10 probability.,2025,12,British Grand Prix,2025-07-06,bearman,Oliver Bearman,haas,Haas F1 Team,0.347169,13,0.000000,0.000000,11,1.347800,0.347169,0.310345,0.003381
top10_probability,Rank by raw Top 10 probability.,2025,12,British Grand Prix,2025-07-06,tsunoda,Yuki Tsunoda,red_bull,Red Bull,0.346470,14,0.000000,0.000000,15,2.838347,0.346470,0.310345,0.009261
top10_probability,Rank by raw Top 10 probability.,2025,12,British Grand Prix,2025-07-06,hadjar,Isack Hadjar,rb,RB F1 Team,0.329948,15,0.000000,0.000000,17,1.360442,0.329948,0.310345,0.029908
top10_probability,Rank by raw Top 10 probability.,2025,12,British Grand Prix,2025-07-06,lawson,Liam Lawson,rb,RB F1 Team,0.251098,16,0.000000,0.000000,19,0.743583,0.251098,0.159091,0.030876
top10_probability,Rank by raw Top 10 probability.,2025,12,British Grand Prix,2025-07-06,bortoleto,Gabriel Bortoleto,sauber,Sauber,0.189625,17,0.000000,0.000000,18,0.576129,0.189625,0.169811,0.022336
top10_probability,Rank by raw Top 10 probability.,2025,12,British Grand Prix,2025-07-06,hulkenberg,Nico Hülkenberg,sauber,Sauber,0.162581,18,0.000000,15.000000,3,0.951953,0.162581,0.169811,0.004703
top10_probability,Rank by raw Top 10 probability.,2025,12,British Grand Prix,2025-07-06,stroll,Lance Stroll,aston_martin,Aston Martin,0.132395,19,0.000000,6.000000,7,0.369225,0.132395,0.169811,0.016212
top10_probability,Rank by raw Top 10 probability.,2025,12,British Grand Prix,2025-07-06,colapinto,Franco Colapinto,alpine,Alpine F1 Team,0.062445,20,0.000000,0.000000,20,0.217782,0.062445,0.047619,0.006600
top10_probability,Rank by raw Top 10 probability.,2025,13,Belgian Grand Prix,2025-07-27,norris,Lando Norris,mclaren,McLaren,0.969810,1,25.000000,18.000000,2,17.739589,0.969810,0.953488,0.959669
top10_probability,Rank by raw Top 10 probability.,2025,13,Belgian Grand Prix,2025-07-27,piastri,Oscar Piastri,mclaren,McLaren,0.923079,2,18.000000,25.000000,1,16.339358,0.923079,0.953488,0.940574
top10_probability,Rank by raw Top 10 probability.,2025,13,Belgian Grand Prix,2025-07-27,max_verstappen,Max Verstappen,red_bull,Red Bull,0.865908,3,15.000000,12.000000,4,11.252503,0.865908,0.898551,0.815837
top10_probability,Rank by raw Top 10 probability.,2025,13,Belgian Grand Prix,2025-07-27,leclerc,Charles Leclerc,ferrari,Ferrari,0.862614,4,12.000000,15.000000,3,11.770864,0.862614,0.898551,0.767433
top10_probability,Rank by raw Top 10 probability.,2025,13,Belgian Grand Prix,2025-07-27,russell,George Russell,mercedes,Mercedes,0.809560,5,10.000000,10.000000,5,8.643106,0.809560,0.898551,0.454202
top10_probability,Rank by raw Top 10 probability.,2025,13,Belgian Grand Prix,2025-07-27,albon,Alexander Albon,williams,Williams,0.755950,6,8.000000,8.000000,6,5.824244,0.755950,0.743590,0.099778
top10_probability,Rank by raw Top 10 probability.,2025,13,Belgian Grand Prix,2025-07-27,hadjar,Isack Hadjar,rb,RB F1 Team,0.617218,7,6.000000,0.000000,20,2.347712,0.617218,0.673913,0.052219
top10_probability,Rank by raw Top 10 probability.,2025,13,Belgian Grand Prix,2025-07-27,tsunoda,Yuki Tsunoda,red_bull,Red Bull,0.606792,8,4.000000,0.000000,13,4.914723,0.606792,0.673913,0.062419
top10_probability,Rank by raw Top 10 probability.,2025,13,Belgian Grand Prix,2025-07-27,lawson,Liam Lawson,rb,RB F1 Team,0.573662,9,2.000000,4.000000,8,1.927943,0.573662,0.413043,0.031134
top10_probability,Rank by raw Top 10 probability.,2025,13,Belgian Grand Prix,2025-07-27,ocon,Esteban Ocon,haas,Haas F1 Team,0.548013,10,1.000000,0.000000,15,1.562749,0.548013,0.413043,0.013530
top10_probability,Rank by raw Top 10 probability.,2025,13,Belgian Grand Prix,2025-07-27,bortoleto,Gabriel Bortoleto,sauber,Sauber,0.539712,11,0.000000,2.000000,9,1.953203,0.539712,0.413043,0.078555
top10_probability,Rank by raw Top 10 probability.,2025,13,Belgian Grand Prix,2025-07-27,antonelli,Andrea Kimi Antonelli,mercedes,Mercedes,0.468324,12,0.000000,0.000000,16,3.432531,0.468324,0.324324,0.132598
top10_probability,Rank by raw Top 10 probability.,2025,13,Belgian Grand Prix,2025-07-27,gasly,Pierre Gasly,alpine,Alpine F1 Team,0.428331,13,0.000000,1.000000,10,0.851475,0.428331,0.324324,0.081008
top10_probability,Rank by raw Top 10 probability.,2025,13,Belgian Grand Prix,2025-07-27,hulkenberg,Nico Hülkenberg,sauber,Sauber,0.414286,14,0.000000,0.000000,12,1.739537,0.414286,0.324324,0.005598
top10_probability,Rank by raw Top 10 probability.,2025,13,Belgian Grand Prix,2025-07-27,hamilton,Lewis Hamilton,ferrari,Ferrari,0.356974,15,0.000000,6.000000,7,4.964226,0.356974,0.283333,0.335536
top10_probability,Rank by raw Top 10 probability.,2025,13,Belgian Grand Prix,2025-07-27,sainz,Carlos Sainz,williams,Williams,0.328844,16,0.000000,0.000000,18,0.746680,0.328844,0.283333,0.010143
top10_probability,Rank by raw Top 10 probability.,2025,13,Belgian Grand Prix,2025-07-27,bearman,Oliver Bearman,haas,Haas F1 Team,0.271516,17,0.000000,0.000000,11,0.967386,0.271516,0.159091,0.006329
top10_probability,Rank by raw Top 10 probability.,2025,13,Belgian Grand Prix,2025-07-27,alonso,Fernando Alonso,aston_martin,Aston Martin,0.144292,18,0.000000,0.000000,17,1.112779,0.144292,0.203704,0.014850
top10_probability,Rank by raw Top 10 probability.,2025,13,Belgian Grand Prix,2025-07-27,stroll,Lance Stroll,aston_martin,Aston Martin,0.142046,19,0.000000,0.000000,14,0.683023,0.142046,0.203704,0.027927
top10_probability,Rank by raw Top 10 probability.,2025,13,Belgian Grand Prix,2025-07-27,colapinto,Franco Colapinto,alpine,Alpine F1 Team,0.082059,20,0.000000,0.000000,19,0.185484,0.082059,0.047619,0.014151
top10_probability,Rank by raw Top 10 probability.,2025,14,Hungarian Grand Prix,2025-08-03,piastri,Oscar Piastri,mclaren,McLaren,0.933944,1,25.000000,18.000000,2,16.746460,0.933944,0.953488,0.973803
top10_probability,Rank by raw Top 10 probability.,2025,14,Hungarian Grand Prix,2025-08-03,norris,Lando Norris,mclaren,McLaren,0.929150,2,18.000000,25.000000,1,14.999677,0.929150,0.953488,0.955866
top10_probability,Rank by raw Top 10 probability.,2025,14,Hungarian Grand Prix,2025-08-03,leclerc,Charles Leclerc,ferrari,Ferrari,0.890109,3,15.000000,12.000000,4,17.086869,0.890109,0.900000,0.940765
top10_probability,Rank by raw Top 10 probability.,2025,14,Hungarian Grand Prix,2025-08-03,russell,George Russell,mercedes,Mercedes,0.852124,4,12.000000,15.000000,3,9.708172,0.852124,0.900000,0.729132
top10_probability,Rank by raw Top 10 probability.,2025,14,Hungarian Grand Prix,2025-08-03,max_verstappen,Max Verstappen,red_bull,Red Bull,0.754811,5,10.000000,2.000000,9,6.371328,0.754811,0.729730,0.209898
top10_probability,Rank by raw Top 10 probability.,2025,14,Hungarian Grand Prix,2025-08-03,alonso,Fernando Alonso,aston_martin,Aston Martin,0.734256,6,8.000000,10.000000,5,5.665710,0.734256,0.729730,0.138007
top10_probability,Rank by raw Top 10 probability.,2025,14,Hungarian Grand Prix,2025-08-03,stroll,Lance Stroll,aston_martin,Aston Martin,0.713551,7,6.000000,6.000000,7,4.569591,0.713551,0.729730,0.148884
top10_probability,Rank by raw Top 10 probability.,2025,14,Hungarian Grand Prix,2025-08-03,bortoleto,Gabriel Bortoleto,sauber,Sauber,0.629973,8,4.000000,8.000000,6,3.793318,0.629973,0.630435,0.110194
top10_probability,Rank by raw Top 10 probability.,2025,14,Hungarian Grand Prix,2025-08-03,lawson,Liam Lawson,rb,RB F1 Team,0.602448,9,2.000000,4.000000,8,2.264560,0.602448,0.630435,0.080236
top10_probability,Rank by raw Top 10 probability.,2025,14,Hungarian Grand Prix,2025-08-03,hamilton,Lewis Hamilton,ferrari,Ferrari,0.532102,10,1.000000,0.000000,12,6.150836,0.532102,0.437500,0.334784
top10_probability,Rank by raw Top 10 probability.,2025,14,Hungarian Grand Prix,2025-08-03,hadjar,Isack Hadjar,rb,RB F1 Team,0.488688,11,0.000000,0.000000,11,1.650314,0.488688,0.333333,0.052608
top10_probability,Rank by raw Top 10 probability.,2025,14,Hungarian Grand Prix,2025-08-03,antonelli,Andrea Kimi Antonelli,mercedes,Mercedes,0.391414,12,0.000000,1.000000,10,2.211936,0.391414,0.283333,0.090326
top10_probability,Rank by raw Top 10 probability.,2025,14,Hungarian Grand Prix,2025-08-03,sainz,Carlos Sainz,williams,Williams,0.387719,13,0.000000,0.000000,14,1.027276,0.387719,0.283333,0.009266
top10_probability,Rank by raw Top 10 probability.,2025,14,Hungarian Grand Prix,2025-08-03,tsunoda,Yuki Tsunoda,red_bull,Red Bull,0.295198,14,0.000000,0.000000,17,1.583560,0.295198,0.170732,0.008999
top10_probability,Rank by raw Top 10 probability.,2025,14,Hungarian Grand Prix,2025-08-03,albon,Alexander Albon,williams,Williams,0.265349,15,0.000000,0.000000,15,1.315171,0.265349,0.170732,0.028351
top10_probability,Rank by raw Top 10 probability.,2025,14,Hungarian Grand Prix,2025-08-03,bearman,Oliver Bearman,haas,Haas F1 Team,0.253787,16,0.000000,0.000000,20,1.217074,0.253787,0.170732,0.007992
top10_probability,Rank by raw Top 10 probability.,2025,14,Hungarian Grand Prix,2025-08-03,hulkenberg,Nico Hülkenberg,sauber,Sauber,0.227028,17,0.000000,0.000000,13,1.608448,0.227028,0.170732,0.004469
top10_probability,Rank by raw Top 10 probability.,2025,14,Hungarian Grand Prix,2025-08-03,gasly,Pierre Gasly,alpine,Alpine F1 Team,0.184778,18,0.000000,0.000000,19,0.588795,0.184778,0.203704,0.062696
top10_probability,Rank by raw Top 10 probability.,2025,14,Hungarian Grand Prix,2025-08-03,colapinto,Franco Colapinto,alpine,Alpine F1 Team,0.110878,19,0.000000,0.000000,18,0.228201,0.110878,0.203704,0.013770
top10_probability,Rank by raw Top 10 probability.,2025,14,Hungarian Grand Prix,2025-08-03,ocon,Esteban Ocon,haas,Haas F1 Team,0.070156,20,0.000000,0.000000,16,0.306814,0.070156,0.047619,0.007183
top10_probability,Rank by raw Top 10 probability.,2025,15,Dutch Grand Prix,2025-08-31,norris,Lando Norris,mclaren,McLaren,0.968872,1,25.000000,0.000000,18,18.069802,0.968872,0.976744,0.974171
top10_probability,Rank by raw Top 10 probability.,2025,15,Dutch Grand Prix,2025-08-31,piastri,Oscar Piastri,mclaren,McLaren,0.943164,2,18.000000,25.000000,1,19.362183,0.943164,0.976744,0.968870
top10_probability,Rank by raw Top 10 probability.,2025,15,Dutch Grand Prix,2025-08-31,max_verstappen,Max Verstappen,red_bull,Red Bull,0.883079,3,15.000000,18.000000,2,11.577934,0.883079,0.913043,0.817805
top10_probability,Rank by raw Top 10 probability.,2025,15,Dutch Grand Prix,2025-08-31,russell,George Russell,mercedes,Mercedes,0.826631,4,12.000000,12.000000,4,9.124858,0.826631,0.913043,0.739756
top10_probability,Rank by raw Top 10 probability.,2025,15,Dutch Grand Prix,2025-08-31,leclerc,Charles Leclerc,ferrari,Ferrari,0.818868,5,10.000000,0.000000,19,8.543742,0.818868,0.913043,0.429094
top10_probability,Rank by raw Top 10 probability.,2025,15,Dutch Grand Prix,2025-08-31,hamilton,Lewis Hamilton,ferrari,Ferrari,0.738077,6,8.000000,0.000000,20,6.874488,0.738077,0.769231,0.308073
top10_probability,Rank by raw Top 10 probability.,2025,15,Dutch Grand Prix,2025-08-31,hadjar,Isack Hadjar,rb,RB F1 Team,0.613371,7,6.000000,15.000000,3,6.290635,0.613371,0.630435,0.276408
top10_probability,Rank by raw Top 10 probability.,2025,15,Dutch Grand Prix,2025-08-31,alonso,Fernando Alonso,aston_martin,Aston Martin,0.601951,8,4.000000,4.000000,8,2.762619,0.601951,0.630435,0.017918
top10_probability,Rank by raw Top 10 probability.,2025,15,Dutch Grand Prix,2025-08-31,antonelli,Andrea Kimi Antonelli,mercedes,Mercedes,0.567686,9,2.000000,0.000000,16,3.710665,0.567686,0.456522,0.214744
top10_probability,Rank by raw Top 10 probability.,2025,15,Dutch Grand Prix,2025-08-31,sainz,Carlos Sainz,williams,Williams,0.540456,10,1.000000,0.000000,13,2.262104,0.540456,0.456522,0.062588
top10_probability,Rank by raw Top 10 probability.,2025,15,Dutch Grand Prix,2025-08-31,lawson,Liam Lawson,rb,RB F1 Team,0.501088,11,0.000000,0.000000,12,2.544702,0.501088,0.456522,0.053689
top10_probability,Rank by raw Top 10 probability.,2025,15,Dutch Grand Prix,2025-08-31,albon,Alexander Albon,williams,Williams,0.383768,12,0.000000,10.000000,5,1.351487,0.383768,0.293103,0.017414
top10_probability,Rank by raw Top 10 probability.,2025,15,Dutch Grand Prix,2025-08-31,gasly,Pierre Gasly,alpine,Alpine F1 Team,0.369092,13,0.000000,0.000000,17,0.492119,0.369092,0.293103,0.031431
top10_probability,Rank by raw Top 10 probability.,2025,15,Dutch Grand Prix,2025-08-31,bortoleto,Gabriel Bortoleto,sauber,Sauber,0.351140,14,0.000000,0.000000,15,1.224312,0.351140,0.293103,0.135560
top10_probability,Rank by raw Top 10 probability.,2025,15,Dutch Grand Prix,2025-08-31,hulkenberg,Nico Hülkenberg,sauber,Sauber,0.304687,15,0.000000,0.000000,14,1.543305,0.304687,0.293103,0.005316
top10_probability,Rank by raw Top 10 probability.,2025,15,Dutch Grand Prix,2025-08-31,tsunoda,Yuki Tsunoda,red_bull,Red Bull,0.220205,16,0.000000,2.000000,9,2.424307,0.220205,0.136364,0.103735
top10_probability,Rank by raw Top 10 probability.,2025,15,Dutch Grand Prix,2025-08-31,stroll,Lance Stroll,aston_martin,Aston Martin,0.164373,17,0.000000,6.000000,7,0.834671,0.164373,0.166667,0.026306
top10_probability,Rank by raw Top 10 probability.,2025,15,Dutch Grand Prix,2025-08-31,ocon,Esteban Ocon,haas,Haas F1 Team,0.140364,18,0.000000,1.000000,10,0.193753,0.140364,0.166667,0.002527
top10_probability,Rank by raw Top 10 probability.,2025,15,Dutch Grand Prix,2025-08-31,colapinto,Franco Colapinto,alpine,Alpine F1 Team,0.089831,19,0.000000,0.000000,11,0.146605,0.089831,0.000000,0.004131
top10_probability,Rank by raw Top 10 probability.,2025,15,Dutch Grand Prix,2025-08-31,bearman,Oliver Bearman,haas,Haas F1 Team,0.036908,20,0.000000,8.000000,6,0.044017,0.036908,0.000000,0.000719
top10_probability,Rank by raw Top 10 probability.,2025,16,Italian Grand Prix,2025-09-07,norris,Lando Norris,mclaren,McLaren,0.957961,1,25.000000,18.000000,2,15.745578,0.957961,0.954545,0.939271
top10_probability,Rank by raw Top 10 probability.,2025,16,Italian Grand Prix,2025-09-07,max_verstappen,Max Verstappen,red_bull,Red Bull,0.891114,2,18.000000,25.000000,1,15.570943,0.891114,0.897059,0.933124
top10_probability,Rank by raw Top 10 probability.,2025,16,Italian Grand Prix,2025-09-07,piastri,Oscar Piastri,mclaren,McLaren,0.851857,3,15.000000,15.000000,3,15.848875,0.851857,0.897059,0.959340
top10_probability,Rank by raw Top 10 probability.,2025,16,Italian Grand Prix,2025-09-07,leclerc,Charles Leclerc,ferrari,Ferrari,0.848266,4,12.000000,12.000000,4,10.867982,0.848266,0.897059,0.646756
top10_probability,Rank by raw Top 10 probability.,2025,16,Italian Grand Prix,2025-09-07,russell,George Russell,mercedes,Mercedes,0.818868,5,10.000000,10.000000,5,8.271818,0.818868,0.897059,0.514207
top10_probability,Rank by raw Top 10 probability.,2025,16,Italian Grand Prix,2025-09-07,hamilton,Lewis Hamilton,ferrari,Ferrari,0.784618,6,8.000000,8.000000,6,8.658724,0.784618,0.736842,0.683809
top10_probability,Rank by raw Top 10 probability.,2025,16,Italian Grand Prix,2025-09-07,antonelli,Andrea Kimi Antonelli,mercedes,Mercedes,0.779375,7,6.000000,2.000000,9,6.173719,0.779375,0.736842,0.391244
top10_probability,Rank by raw Top 10 probability.,2025,16,Italian Grand Prix,2025-09-07,alonso,Fernando Alonso,aston_martin,Aston Martin,0.621471,8,4.000000,0.000000,19,3.288475,0.621471,0.652174,0.023686
top10_probability,Rank by raw Top 10 probability.,2025,16,Italian Grand Prix,2025-09-07,bortoleto,Gabriel Bortoleto,sauber,Sauber,0.620543,9,2.000000,4.000000,8,2.760316,0.620543,0.652174,0.054787
top10_probability,Rank by raw Top 10 probability.,2025,16,Italian Grand Prix,2025-09-07,tsunoda,Yuki Tsunoda,red_bull,Red Bull,0.530203,10,1.000000,0.000000,13,3.366339,0.530203,0.446809,0.032191
top10_probability,Rank by raw Top 10 probability.,2025,16,Italian Grand Prix,2025-09-07,hulkenberg,Nico Hülkenberg,sauber,Sauber,0.500316,11,0.000000,0.000000,20,1.556941,0.500316,0.446809,0.004287
top10_probability,Rank by raw Top 10 probability.,2025,16,Italian Grand Prix,2025-09-07,albon,Alexander Albon,williams,Williams,0.428622,12,0.000000,6.000000,7,1.687775,0.428622,0.307692,0.038263
top10_probability,Rank by raw Top 10 probability.,2025,16,Italian Grand Prix,2025-09-07,sainz,Carlos Sainz,williams,Williams,0.376255,13,0.000000,0.000000,11,1.077270,0.376255,0.288136,0.027963
top10_probability,Rank by raw Top 10 probability.,2025,16,Italian Grand Prix,2025-09-07,ocon,Esteban Ocon,haas,Haas F1 Team,0.353440,14,0.000000,0.000000,15,0.373765,0.353440,0.288136,0.024715
top10_probability,Rank by raw Top 10 probability.,2025,16,Italian Grand Prix,2025-09-07,hadjar,Isack Hadjar,rb,RB F1 Team,0.347747,15,0.000000,1.000000,10,1.429319,0.347747,0.288136,0.041156
top10_probability,Rank by raw Top 10 probability.,2025,16,Italian Grand Prix,2025-09-07,stroll,Lance Stroll,aston_martin,Aston Martin,0.284848,16,0.000000,0.000000,18,1.034205,0.284848,0.162791,0.041509
top10_probability,Rank by raw Top 10 probability.,2025,16,Italian Grand Prix,2025-09-07,bearman,Oliver Bearman,haas,Haas F1 Team,0.236302,17,0.000000,0.000000,12,1.619916,0.236302,0.162791,0.008079
top10_probability,Rank by raw Top 10 probability.,2025,16,Italian Grand Prix,2025-09-07,lawson,Liam Lawson,rb,RB F1 Team,0.151781,18,0.000000,0.000000,14,0.962961,0.151781,0.200000,0.044538
top10_probability,Rank by raw Top 10 probability.,2025,16,Italian Grand Prix,2025-09-07,gasly,Pierre Gasly,alpine,Alpine F1 Team,0.081105,19,0.000000,0.000000,16,0.154894,0.081105,0.050000,0.029836
top10_probability,Rank by raw Top 10 probability.,2025,16,Italian Grand Prix,2025-09-07,colapinto,Franco Colapinto,alpine,Alpine F1 Team,0.075071,20,0.000000,0.000000,17,0.085988,0.075071,0.050000,0.019253
top10_probability,Rank by raw Top 10 probability.,2025,17,Azerbaijan Grand Prix,2025-09-21,max_verstappen,Max Verstappen,red_bull,Red Bull,0.891114,1,25.000000,25.000000,1,17.322709,0.891114,0.897059,0.903601
top10_probability,Rank by raw Top 10 probability.,2025,17,Azerbaijan Grand Prix,2025-09-21,norris,Lando Norris,mclaren,McLaren,0.873778,2,18.000000,6.000000,7,10.822299,0.873778,0.897059,0.745469
top10_probability,Rank by raw Top 10 probability.,2025,17,Azerbaijan Grand Prix,2025-09-21,antonelli,Andrea Kimi Antonelli,mercedes,Mercedes,0.848266,3,15.000000,12.000000,4,9.209748,0.848266,0.897059,0.595469
top10_probability,Rank by raw Top 10 probability.,2025,17,Azerbaijan Grand Prix,2025-09-21,russell,George Russell,mercedes,Mercedes,0.835499,4,12.000000,18.000000,2,8.827047,0.835499,0.897059,0.702841
top10_probability,Rank by raw Top 10 probability.,2025,17,Azerbaijan Grand Prix,2025-09-21,sainz,Carlos Sainz,williams,Williams,0.780532,5,10.000000,15.000000,3,8.877428,0.780532,0.756757,0.369684
top10_probability,Rank by raw Top 10 probability.,2025,17,Azerbaijan Grand Prix,2025-09-21,lawson,Liam Lawson,rb,RB F1 Team,0.758427,6,8.000000,10.000000,5,7.126227,0.758427,0.756757,0.544838
top10_probability,Rank by raw Top 10 probability.,2025,17,Azerbaijan Grand Prix,2025-09-21,piastri,Oscar Piastri,mclaren,McLaren,0.712281,7,6.000000,0.000000,20,9.190452,0.712281,0.756757,0.620421
top10_probability,Rank by raw Top 10 probability.,2025,17,Azerbaijan Grand Prix,2025-09-21,leclerc,Charles Leclerc,ferrari,Ferrari,0.663057,8,4.000000,2.000000,9,4.999680,0.663057,0.622222,0.136359
top10_probability,Rank by raw Top 10 probability.,2025,17,Azerbaijan Grand Prix,2025-09-21,tsunoda,Yuki Tsunoda,red_bull,Red Bull,0.650371,9,2.000000,8.000000,6,6.380187,0.650371,0.622222,0.108090
top10_probability,Rank by raw Top 10 probability.,2025,17,Azerbaijan Grand Prix,2025-09-21,hadjar,Isack Hadjar,rb,RB F1 Team,0.611048,10,1.000000,1.000000,10,3.663341,0.611048,0.622222,0.076028
top10_probability,Rank by raw Top 10 probability.,2025,17,Azerbaijan Grand Prix,2025-09-21,alonso,Fernando Alonso,aston_martin,Aston Martin,0.528071,11,0.000000,0.000000,15,2.799593,0.528071,0.425532,0.050839
top10_probability,Rank by raw Top 10 probability.,2025,17,Azerbaijan Grand Prix,2025-09-21,hamilton,Lewis Hamilton,ferrari,Ferrari,0.509623,12,0.000000,4.000000,8,4.790769,0.509623,0.425532,0.149415
top10_probability,Rank by raw Top 10 probability.,2025,17,Azerbaijan Grand Prix,2025-09-21,bortoleto,Gabriel Bortoleto,sauber,Sauber,0.401290,13,0.000000,0.000000,11,1.139112,0.401290,0.333333,0.022244
top10_probability,Rank by raw Top 10 probability.,2025,17,Azerbaijan Grand Prix,2025-09-21,stroll,Lance Stroll,aston_martin,Aston Martin,0.395404,14,0.000000,0.000000,17,1.159018,0.395404,0.300000,0.040894
top10_probability,Rank by raw Top 10 probability.,2025,17,Azerbaijan Grand Prix,2025-09-21,albon,Alexander Albon,williams,Williams,0.304308,15,0.000000,0.000000,13,1.563980,0.304308,0.300000,0.038463
top10_probability,Rank by raw Top 10 probability.,2025,17,Azerbaijan Grand Prix,2025-09-21,bearman,Oliver Bearman,haas,Haas F1 Team,0.253279,16,0.000000,0.000000,12,0.466550,0.253279,0.162791,0.002823
top10_probability,Rank by raw Top 10 probability.,2025,17,Azerbaijan Grand Prix,2025-09-21,hulkenberg,Nico Hülkenberg,sauber,Sauber,0.231674,17,0.000000,0.000000,16,0.740952,0.231674,0.162791,0.002735
top10_probability,Rank by raw Top 10 probability.,2025,17,Azerbaijan Grand Prix,2025-09-21,ocon,Esteban Ocon,haas,Haas F1 Team,0.113878,18,0.000000,0.000000,14,0.398284,0.113878,0.200000,0.002888
top10_probability,Rank by raw Top 10 probability.,2025,17,Azerbaijan Grand Prix,2025-09-21,colapinto,Franco Colapinto,alpine,Alpine F1 Team,0.089831,19,0.000000,0.000000,19,0.220998,0.089831,0.050000,0.004768
top10_probability,Rank by raw Top 10 probability.,2025,17,Azerbaijan Grand Prix,2025-09-21,gasly,Pierre Gasly,alpine,Alpine F1 Team,0.088679,20,0.000000,0.000000,18,0.219909,0.088679,0.050000,0.009756
top10_probability,Rank by raw Top 10 probability.,2025,18,Singapore Grand Prix,2025-10-05,russell,George Russell,mercedes,Mercedes,0.916402,1,25.000000,25.000000,1,16.616100,0.916402,0.953488,0.930319
top10_probability,Rank by raw Top 10 probability.,2025,18,Singapore Grand Prix,2025-10-05,norris,Lando Norris,mclaren,McLaren,0.900639,2,18.000000,15.000000,3,12.537283,0.900639,0.953488,0.694923
top10_probability,Rank by raw Top 10 probability.,2025,18,Singapore Grand Prix,2025-10-05,piastri,Oscar Piastri,mclaren,McLaren,0.899308,3,15.000000,12.000000,4,15.723055,0.899308,0.898551,0.903967
top10_probability,Rank by raw Top 10 probability.,2025,18,Singapore Grand Prix,2025-10-05,max_verstappen,Max Verstappen,red_bull,Red Bull,0.872167,4,12.000000,18.000000,2,18.058487,0.872167,0.898551,0.959323
top10_probability,Rank by raw Top 10 probability.,2025,18,Singapore Grand Prix,2025-10-05,antonelli,Andrea Kimi Antonelli,mercedes,Mercedes,0.835176,5,10.000000,10.000000,5,10.063229,0.835176,0.898551,0.541933
top10_probability,Rank by raw Top 10 probability.,2025,18,Singapore Grand Prix,2025-10-05,leclerc,Charles Leclerc,ferrari,Ferrari,0.779375,6,8.000000,8.000000,6,6.148238,0.779375,0.736842,0.195748
top10_probability,Rank by raw Top 10 probability.,2025,18,Singapore Grand Prix,2025-10-05,hamilton,Lewis Hamilton,ferrari,Ferrari,0.763457,7,6.000000,4.000000,8,7.348381,0.763457,0.736842,0.365033
top10_probability,Rank by raw Top 10 probability.,2025,18,Singapore Grand Prix,2025-10-05,hadjar,Isack Hadjar,rb,RB F1 Team,0.648457,8,4.000000,0.000000,11,3.906527,0.648457,0.659574,0.107517
top10_probability,Rank by raw Top 10 probability.,2025,18,Singapore Grand Prix,2025-10-05,alonso,Fernando Alonso,aston_martin,Aston Martin,0.578281,9,2.000000,6.000000,7,2.408048,0.578281,0.425532,0.006959
top10_probability,Rank by raw Top 10 probability.,2025,18,Singapore Grand Prix,2025-10-05,hulkenberg,Nico Hülkenberg,sauber,Sauber,0.550193,10,1.000000,0.000000,20,1.692790,0.550193,0.425532,0.001300
top10_probability,Rank by raw Top 10 probability.,2025,18,Singapore Grand Prix,2025-10-05,lawson,Liam Lawson,rb,RB F1 Team,0.399578,11,0.000000,0.000000,15,2.143404,0.399578,0.298246,0.055851
top10_probability,Rank by raw Top 10 probability.,2025,18,Singapore Grand Prix,2025-10-05,tsunoda,Yuki Tsunoda,red_bull,Red Bull,0.386093,12,0.000000,0.000000,12,3.008018,0.386093,0.298246,0.011849
top10_probability,Rank by raw Top 10 probability.,2025,18,Singapore Grand Prix,2025-10-05,bortoleto,Gabriel Bortoleto,sauber,Sauber,0.360543,13,0.000000,0.000000,17,0.449692,0.360543,0.298246,0.015291
top10_probability,Rank by raw Top 10 probability.,2025,18,Singapore Grand Prix,2025-10-05,stroll,Lance Stroll,aston_martin,Aston Martin,0.360404,14,0.000000,0.000000,13,0.682133,0.360404,0.298246,0.014459
top10_probability,Rank by raw Top 10 probability.,2025,18,Singapore Grand Prix,2025-10-05,bearman,Oliver Bearman,haas,Haas F1 Team,0.332360,15,0.000000,2.000000,9,2.014302,0.332360,0.298246,0.003013
top10_probability,Rank by raw Top 10 probability.,2025,18,Singapore Grand Prix,2025-10-05,albon,Alexander Albon,williams,Williams,0.294233,16,0.000000,0.000000,14,1.726344,0.294233,0.139535,0.063641
top10_probability,Rank by raw Top 10 probability.,2025,18,Singapore Grand Prix,2025-10-05,sainz,Carlos Sainz,williams,Williams,0.239419,17,0.000000,1.000000,10,1.770661,0.239419,0.139535,0.068940
top10_probability,Rank by raw Top 10 probability.,2025,18,Singapore Grand Prix,2025-10-05,ocon,Esteban Ocon,haas,Haas F1 Team,0.186689,18,0.000000,0.000000,18,0.270666,0.186689,0.200000,0.001079
top10_probability,Rank by raw Top 10 probability.,2025,18,Singapore Grand Prix,2025-10-05,colapinto,Franco Colapinto,alpine,Alpine F1 Team,0.089831,19,0.000000,0.000000,16,0.109788,0.089831,0.050000,0.001832
top10_probability,Rank by raw Top 10 probability.,2025,18,Singapore Grand Prix,2025-10-05,gasly,Pierre Gasly,alpine,Alpine F1 Team,0.086369,20,0.000000,0.000000,19,0.128439,0.086369,0.050000,0.003752
top10_probability,Rank by raw Top 10 probability.,2025,19,United States Grand Prix,2025-10-19,norris,Lando Norris,mclaren,McLaren,0.955131,1,25.000000,18.000000,2,17.096173,0.955131,0.952381,0.933877
top10_probability,Rank by raw Top 10 probability.,2025,19,United States Grand Prix,2025-10-19,max_verstappen,Max Verstappen,red_bull,Red Bull,0.947902,2,18.000000,25.000000,1,19.308968,0.947902,0.952381,0.964418
top10_probability,Rank by raw Top 10 probability.,2025,19,United States Grand Prix,2025-10-19,russell,George Russell,mercedes,Mercedes,0.901982,3,15.000000,8.000000,6,12.983223,0.901982,0.952381,0.861960
top10_probability,Rank by raw Top 10 probability.,2025,19,United States Grand Prix,2025-10-19,leclerc,Charles Leclerc,ferrari,Ferrari,0.865068,4,12.000000,15.000000,3,10.635820,0.865068,0.900000,0.770291
top10_probability,Rank by raw Top 10 probability.,2025,19,United States Grand Prix,2025-10-19,piastri,Oscar Piastri,mclaren,McLaren,0.815129,5,10.000000,10.000000,5,11.491942,0.815129,0.900000,0.659607
top10_probability,Rank by raw Top 10 probability.,2025,19,United States Grand Prix,2025-10-19,hamilton,Lewis Hamilton,ferrari,Ferrari,0.797267,6,8.000000,12.000000,4,8.984516,0.797267,0.763158,0.480660
top10_probability,Rank by raw Top 10 probability.,2025,19,United States Grand Prix,2025-10-19,antonelli,Andrea Kimi Antonelli,mercedes,Mercedes,0.728919,7,6.000000,0.000000,13,7.625761,0.728919,0.763158,0.250138
top10_probability,Rank by raw Top 10 probability.,2025,19,United States Grand Prix,2025-10-19,sainz,Carlos Sainz,williams,Williams,0.611935,8,4.000000,0.000000,20,3.370929,0.611935,0.659574,0.019901
top10_probability,Rank by raw Top 10 probability.,2025,19,United States Grand Prix,2025-10-19,hulkenberg,Nico Hülkenberg,sauber,Sauber,0.545333,9,2.000000,4.000000,8,1.688262,0.545333,0.404255,0.001234
top10_probability,Rank by raw Top 10 probability.,2025,19,United States Grand Prix,2025-10-19,alonso,Fernando Alonso,aston_martin,Aston Martin,0.543366,10,1.000000,1.000000,10,2.532917,0.543366,0.404255,0.007289
top10_probability,Rank by raw Top 10 probability.,2025,19,United States Grand Prix,2025-10-19,lawson,Liam Lawson,rb,RB F1 Team,0.466537,11,0.000000,0.000000,11,1.812818,0.466537,0.333333,0.017257
top10_probability,Rank by raw Top 10 probability.,2025,19,United States Grand Prix,2025-10-19,tsunoda,Yuki Tsunoda,red_bull,Red Bull,0.375334,12,0.000000,6.000000,7,3.338545,0.375334,0.283333,0.007076
top10_probability,Rank by raw Top 10 probability.,2025,19,United States Grand Prix,2025-10-19,gasly,Pierre Gasly,alpine,Alpine F1 Team,0.362382,13,0.000000,0.000000,19,0.162359,0.362382,0.283333,0.005939
top10_probability,Rank by raw Top 10 probability.,2025,19,United States Grand Prix,2025-10-19,albon,Alexander Albon,williams,Williams,0.285327,14,0.000000,0.000000,14,1.473747,0.285327,0.142857,0.008370
top10_probability,Rank by raw Top 10 probability.,2025,19,United States Grand Prix,2025-10-19,bearman,Oliver Bearman,haas,Haas F1 Team,0.251543,15,0.000000,2.000000,9,2.198772,0.251543,0.142857,0.003333
top10_probability,Rank by raw Top 10 probability.,2025,19,United States Grand Prix,2025-10-19,hadjar,Isack Hadjar,rb,RB F1 Team,0.209933,16,0.000000,0.000000,16,0.949820,0.209933,0.142857,0.012866
top10_probability,Rank by raw Top 10 probability.,2025,19,United States Grand Prix,2025-10-19,ocon,Esteban Ocon,haas,Haas F1 Team,0.189904,17,0.000000,0.000000,15,0.132118,0.189904,0.207547,0.001280
top10_probability,Rank by raw Top 10 probability.,2025,19,United States Grand Prix,2025-10-19,stroll,Lance Stroll,aston_martin,Aston Martin,0.187456,18,0.000000,0.000000,12,0.409134,0.187456,0.207547,0.008885
top10_probability,Rank by raw Top 10 probability.,2025,19,United States Grand Prix,2025-10-19,bortoleto,Gabriel Bortoleto,sauber,Sauber,0.172310,19,0.000000,0.000000,18,0.380500,0.172310,0.207547,0.006777
top10_probability,Rank by raw Top 10 probability.,2025,19,United States Grand Prix,2025-10-19,colapinto,Franco Colapinto,alpine,Alpine F1 Team,0.099026,20,0.000000,0.000000,17,0.090728,0.099026,0.047619,0.003047
top10_probability,Rank by raw Top 10 probability.,2025,20,Mexico City Grand Prix,2025-10-26,norris,Lando Norris,mclaren,McLaren,0.964184,1,25.000000,25.000000,1,18.400394,0.964184,0.954545,0.922459
top10_probability,Rank by raw Top 10 probability.,2025,20,Mexico City Grand Prix,2025-10-26,leclerc,Charles Leclerc,ferrari,Ferrari,0.877217,2,18.000000,18.000000,2,13.229819,0.877217,0.895522,0.816149
top10_probability,Rank by raw Top 10 probability.,2025,20,Mexico City Grand Prix,2025-10-26,hamilton,Lewis Hamilton,ferrari,Ferrari,0.850375,3,15.000000,4.000000,8,11.332907,0.850375,0.895522,0.792436
top10_probability,Rank by raw Top 10 probability.,2025,20,Mexico City Grand Prix,2025-10-26,russell,George Russell,mercedes,Mercedes,0.841937,4,12.000000,6.000000,7,12.891787,0.841937,0.895522,0.855793
top10_probability,Rank by raw Top 10 probability.,2025,20,Mexico City Grand Prix,2025-10-26,max_verstappen,Max Verstappen,red_bull,Red Bull,0.835499,5,10.000000,15.000000,3,14.746984,0.835499,0.895522,0.852584
top10_probability,Rank by raw Top 10 probability.,2025,20,Mexico City Grand Prix,2025-10-26,antonelli,Andrea Kimi Antonelli,mercedes,Mercedes,0.814260,6,8.000000,8.000000,6,8.248025,0.814260,0.895522,0.428618
top10_probability,Rank by raw Top 10 probability.,2025,20,Mexico City Grand Prix,2025-10-26,piastri,Oscar Piastri,mclaren,McLaren,0.750197,7,6.000000,10.000000,5,8.870235,0.750197,0.743590,0.626131
top10_probability,Rank by raw Top 10 probability.,2025,20,Mexico City Grand Prix,2025-10-26,sainz,Carlos Sainz,williams,Williams,0.673739,8,4.000000,0.000000,17,4.113931,0.673739,0.659574,0.062378
top10_probability,Rank by raw Top 10 probability.,2025,20,Mexico City Grand Prix,2025-10-26,hadjar,Isack Hadjar,rb,RB F1 Team,0.567544,9,2.000000,0.000000,13,2.581502,0.567544,0.446809,0.052674
top10_probability,Rank by raw Top 10 probability.,2025,20,Mexico City Grand Prix,2025-10-26,tsunoda,Yuki Tsunoda,red_bull,Red Bull,0.500893,10,1.000000,0.000000,11,4.534163,0.500893,0.446809,0.036998
top10_probability,Rank by raw Top 10 probability.,2025,20,Mexico City Grand Prix,2025-10-26,hulkenberg,Nico Hülkenberg,sauber,Sauber,0.456336,11,0.000000,0.000000,19,1.212306,0.456336,0.315789,0.003357
top10_probability,Rank by raw Top 10 probability.,2025,20,Mexico City Grand Prix,2025-10-26,ocon,Esteban Ocon,haas,Haas F1 Team,0.453670,12,0.000000,2.000000,9,1.321346,0.453670,0.315789,0.002995
top10_probability,Rank by raw Top 10 probability.,2025,20,Mexico City Grand Prix,2025-10-26,alonso,Fernando Alonso,aston_martin,Aston Martin,0.343771,13,0.000000,0.000000,18,1.259214,0.343771,0.300000,0.003894
top10_probability,Rank by raw Top 10 probability.,2025,20,Mexico City Grand Prix,2025-10-26,albon,Alexander Albon,williams,Williams,0.335810,14,0.000000,0.000000,12,1.357860,0.335810,0.300000,0.016013
top10_probability,Rank by raw Top 10 probability.,2025,20,Mexico City Grand Prix,2025-10-26,bortoleto,Gabriel Bortoleto,sauber,Sauber,0.299584,15,0.000000,1.000000,10,0.402108,0.299584,0.119048,0.009656
top10_probability,Rank by raw Top 10 probability.,2025,20,Mexico City Grand Prix,2025-10-26,bearman,Oliver Bearman,haas,Haas F1 Team,0.289816,16,0.000000,12.000000,4,1.880990,0.289816,0.119048,0.002085
top10_probability,Rank by raw Top 10 probability.,2025,20,Mexico City Grand Prix,2025-10-26,lawson,Liam Lawson,rb,RB F1 Team,0.283746,17,0.000000,0.000000,20,1.061517,0.283746,0.119048,0.023918
top10_probability,Rank by raw Top 10 probability.,2025,20,Mexico City Grand Prix,2025-10-26,stroll,Lance Stroll,aston_martin,Aston Martin,0.170004,18,0.000000,0.000000,14,0.511147,0.170004,0.200000,0.014353
top10_probability,Rank by raw Top 10 probability.,2025,20,Mexico City Grand Prix,2025-10-26,gasly,Pierre Gasly,alpine,Alpine F1 Team,0.084097,19,0.000000,0.000000,15,0.118374,0.084097,0.050000,0.010500
top10_probability,Rank by raw Top 10 probability.,2025,20,Mexico City Grand Prix,2025-10-26,colapinto,Franco Colapinto,alpine,Alpine F1 Team,0.062445,20,0.000000,0.000000,16,0.085445,0.062445,0.050000,0.002099
top10_probability,Rank by raw Top 10 probability.,2025,21,São Paulo Grand Prix,2025-11-09,norris,Lando Norris,mclaren,McLaren,0.971348,1,25.000000,25.000000,1,17.767385,0.971348,0.954545,0.919001
top10_probability,Rank by raw Top 10 probability.,2025,21,São Paulo Grand Prix,2025-11-09,leclerc,Charles Leclerc,ferrari,Ferrari,0.882363,2,18.000000,0.000000,19,12.806998,0.882363,0.911765,0.896711
top10_probability,Rank by raw Top 10 probability.,2025,21,São Paulo Grand Prix,2025-11-09,piastri,Oscar Piastri,mclaren,McLaren,0.871463,3,15.000000,10.000000,5,12.588131,0.871463,0.911765,0.813268
top10_probability,Rank by raw Top 10 probability.,2025,21,São Paulo Grand Prix,2025-11-09,antonelli,Andrea Kimi Antonelli,mercedes,Mercedes,0.855411,4,12.000000,18.000000,2,12.758264,0.855411,0.911765,0.859249
top10_probability,Rank by raw Top 10 probability.,2025,21,São Paulo Grand Prix,2025-11-09,russell,George Russell,mercedes,Mercedes,0.839690,5,10.000000,12.000000,4,9.460887,0.839690,0.911765,0.464605
top10_probability,Rank by raw Top 10 probability.,2025,21,São Paulo Grand Prix,2025-11-09,hadjar,Isack Hadjar,rb,RB F1 Team,0.731776,6,8.000000,4.000000,8,5.064488,0.731776,0.743590,0.274573
top10_probability,Rank by raw Top 10 probability.,2025,21,São Paulo Grand Prix,2025-11-09,lawson,Liam Lawson,rb,RB F1 Team,0.644385,7,6.000000,6.000000,7,3.510688,0.644385,0.638298,0.181418
top10_probability,Rank by raw Top 10 probability.,2025,21,São Paulo Grand Prix,2025-11-09,gasly,Pierre Gasly,alpine,Alpine F1 Team,0.567737,8,4.000000,1.000000,10,1.551638,0.567737,0.413043,0.072803
top10_probability,Rank by raw Top 10 probability.,2025,21,São Paulo Grand Prix,2025-11-09,bortoleto,Gabriel Bortoleto,sauber,Sauber,0.556691,9,2.000000,0.000000,20,3.643815,0.556691,0.413043,0.048932
top10_probability,Rank by raw Top 10 probability.,2025,21,São Paulo Grand Prix,2025-11-09,hulkenberg,Nico Hülkenberg,sauber,Sauber,0.521997,10,1.000000,2.000000,9,2.090304,0.521997,0.413043,0.003671
top10_probability,Rank by raw Top 10 probability.,2025,21,São Paulo Grand Prix,2025-11-09,albon,Alexander Albon,williams,Williams,0.489099,11,0.000000,0.000000,11,1.888949,0.489099,0.314286,0.025934
top10_probability,Rank by raw Top 10 probability.,2025,21,São Paulo Grand Prix,2025-11-09,hamilton,Lewis Hamilton,ferrari,Ferrari,0.461093,12,0.000000,0.000000,18,4.895028,0.461093,0.314286,0.244698
top10_probability,Rank by raw Top 10 probability.,2025,21,São Paulo Grand Prix,2025-11-09,alonso,Fernando Alonso,aston_martin,Aston Martin,0.441761,13,0.000000,0.000000,14,2.233245,0.441761,0.314286,0.017281
top10_probability,Rank by raw Top 10 probability.,2025,21,São Paulo Grand Prix,2025-11-09,max_verstappen,Max Verstappen,red_bull,Red Bull,0.438143,14,0.000000,15.000000,3,10.939224,0.438143,0.314286,0.558931
top10_probability,Rank by raw Top 10 probability.,2025,21,São Paulo Grand Prix,2025-11-09,bearman,Oliver Bearman,haas,Haas F1 Team,0.437260,15,0.000000,8.000000,6,3.034924,0.437260,0.314286,0.042296
top10_probability,Rank by raw Top 10 probability.,2025,21,São Paulo Grand Prix,2025-11-09,stroll,Lance Stroll,aston_martin,Aston Martin,0.381366,16,0.000000,0.000000,16,0.521350,0.381366,0.300000,0.036449
top10_probability,Rank by raw Top 10 probability.,2025,21,São Paulo Grand Prix,2025-11-09,sainz,Carlos Sainz,williams,Williams,0.335300,17,0.000000,0.000000,13,0.842407,0.335300,0.300000,0.041568
top10_probability,Rank by raw Top 10 probability.,2025,21,São Paulo Grand Prix,2025-11-09,tsunoda,Yuki Tsunoda,red_bull,Red Bull,0.174093,18,0.000000,0.000000,17,2.998260,0.174093,0.203704,0.018828
top10_probability,Rank by raw Top 10 probability.,2025,21,São Paulo Grand Prix,2025-11-09,ocon,Esteban Ocon,haas,Haas F1 Team,0.155670,19,0.000000,0.000000,12,0.557957,0.155670,0.203704,0.022601
top10_probability,Rank by raw Top 10 probability.,2025,21,São Paulo Grand Prix,2025-11-09,colapinto,Franco Colapinto,alpine,Alpine F1 Team,0.075071,20,0.000000,0.000000,15,0.105387,0.075071,0.047619,0.020974
top10_probability,Rank by raw Top 10 probability.,2025,22,Las Vegas Grand Prix,2025-11-23,norris,Lando Norris,mclaren,McLaren,0.975224,1,25.000000,0.000000,19,20.137214,0.975224,0.977273,0.972371
top10_probability,Rank by raw Top 10 probability.,2025,22,Las Vegas Grand Prix,2025-11-23,max_verstappen,Max Verstappen,red_bull,Red Bull,0.877217,2,18.000000,25.000000,1,17.038864,0.877217,0.913043,0.928607
top10_probability,Rank by raw Top 10 probability.,2025,22,Las Vegas Grand Prix,2025-11-23,piastri,Oscar Piastri,mclaren,McLaren,0.847434,3,15.000000,0.000000,20,11.415585,0.847434,0.913043,0.813222
top10_probability,Rank by raw Top 10 probability.,2025,22,Las Vegas Grand Prix,2025-11-23,russell,George Russell,mercedes,Mercedes,0.840588,4,12.000000,18.000000,2,11.455019,0.840588,0.913043,0.825052
top10_probability,Rank by raw Top 10 probability.,2025,22,Las Vegas Grand Prix,2025-11-23,sainz,Carlos Sainz,williams,Williams,0.772233,5,10.000000,10.000000,5,7.411086,0.772233,0.743590,0.731154
top10_probability,Rank by raw Top 10 probability.,2025,22,Las Vegas Grand Prix,2025-11-23,leclerc,Charles Leclerc,ferrari,Ferrari,0.671709,6,8.000000,12.000000,4,7.148885,0.671709,0.666667,0.460766
top10_probability,Rank by raw Top 10 probability.,2025,22,Las Vegas Grand Prix,2025-11-23,alonso,Fernando Alonso,aston_martin,Aston Martin,0.662663,7,6.000000,0.000000,11,3.990115,0.662663,0.666667,0.055595
top10_probability,Rank by raw Top 10 probability.,2025,22,Las Vegas Grand Prix,2025-11-23,lawson,Liam Lawson,rb,RB F1 Team,0.611598,8,4.000000,0.000000,14,4.606615,0.611598,0.666667,0.141632
top10_probability,Rank by raw Top 10 probability.,2025,22,Las Vegas Grand Prix,2025-11-23,hadjar,Isack Hadjar,rb,RB F1 Team,0.566048,9,2.000000,8.000000,6,2.966297,0.566048,0.413043,0.080126
top10_probability,Rank by raw Top 10 probability.,2025,22,Las Vegas Grand Prix,2025-11-23,hulkenberg,Nico Hülkenberg,sauber,Sauber,0.555356,10,1.000000,6.000000,7,2.169430,0.555356,0.413043,0.002192
top10_probability,Rank by raw Top 10 probability.,2025,22,Las Vegas Grand Prix,2025-11-23,gasly,Pierre Gasly,alpine,Alpine F1 Team,0.544320,11,0.000000,0.000000,13,1.464534,0.544320,0.413043,0.048640
top10_probability,Rank by raw Top 10 probability.,2025,22,Las Vegas Grand Prix,2025-11-23,antonelli,Andrea Kimi Antonelli,mercedes,Mercedes,0.489064,12,0.000000,15.000000,3,4.121801,0.489064,0.315789,0.382461
top10_probability,Rank by raw Top 10 probability.,2025,22,Las Vegas Grand Prix,2025-11-23,stroll,Lance Stroll,aston_martin,Aston Martin,0.452996,13,0.000000,0.000000,18,1.241502,0.452996,0.315789,0.023164
top10_probability,Rank by raw Top 10 probability.,2025,22,Las Vegas Grand Prix,2025-11-23,ocon,Esteban Ocon,haas,Haas F1 Team,0.399896,14,0.000000,2.000000,9,1.044257,0.399896,0.275862,0.007079
top10_probability,Rank by raw Top 10 probability.,2025,22,Las Vegas Grand Prix,2025-11-23,albon,Alexander Albon,williams,Williams,0.357333,15,0.000000,0.000000,16,1.170870,0.357333,0.275862,0.014102
top10_probability,Rank by raw Top 10 probability.,2025,22,Las Vegas Grand Prix,2025-11-23,hamilton,Lewis Hamilton,ferrari,Ferrari,0.311667,16,0.000000,4.000000,8,4.242847,0.311667,0.275862,0.336226
top10_probability,Rank by raw Top 10 probability.,2025,22,Las Vegas Grand Prix,2025-11-23,tsunoda,Yuki Tsunoda,red_bull,Red Bull,0.309403,17,0.000000,0.000000,12,2.958318,0.309403,0.275862,0.057486
top10_probability,Rank by raw Top 10 probability.,2025,22,Las Vegas Grand Prix,2025-11-23,bearman,Oliver Bearman,haas,Haas F1 Team,0.174957,18,0.000000,1.000000,10,1.350728,0.174957,0.185185,0.021018
top10_probability,Rank by raw Top 10 probability.,2025,22,Las Vegas Grand Prix,2025-11-23,bortoleto,Gabriel Bortoleto,sauber,Sauber,0.116766,19,0.000000,0.000000,17,0.373394,0.116766,0.185185,0.005415
top10_probability,Rank by raw Top 10 probability.,2025,22,Las Vegas Grand Prix,2025-11-23,colapinto,Franco Colapinto,alpine,Alpine F1 Team,0.099026,20,0.000000,0.000000,15,0.199836,0.099026,0.047619,0.004733
top10_probability,Rank by raw Top 10 probability.,2025,23,Qatar Grand Prix,2025-11-30,norris,Lando Norris,mclaren,McLaren,0.962123,1,25.000000,12.000000,4,17.481815,0.962123,0.953488,0.938820
top10_probability,Rank by raw Top 10 probability.,2025,23,Qatar Grand Prix,2025-11-30,piastri,Oscar Piastri,mclaren,McLaren,0.905335,2,18.000000,18.000000,2,19.010963,0.905335,0.953488,0.958317
top10_probability,Rank by raw Top 10 probability.,2025,23,Qatar Grand Prix,2025-11-30,max_verstappen,Max Verstappen,red_bull,Red Bull,0.860537,3,15.000000,25.000000,1,14.558582,0.860537,0.898551,0.903099
top10_probability,Rank by raw Top 10 probability.,2025,23,Qatar Grand Prix,2025-11-30,russell,George Russell,mercedes,Mercedes,0.836017,4,12.000000,8.000000,6,13.111102,0.836017,0.898551,0.858837
top10_probability,Rank by raw Top 10 probability.,2025,23,Qatar Grand Prix,2025-11-30,antonelli,Andrea Kimi Antonelli,mercedes,Mercedes,0.827138,5,10.000000,10.000000,5,10.259350,0.827138,0.898551,0.641319
top10_probability,Rank by raw Top 10 probability.,2025,23,Qatar Grand Prix,2025-11-30,hadjar,Isack Hadjar,rb,RB F1 Team,0.732079,6,8.000000,0.000000,18,5.288688,0.732079,0.769231,0.168079
top10_probability,Rank by raw Top 10 probability.,2025,23,Qatar Grand Prix,2025-11-30,sainz,Carlos Sainz,williams,Williams,0.678781,7,6.000000,15.000000,3,4.297531,0.678781,0.622222,0.154486
top10_probability,Rank by raw Top 10 probability.,2025,23,Qatar Grand Prix,2025-11-30,leclerc,Charles Leclerc,ferrari,Ferrari,0.663057,8,4.000000,4.000000,8,5.744429,0.663057,0.622222,0.203443
top10_probability,Rank by raw Top 10 probability.,2025,23,Qatar Grand Prix,2025-11-30,alonso,Fernando Alonso,aston_martin,Aston Martin,0.605866,9,2.000000,6.000000,7,3.484158,0.605866,0.622222,0.022192
top10_probability,Rank by raw Top 10 probability.,2025,23,Qatar Grand Prix,2025-11-30,gasly,Pierre Gasly,alpine,Alpine F1 Team,0.575100,10,1.000000,0.000000,16,1.865926,0.575100,0.446809,0.037065
top10_probability,Rank by raw Top 10 probability.,2025,23,Qatar Grand Prix,2025-11-30,hulkenberg,Nico Hülkenberg,sauber,Sauber,0.548106,11,0.000000,0.000000,20,2.338537,0.548106,0.446809,0.003096
top10_probability,Rank by raw Top 10 probability.,2025,23,Qatar Grand Prix,2025-11-30,lawson,Liam Lawson,rb,RB F1 Team,0.380820,12,0.000000,2.000000,9,1.945698,0.380820,0.280702,0.048482
top10_probability,Rank by raw Top 10 probability.,2025,23,Qatar Grand Prix,2025-11-30,albon,Alexander Albon,williams,Williams,0.378665,13,0.000000,0.000000,11,1.300225,0.378665,0.280702,0.026390
top10_probability,Rank by raw Top 10 probability.,2025,23,Qatar Grand Prix,2025-11-30,hamilton,Lewis Hamilton,ferrari,Ferrari,0.355576,14,0.000000,0.000000,12,3.244620,0.355576,0.280702,0.068748
top10_probability,Rank by raw Top 10 probability.,2025,23,Qatar Grand Prix,2025-11-30,bortoleto,Gabriel Bortoleto,sauber,Sauber,0.347708,15,0.000000,0.000000,13,0.475508,0.347708,0.280702,0.012181
top10_probability,Rank by raw Top 10 probability.,2025,23,Qatar Grand Prix,2025-11-30,tsunoda,Yuki Tsunoda,red_bull,Red Bull,0.305876,16,0.000000,1.000000,10,2.707945,0.305876,0.280702,0.086494
top10_probability,Rank by raw Top 10 probability.,2025,23,Qatar Grand Prix,2025-11-30,bearman,Oliver Bearman,haas,Haas F1 Team,0.225617,17,0.000000,0.000000,19,1.827223,0.225617,0.162791,0.023614
top10_probability,Rank by raw Top 10 probability.,2025,23,Qatar Grand Prix,2025-11-30,ocon,Esteban Ocon,haas,Haas F1 Team,0.201440,18,0.000000,0.000000,15,0.882522,0.201440,0.162791,0.011743
top10_probability,Rank by raw Top 10 probability.,2025,23,Qatar Grand Prix,2025-11-30,stroll,Lance Stroll,aston_martin,Aston Martin,0.121484,19,0.000000,0.000000,17,0.384148,0.121484,0.200000,0.007389
top10_probability,Rank by raw Top 10 probability.,2025,23,Qatar Grand Prix,2025-11-30,colapinto,Franco Colapinto,alpine,Alpine F1 Team,0.062445,20,0.000000,0.000000,14,0.189500,0.062445,0.047619,0.003012
top10_probability,Rank by raw Top 10 probability.,2025,24,Abu Dhabi Grand Prix,2025-12-07,norris,Lando Norris,mclaren,McLaren,0.953669,1,25.000000,15.000000,3,17.012131,0.953669,0.954545,0.932349
top10_probability,Rank by raw Top 10 probability.,2025,24,Abu Dhabi Grand Prix,2025-12-07,max_verstappen,Max Verstappen,red_bull,Red Bull,0.890867,2,18.000000,25.000000,1,21.752474,0.890867,0.897059,0.970969
top10_probability,Rank by raw Top 10 probability.,2025,24,Abu Dhabi Grand Prix,2025-12-07,piastri,Oscar Piastri,mclaren,McLaren,0.884220,3,15.000000,18.000000,2,14.855024,0.884220,0.897059,0.923758
top10_probability,Rank by raw Top 10 probability.,2025,24,Abu Dhabi Grand Prix,2025-12-07,russell,George Russell,mercedes,Mercedes,0.837753,4,12.000000,10.000000,5,14.203575,0.837753,0.897059,0.833922
top10_probability,Rank by raw Top 10 probability.,2025,24,Abu Dhabi Grand Prix,2025-12-07,leclerc,Charles Leclerc,ferrari,Ferrari,0.835499,5,10.000000,12.000000,4,9.340822,0.835499,0.897059,0.728029
top10_probability,Rank by raw Top 10 probability.,2025,24,Abu Dhabi Grand Prix,2025-12-07,alonso,Fernando Alonso,aston_martin,Aston Martin,0.701829,6,8.000000,8.000000,6,5.381496,0.701829,0.743590,0.013397
top10_probability,Rank by raw Top 10 probability.,2025,24,Abu Dhabi Grand Prix,2025-12-07,ocon,Esteban Ocon,haas,Haas F1 Team,0.606587,7,6.000000,6.000000,7,2.773898,0.606587,0.638298,0.002149
top10_probability,Rank by raw Top 10 probability.,2025,24,Abu Dhabi Grand Prix,2025-12-07,antonelli,Andrea Kimi Antonelli,mercedes,Mercedes,0.556612,8,4.000000,0.000000,15,5.528239,0.556612,0.466667,0.396193
top10_probability,Rank by raw Top 10 probability.,2025,24,Abu Dhabi Grand Prix,2025-12-07,bortoleto,Gabriel Bortoleto,sauber,Sauber,0.549464,9,2.000000,0.000000,11,3.341661,0.549464,0.466667,0.024937
top10_probability,Rank by raw Top 10 probability.,2025,24,Abu Dhabi Grand Prix,2025-12-07,tsunoda,Yuki Tsunoda,red_bull,Red Bull,0.543523,10,1.000000,0.000000,14,4.196181,0.543523,0.466667,0.052720
top10_probability,Rank by raw Top 10 probability.,2025,24,Abu Dhabi Grand Prix,2025-12-07,hadjar,Isack Hadjar,rb,RB F1 Team,0.528518,11,0.000000,0.000000,17,2.941156,0.528518,0.466667,0.060790
top10_probability,Rank by raw Top 10 probability.,2025,24,Abu Dhabi Grand Prix,2025-12-07,sainz,Carlos Sainz,williams,Williams,0.487565,12,0.000000,0.000000,13,3.350676,0.487565,0.333333,0.031311
top10_probability,Rank by raw Top 10 probability.,2025,24,Abu Dhabi Grand Prix,2025-12-07,hamilton,Lewis Hamilton,ferrari,Ferrari,0.375950,13,0.000000,4.000000,8,3.254838,0.375950,0.280702,0.043123
top10_probability,Rank by raw Top 10 probability.,2025,24,Abu Dhabi Grand Prix,2025-12-07,stroll,Lance Stroll,aston_martin,Aston Martin,0.349699,14,0.000000,1.000000,10,0.426081,0.349699,0.280702,0.011491
top10_probability,Rank by raw Top 10 probability.,2025,24,Abu Dhabi Grand Prix,2025-12-07,albon,Alexander Albon,williams,Williams,0.336329,15,0.000000,0.000000,16,1.505284,0.336329,0.280702,0.009707
top10_probability,Rank by raw Top 10 probability.,2025,24,Abu Dhabi Grand Prix,2025-12-07,bearman,Oliver Bearman,haas,Haas F1 Team,0.305736,16,0.000000,0.000000,12,2.153506,0.305736,0.280702,0.004153
top10_probability,Rank by raw Top 10 probability.,2025,24,Abu Dhabi Grand Prix,2025-12-07,lawson,Liam Lawson,rb,RB F1 Team,0.303027,17,0.000000,0.000000,18,1.487160,0.303027,0.280702,0.032651
top10_probability,Rank by raw Top 10 probability.,2025,24,Abu Dhabi Grand Prix,2025-12-07,hulkenberg,Nico Hülkenberg,sauber,Sauber,0.128500,18,0.000000,2.000000,9,0.812623,0.128500,0.181818,0.001015
top10_probability,Rank by raw Top 10 probability.,2025,24,Abu Dhabi Grand Prix,2025-12-07,gasly,Pierre Gasly,alpine,Alpine F1 Team,0.074867,19,0.000000,0.000000,19,0.115811,0.074867,0.050000,0.006283
top10_probability,Rank by raw Top 10 probability.,2025,24,Abu Dhabi Grand Prix,2025-12-07,colapinto,Franco Colapinto,alpine,Alpine F1 Team,0.062445,20,0.000000,0.000000,20,0.095128,0.062445,0.050000,0.001302
calibrated_top10_probability,Rank by calibrated Top 10 probability.,2025,1,Australian Grand Prix,2025-03-16,norris,Lando Norris,mclaren,McLaren,0.953488,1,25.000000,25.000000,1,17.452167,0.961243,0.953488,0.955548
calibrated_top10_probability,Rank by calibrated Top 10 probability.,2025,1,Australian Grand Prix,2025-03-16,max_verstappen,Max Verstappen,red_bull,Red Bull,0.953488,2,18.000000,18.000000,2,12.236276,0.904619,0.953488,0.920246
calibrated_top10_probability,Rank by calibrated Top 10 probability.,2025,1,Australian Grand Prix,2025-03-16,piastri,Oscar Piastri,mclaren,McLaren,0.900000,3,15.000000,2.000000,9,14.444627,0.890570,0.900000,0.913581
calibrated_top10_probability,Rank by calibrated Top 10 probability.,2025,1,Australian Grand Prix,2025-03-16,russell,George Russell,mercedes,Mercedes,0.900000,4,12.000000,15.000000,3,12.227821,0.872511,0.900000,0.752621
calibrated_top10_probability,Rank by calibrated Top 10 probability.,2025,1,Australian Grand Prix,2025-03-16,leclerc,Charles Leclerc,ferrari,Ferrari,0.771429,5,10.000000,4.000000,8,8.621372,0.779375,0.771429,0.674385
calibrated_top10_probability,Rank by calibrated Top 10 probability.,2025,1,Australian Grand Prix,2025-03-16,hamilton,Lewis Hamilton,ferrari,Ferrari,0.771429,6,8.000000,1.000000,10,7.636886,0.768465,0.771429,0.327989
calibrated_top10_probability,Rank by calibrated Top 10 probability.,2025,1,Australian Grand Prix,2025-03-16,tsunoda,Yuki Tsunoda,rb,RB F1 Team,0.771429,7,6.000000,0.000000,12,6.504435,0.759156,0.771429,0.203369
calibrated_top10_probability,Rank by calibrated Top 10 probability.,2025,1,Australian Grand Prix,2025-03-16,albon,Alexander Albon,williams,Williams,0.771429,8,4.000000,10.000000,5,4.999692,0.770315,0.771429,0.050035
calibrated_top10_probability,Rank by calibrated Top 10 probability.,2025,1,Australian Grand Prix,2025-03-16,gasly,Pierre Gasly,alpine,Alpine F1 Team,0.771429,9,2.000000,0.000000,11,3.111780,0.713121,0.771429,0.122064
calibrated_top10_probability,Rank by calibrated Top 10 probability.,2025,1,Australian Grand Prix,2025-03-16,sainz,Carlos Sainz,williams,Williams,0.673913,10,1.000000,0.000000,18,4.272235,0.615835,0.673913,0.061788
calibrated_top10_probability,Rank by calibrated Top 10 probability.,2025,1,Australian Grand Prix,2025-03-16,hadjar,Isack Hadjar,rb,RB F1 Team,0.673913,11,0.000000,0.000000,20,1.875740,0.628194,0.673913,0.034258
calibrated_top10_probability,Rank by calibrated Top 10 probability.,2025,1,Australian Grand Prix,2025-03-16,stroll,Lance Stroll,aston_martin,Aston Martin,0.416667,12,0.000000,8.000000,6,1.098076,0.545328,0.416667,0.010779
calibrated_top10_probability,Rank by calibrated Top 10 probability.,2025,1,Australian Grand Prix,2025-03-16,alonso,Fernando Alonso,aston_martin,Aston Martin,0.333333,13,0.000000,0.000000,17,3.157626,0.484736,0.333333,0.040631
calibrated_top10_probability,Rank by calibrated Top 10 probability.,2025,1,Australian Grand Prix,2025-03-16,antonelli,Andrea Kimi Antonelli,mercedes,Mercedes,0.333333,14,0.000000,12.000000,4,2.314336,0.430218,0.333333,0.052565
calibrated_top10_probability,Rank by calibrated Top 10 probability.,2025,1,Australian Grand Prix,2025-03-16,doohan,Jack Doohan,alpine,Alpine F1 Team,0.333333,15,0.000000,0.000000,19,1.038376,0.489098,0.333333,0.019788
calibrated_top10_probability,Rank by calibrated Top 10 probability.,2025,1,Australian Grand Prix,2025-03-16,bortoleto,Gabriel Bortoleto,sauber,Sauber,0.333333,16,0.000000,0.000000,16,0.685593,0.457600,0.333333,0.014756
calibrated_top10_probability,Rank by calibrated Top 10 probability.,2025,1,Australian Grand Prix,2025-03-16,lawson,Liam Lawson,red_bull,Red Bull,0.283333,17,0.000000,0.000000,15,1.950797,0.301937,0.283333,0.029344
calibrated_top10_probability,Rank by calibrated Top 10 probability.,2025,1,Australian Grand Prix,2025-03-16,hulkenberg,Nico Hülkenberg,sauber,Sauber,0.283333,18,0.000000,6.000000,7,1.097610,0.317032,0.283333,0.002696
calibrated_top10_probability,Rank by calibrated Top 10 probability.,2025,1,Australian Grand Prix,2025-03-16,ocon,Esteban Ocon,haas,Haas F1 Team,0.162791,19,0.000000,0.000000,13,1.366289,0.289782,0.162791,0.008073
calibrated_top10_probability,Rank by calibrated Top 10 probability.,2025,1,Australian Grand Prix,2025-03-16,bearman,Oliver Bearman,haas,Haas F1 Team,0.162791,20,0.000000,0.000000,14,1.097607,0.261959,0.162791,0.007219
calibrated_top10_probability,Rank by calibrated Top 10 probability.,2025,2,Chinese Grand Prix,2025-03-23,norris,Lando Norris,mclaren,McLaren,0.954545,1,25.000000,18.000000,2,12.844645,0.953479,0.954545,0.887758
calibrated_top10_probability,Rank by calibrated Top 10 probability.,2025,2,Chinese Grand Prix,2025-03-23,piastri,Oscar Piastri,mclaren,McLaren,0.911765,2,18.000000,25.000000,1,16.136247,0.867501,0.911765,0.929660
calibrated_top10_probability,Rank by calibrated Top 10 probability.,2025,2,Chinese Grand Prix,2025-03-23,russell,George Russell,mercedes,Mercedes,0.911765,3,15.000000,15.000000,3,14.534163,0.877217,0.911765,0.914088
calibrated_top10_probability,Rank by calibrated Top 10 probability.,2025,2,Chinese Grand Prix,2025-03-23,max_verstappen,Max Verstappen,red_bull,Red Bull,0.911765,4,12.000000,12.000000,4,12.933127,0.848266,0.911765,0.893755
calibrated_top10_probability,Rank by calibrated Top 10 probability.,2025,2,Chinese Grand Prix,2025-03-23,leclerc,Charles Leclerc,ferrari,Ferrari,0.911765,5,10.000000,0.000000,18,7.252501,0.818868,0.911765,0.579255
calibrated_top10_probability,Rank by calibrated Top 10 probability.,2025,2,Chinese Grand Prix,2025-03-23,hamilton,Lewis Hamilton,ferrari,Ferrari,0.763158,6,8.000000,0.000000,19,7.258710,0.758921,0.763158,0.336070
calibrated_top10_probability,Rank by calibrated Top 10 probability.,2025,2,Chinese Grand Prix,2025-03-23,antonelli,Andrea Kimi Antonelli,mercedes,Mercedes,0.763158,7,6.000000,8.000000,6,6.061545,0.710544,0.763158,0.400079
calibrated_top10_probability,Rank by calibrated Top 10 probability.,2025,2,Chinese Grand Prix,2025-03-23,albon,Alexander Albon,williams,Williams,0.638298,8,4.000000,6.000000,7,3.000789,0.669315,0.638298,0.022181
calibrated_top10_probability,Rank by calibrated Top 10 probability.,2025,2,Chinese Grand Prix,2025-03-23,ocon,Esteban Ocon,haas,Haas F1 Team,0.416667,9,2.000000,10.000000,5,1.399244,0.538081,0.416667,0.007646
calibrated_top10_probability,Rank by calibrated Top 10 probability.,2025,2,Chinese Grand Prix,2025-03-23,hadjar,Isack Hadjar,rb,RB F1 Team,0.342857,10,1.000000,0.000000,11,3.195863,0.470432,0.342857,0.071610
calibrated_top10_probability,Rank by calibrated Top 10 probability.,2025,2,Chinese Grand Prix,2025-03-23,tsunoda,Yuki Tsunoda,rb,RB F1 Team,0.342857,11,0.000000,0.000000,16,1.853909,0.413460,0.342857,0.017148
calibrated_top10_probability,Rank by calibrated Top 10 probability.,2025,2,Chinese Grand Prix,2025-03-23,hulkenberg,Nico Hülkenberg,sauber,Sauber,0.342857,12,0.000000,0.000000,15,1.651657,0.499716,0.342857,0.002890
calibrated_top10_probability,Rank by calibrated Top 10 probability.,2025,2,Chinese Grand Prix,2025-03-23,alonso,Fernando Alonso,aston_martin,Aston Martin,0.342857,13,0.000000,0.000000,17,1.512556,0.444776,0.342857,0.007365
calibrated_top10_probability,Rank by calibrated Top 10 probability.,2025,2,Chinese Grand Prix,2025-03-23,stroll,Lance Stroll,aston_martin,Aston Martin,0.342857,14,0.000000,2.000000,9,1.054047,0.459723,0.342857,0.030013
calibrated_top10_probability,Rank by calibrated Top 10 probability.,2025,2,Chinese Grand Prix,2025-03-23,sainz,Carlos Sainz,williams,Williams,0.283333,15,0.000000,1.000000,10,2.046031,0.370823,0.283333,0.032415
calibrated_top10_probability,Rank by calibrated Top 10 probability.,2025,2,Chinese Grand Prix,2025-03-23,gasly,Pierre Gasly,alpine,Alpine F1 Team,0.283333,16,0.000000,0.000000,20,0.735946,0.339391,0.283333,0.094790
calibrated_top10_probability,Rank by calibrated Top 10 probability.,2025,2,Chinese Grand Prix,2025-03-23,lawson,Liam Lawson,red_bull,Red Bull,0.192308,17,0.000000,0.000000,12,2.390656,0.167736,0.192308,0.090201
calibrated_top10_probability,Rank by calibrated Top 10 probability.,2025,2,Chinese Grand Prix,2025-03-23,doohan,Jack Doohan,alpine,Alpine F1 Team,0.192308,18,0.000000,0.000000,13,0.381700,0.164224,0.192308,0.011046
calibrated_top10_probability,Rank by calibrated Top 10 probability.,2025,2,Chinese Grand Prix,2025-03-23,bearman,Oliver Bearman,haas,Haas F1 Team,0.192308,19,0.000000,4.000000,8,0.302419,0.100678,0.192308,0.004725
calibrated_top10_probability,Rank by calibrated Top 10 probability.,2025,2,Chinese Grand Prix,2025-03-23,bortoleto,Gabriel Bortoleto,sauber,Sauber,0.192308,20,0.000000,0.000000,14,0.284448,0.116011,0.192308,0.010344
calibrated_top10_probability,Rank by calibrated Top 10 probability.,2025,3,Japanese Grand Prix,2025-04-06,norris,Lando Norris,mclaren,McLaren,0.953488,1,25.000000,18.000000,2,17.959505,0.968872,0.953488,0.951862
calibrated_top10_probability,Rank by calibrated Top 10 probability.,2025,3,Japanese Grand Prix,2025-04-06,max_verstappen,Max Verstappen,red_bull,Red Bull,0.953488,2,18.000000,25.000000,1,17.353016,0.925928,0.953488,0.944238
calibrated_top10_probability,Rank by calibrated Top 10 probability.,2025,3,Japanese Grand Prix,2025-04-06,piastri,Oscar Piastri,mclaren,McLaren,0.897059,3,15.000000,15.000000,3,12.566317,0.881328,0.897059,0.875531
calibrated_top10_probability,Rank by calibrated Top 10 probability.,2025,3,Japanese Grand Prix,2025-04-06,russell,George Russell,mercedes,Mercedes,0.897059,4,12.000000,10.000000,5,11.159004,0.826982,0.897059,0.779366
calibrated_top10_probability,Rank by calibrated Top 10 probability.,2025,3,Japanese Grand Prix,2025-04-06,antonelli,Andrea Kimi Antonelli,mercedes,Mercedes,0.897059,5,10.000000,8.000000,6,8.325229,0.809722,0.897059,0.465560
calibrated_top10_probability,Rank by calibrated Top 10 probability.,2025,3,Japanese Grand Prix,2025-04-06,leclerc,Charles Leclerc,ferrari,Ferrari,0.897059,6,8.000000,12.000000,4,8.120075,0.848266,0.897059,0.261079
calibrated_top10_probability,Rank by calibrated Top 10 probability.,2025,3,Japanese Grand Prix,2025-04-06,hamilton,Lewis Hamilton,ferrari,Ferrari,0.622222,7,6.000000,6.000000,7,4.202586,0.643382,0.622222,0.112948
calibrated_top10_probability,Rank by calibrated Top 10 probability.,2025,3,Japanese Grand Prix,2025-04-06,albon,Alexander Albon,williams,Williams,0.622222,8,4.000000,2.000000,9,3.401040,0.678540,0.622222,0.016340
calibrated_top10_probability,Rank by calibrated Top 10 probability.,2025,3,Japanese Grand Prix,2025-04-06,hadjar,Isack Hadjar,rb,RB F1 Team,0.622222,9,2.000000,4.000000,8,3.141904,0.619597,0.622222,0.051050
calibrated_top10_probability,Rank by calibrated Top 10 probability.,2025,3,Japanese Grand Prix,2025-04-06,gasly,Pierre Gasly,alpine,Alpine F1 Team,0.437500,10,1.000000,0.000000,13,1.679025,0.515396,0.437500,0.057425
calibrated_top10_probability,Rank by calibrated Top 10 probability.,2025,3,Japanese Grand Prix,2025-04-06,sainz,Carlos Sainz,williams,Williams,0.333333,11,0.000000,0.000000,14,2.204477,0.478598,0.333333,0.016013
calibrated_top10_probability,Rank by calibrated Top 10 probability.,2025,3,Japanese Grand Prix,2025-04-06,bearman,Oliver Bearman,haas,Haas F1 Team,0.293103,12,0.000000,1.000000,10,2.359884,0.372175,0.293103,0.019886
calibrated_top10_probability,Rank by calibrated Top 10 probability.,2025,3,Japanese Grand Prix,2025-04-06,alonso,Fernando Alonso,aston_martin,Aston Martin,0.293103,13,0.000000,0.000000,11,1.524399,0.357970,0.293103,0.012460
calibrated_top10_probability,Rank by calibrated Top 10 probability.,2025,3,Japanese Grand Prix,2025-04-06,ocon,Esteban Ocon,haas,Haas F1 Team,0.293103,14,0.000000,0.000000,18,1.026010,0.326456,0.293103,0.009671
calibrated_top10_probability,Rank by calibrated Top 10 probability.,2025,3,Japanese Grand Prix,2025-04-06,hulkenberg,Nico Hülkenberg,sauber,Sauber,0.293103,15,0.000000,0.000000,16,0.695411,0.360956,0.293103,0.002292
calibrated_top10_probability,Rank by calibrated Top 10 probability.,2025,3,Japanese Grand Prix,2025-04-06,lawson,Liam Lawson,rb,RB F1 Team,0.203704,16,0.000000,0.000000,17,0.388125,0.182511,0.203704,0.009927
calibrated_top10_probability,Rank by calibrated Top 10 probability.,2025,3,Japanese Grand Prix,2025-04-06,doohan,Jack Doohan,alpine,Alpine F1 Team,0.203704,17,0.000000,0.000000,15,0.214049,0.116452,0.203704,0.006775
calibrated_top10_probability,Rank by calibrated Top 10 probability.,2025,3,Japanese Grand Prix,2025-04-06,tsunoda,Yuki Tsunoda,red_bull,Red Bull,0.166667,18,0.000000,0.000000,12,2.090967,0.298737,0.166667,0.049844
calibrated_top10_probability,Rank by calibrated Top 10 probability.,2025,3,Japanese Grand Prix,2025-04-06,stroll,Lance Stroll,aston_martin,Aston Martin,0.166667,19,0.000000,0.000000,20,0.862638,0.232865,0.166667,0.019831
calibrated_top10_probability,Rank by calibrated Top 10 probability.,2025,3,Japanese Grand Prix,2025-04-06,bortoleto,Gabriel Bortoleto,sauber,Sauber,0.166667,20,0.000000,0.000000,19,0.320206,0.212067,0.166667,0.011509
calibrated_top10_probability,Rank by calibrated Top 10 probability.,2025,4,Bahrain Grand Prix,2025-04-13,piastri,Oscar Piastri,mclaren,McLaren,0.953488,1,25.000000,25.000000,1,16.873259,0.929058,0.953488,0.945908
calibrated_top10_probability,Rank by calibrated Top 10 probability.,2025,4,Bahrain Grand Prix,2025-04-13,norris,Lando Norris,mclaren,McLaren,0.953488,2,18.000000,15.000000,3,11.421576,0.925403,0.953488,0.806592
calibrated_top10_probability,Rank by calibrated Top 10 probability.,2025,4,Bahrain Grand Prix,2025-04-13,russell,George Russell,mercedes,Mercedes,0.913043,3,15.000000,18.000000,2,14.168480,0.871961,0.913043,0.885089
calibrated_top10_probability,Rank by calibrated Top 10 probability.,2025,4,Bahrain Grand Prix,2025-04-13,antonelli,Andrea Kimi Antonelli,mercedes,Mercedes,0.913043,4,12.000000,0.000000,11,10.495567,0.841942,0.913043,0.683185
calibrated_top10_probability,Rank by calibrated Top 10 probability.,2025,4,Bahrain Grand Prix,2025-04-13,leclerc,Charles Leclerc,ferrari,Ferrari,0.913043,5,10.000000,12.000000,4,10.385719,0.862614,0.913043,0.763089
calibrated_top10_probability,Rank by calibrated Top 10 probability.,2025,4,Bahrain Grand Prix,2025-04-13,max_verstappen,Max Verstappen,red_bull,Red Bull,0.736842,6,8.000000,8.000000,6,9.475265,0.779375,0.736842,0.533245
calibrated_top10_probability,Rank by calibrated Top 10 probability.,2025,4,Bahrain Grand Prix,2025-04-13,gasly,Pierre Gasly,alpine,Alpine F1 Team,0.736842,7,6.000000,6.000000,7,5.091889,0.709218,0.736842,0.135804
calibrated_top10_probability,Rank by calibrated Top 10 probability.,2025,4,Bahrain Grand Prix,2025-04-13,hamilton,Lewis Hamilton,ferrari,Ferrari,0.638298,8,4.000000,10.000000,5,4.376820,0.614623,0.638298,0.180979
calibrated_top10_probability,Rank by calibrated Top 10 probability.,2025,4,Bahrain Grand Prix,2025-04-13,sainz,Carlos Sainz,williams,Williams,0.437500,9,2.000000,0.000000,19,3.070405,0.599442,0.437500,0.068497
calibrated_top10_probability,Rank by calibrated Top 10 probability.,2025,4,Bahrain Grand Prix,2025-04-13,tsunoda,Yuki Tsunoda,red_bull,Red Bull,0.305556,10,1.000000,2.000000,9,4.162678,0.457411,0.305556,0.101206
calibrated_top10_probability,Rank by calibrated Top 10 probability.,2025,4,Bahrain Grand Prix,2025-04-13,albon,Alexander Albon,williams,Williams,0.305556,11,0.000000,0.000000,12,1.298985,0.424592,0.305556,0.010799
calibrated_top10_probability,Rank by calibrated Top 10 probability.,2025,4,Bahrain Grand Prix,2025-04-13,doohan,Jack Doohan,alpine,Alpine F1 Team,0.305556,12,0.000000,0.000000,14,1.253505,0.498322,0.305556,0.019739
calibrated_top10_probability,Rank by calibrated Top 10 probability.,2025,4,Bahrain Grand Prix,2025-04-13,ocon,Esteban Ocon,haas,Haas F1 Team,0.305556,13,0.000000,4.000000,8,0.900779,0.415776,0.305556,0.011105
calibrated_top10_probability,Rank by calibrated Top 10 probability.,2025,4,Bahrain Grand Prix,2025-04-13,alonso,Fernando Alonso,aston_martin,Aston Martin,0.300000,14,0.000000,0.000000,15,0.958403,0.347180,0.300000,0.005149
calibrated_top10_probability,Rank by calibrated Top 10 probability.,2025,4,Bahrain Grand Prix,2025-04-13,hulkenberg,Nico Hülkenberg,sauber,Sauber,0.300000,15,0.000000,0.000000,20,0.586912,0.336327,0.300000,0.001711
calibrated_top10_probability,Rank by calibrated Top 10 probability.,2025,4,Bahrain Grand Prix,2025-04-13,bearman,Oliver Bearman,haas,Haas F1 Team,0.192308,16,0.000000,1.000000,10,0.761882,0.143632,0.192308,0.005630
calibrated_top10_probability,Rank by calibrated Top 10 probability.,2025,4,Bahrain Grand Prix,2025-04-13,stroll,Lance Stroll,aston_martin,Aston Martin,0.192308,17,0.000000,0.000000,17,0.671075,0.195526,0.192308,0.014248
calibrated_top10_probability,Rank by calibrated Top 10 probability.,2025,4,Bahrain Grand Prix,2025-04-13,lawson,Liam Lawson,rb,RB F1 Team,0.192308,18,0.000000,0.000000,16,0.275057,0.129603,0.192308,0.010825
calibrated_top10_probability,Rank by calibrated Top 10 probability.,2025,4,Bahrain Grand Prix,2025-04-13,bortoleto,Gabriel Bortoleto,sauber,Sauber,0.192308,19,0.000000,0.000000,18,0.258244,0.129201,0.192308,0.002547
calibrated_top10_probability,Rank by calibrated Top 10 probability.,2025,4,Bahrain Grand Prix,2025-04-13,hadjar,Isack Hadjar,rb,RB F1 Team,0.159091,20,0.000000,0.000000,13,1.349278,0.250408,0.159091,0.049703
calibrated_top10_probability,Rank by calibrated Top 10 probability.,2025,5,Saudi Arabian Grand Prix,2025-04-20,piastri,Oscar Piastri,mclaren,McLaren,0.954545,1,25.000000,25.000000,1,18.003469,0.937574,0.954545,0.961887
calibrated_top10_probability,Rank by calibrated Top 10 probability.,2025,5,Saudi Arabian Grand Prix,2025-04-20,max_verstappen,Max Verstappen,red_bull,Red Bull,0.898551,2,18.000000,18.000000,2,17.405625,0.881798,0.898551,0.950721
calibrated_top10_probability,Rank by calibrated Top 10 probability.,2025,5,Saudi Arabian Grand Prix,2025-04-20,russell,George Russell,mercedes,Mercedes,0.898551,3,15.000000,10.000000,5,13.197236,0.857430,0.898551,0.873738
calibrated_top10_probability,Rank by calibrated Top 10 probability.,2025,5,Saudi Arabian Grand Prix,2025-04-20,leclerc,Charles Leclerc,ferrari,Ferrari,0.898551,4,12.000000,15.000000,3,9.583969,0.848266,0.898551,0.625444
calibrated_top10_probability,Rank by calibrated Top 10 probability.,2025,5,Saudi Arabian Grand Prix,2025-04-20,antonelli,Andrea Kimi Antonelli,mercedes,Mercedes,0.729730,5,10.000000,8.000000,6,8.992162,0.736941,0.729730,0.621723
calibrated_top10_probability,Rank by calibrated Top 10 probability.,2025,5,Saudi Arabian Grand Prix,2025-04-20,norris,Lando Norris,mclaren,McLaren,0.729730,6,8.000000,12.000000,4,7.744085,0.781691,0.729730,0.659533
calibrated_top10_probability,Rank by calibrated Top 10 probability.,2025,5,Saudi Arabian Grand Prix,2025-04-20,hamilton,Lewis Hamilton,ferrari,Ferrari,0.729730,7,6.000000,6.000000,7,5.714309,0.703217,0.729730,0.294794
calibrated_top10_probability,Rank by calibrated Top 10 probability.,2025,5,Saudi Arabian Grand Prix,2025-04-20,sainz,Carlos Sainz,williams,Williams,0.652174,8,4.000000,4.000000,8,4.029958,0.660348,0.652174,0.112827
calibrated_top10_probability,Rank by calibrated Top 10 probability.,2025,5,Saudi Arabian Grand Prix,2025-04-20,gasly,Pierre Gasly,alpine,Alpine F1 Team,0.652174,9,2.000000,0.000000,20,2.141713,0.619242,0.652174,0.031455
calibrated_top10_probability,Rank by calibrated Top 10 probability.,2025,5,Saudi Arabian Grand Prix,2025-04-20,tsunoda,Yuki Tsunoda,red_bull,Red Bull,0.425532,10,1.000000,0.000000,19,4.555793,0.596051,0.425532,0.164035
calibrated_top10_probability,Rank by calibrated Top 10 probability.,2025,5,Saudi Arabian Grand Prix,2025-04-20,albon,Alexander Albon,williams,Williams,0.425532,11,0.000000,2.000000,9,2.074941,0.562203,0.425532,0.017064
calibrated_top10_probability,Rank by calibrated Top 10 probability.,2025,5,Saudi Arabian Grand Prix,2025-04-20,bearman,Oliver Bearman,haas,Haas F1 Team,0.305085,12,0.000000,0.000000,13,1.137978,0.357412,0.305085,0.024944
calibrated_top10_probability,Rank by calibrated Top 10 probability.,2025,5,Saudi Arabian Grand Prix,2025-04-20,alonso,Fernando Alonso,aston_martin,Aston Martin,0.305085,13,0.000000,0.000000,11,0.903317,0.318641,0.305085,0.002595
calibrated_top10_probability,Rank by calibrated Top 10 probability.,2025,5,Saudi Arabian Grand Prix,2025-04-20,stroll,Lance Stroll,aston_martin,Aston Martin,0.305085,14,0.000000,0.000000,16,0.479147,0.352970,0.305085,0.014347
calibrated_top10_probability,Rank by calibrated Top 10 probability.,2025,5,Saudi Arabian Grand Prix,2025-04-20,lawson,Liam Lawson,rb,RB F1 Team,0.196078,15,0.000000,0.000000,12,1.091514,0.161092,0.196078,0.001462
calibrated_top10_probability,Rank by calibrated Top 10 probability.,2025,5,Saudi Arabian Grand Prix,2025-04-20,hadjar,Isack Hadjar,rb,RB F1 Team,0.196078,16,0.000000,1.000000,10,0.504383,0.128926,0.196078,0.005946
calibrated_top10_probability,Rank by calibrated Top 10 probability.,2025,5,Saudi Arabian Grand Prix,2025-04-20,doohan,Jack Doohan,alpine,Alpine F1 Team,0.196078,17,0.000000,0.000000,17,0.241065,0.185413,0.196078,0.006198
calibrated_top10_probability,Rank by calibrated Top 10 probability.,2025,5,Saudi Arabian Grand Prix,2025-04-20,hulkenberg,Nico Hülkenberg,sauber,Sauber,0.196078,18,0.000000,0.000000,15,0.197888,0.168180,0.196078,0.000747
calibrated_top10_probability,Rank by calibrated Top 10 probability.,2025,5,Saudi Arabian Grand Prix,2025-04-20,bortoleto,Gabriel Bortoleto,sauber,Sauber,0.196078,19,0.000000,0.000000,18,0.080207,0.119587,0.196078,0.001537
calibrated_top10_probability,Rank by calibrated Top 10 probability.,2025,5,Saudi Arabian Grand Prix,2025-04-20,ocon,Esteban Ocon,haas,Haas F1 Team,0.159091,20,0.000000,0.000000,14,1.123755,0.292118,0.159091,0.019694
calibrated_top10_probability,Rank by calibrated Top 10 probability.,2025,6,Miami Grand Prix,2025-05-04,max_verstappen,Max Verstappen,red_bull,Red Bull,0.952381,1,25.000000,12.000000,4,18.369568,0.937716,0.952381,0.917158
calibrated_top10_probability,Rank by calibrated Top 10 probability.,2025,6,Miami Grand Prix,2025-05-04,norris,Lando Norris,mclaren,McLaren,0.952381,2,18.000000,18.000000,2,15.959769,0.954522,0.952381,0.938484
calibrated_top10_probability,Rank by calibrated Top 10 probability.,2025,6,Miami Grand Prix,2025-05-04,piastri,Oscar Piastri,mclaren,McLaren,0.952381,3,15.000000,25.000000,1,14.842419,0.913460,0.952381,0.907494
calibrated_top10_probability,Rank by calibrated Top 10 probability.,2025,6,Miami Grand Prix,2025-05-04,antonelli,Andrea Kimi Antonelli,mercedes,Mercedes,0.900000,4,12.000000,8.000000,6,10.475625,0.846677,0.900000,0.825318
calibrated_top10_probability,Rank by calibrated Top 10 probability.,2025,6,Miami Grand Prix,2025-05-04,russell,George Russell,mercedes,Mercedes,0.900000,5,10.000000,15.000000,3,9.967729,0.859730,0.900000,0.663489
calibrated_top10_probability,Rank by calibrated Top 10 probability.,2025,6,Miami Grand Prix,2025-05-04,leclerc,Charles Leclerc,ferrari,Ferrari,0.743590,6,8.000000,6.000000,7,7.066853,0.779803,0.743590,0.396362
calibrated_top10_probability,Rank by calibrated Top 10 probability.,2025,6,Miami Grand Prix,2025-05-04,sainz,Carlos Sainz,williams,Williams,0.630435,7,6.000000,2.000000,9,4.318857,0.682705,0.630435,0.101081
calibrated_top10_probability,Rank by calibrated Top 10 probability.,2025,6,Miami Grand Prix,2025-05-04,albon,Alexander Albon,williams,Williams,0.630435,8,4.000000,10.000000,5,3.712210,0.681540,0.630435,0.070219
calibrated_top10_probability,Rank by calibrated Top 10 probability.,2025,6,Miami Grand Prix,2025-05-04,hamilton,Lewis Hamilton,ferrari,Ferrari,0.404255,9,2.000000,4.000000,8,4.940308,0.518658,0.404255,0.155909
calibrated_top10_probability,Rank by calibrated Top 10 probability.,2025,6,Miami Grand Prix,2025-05-04,tsunoda,Yuki Tsunoda,red_bull,Red Bull,0.404255,10,1.000000,1.000000,10,4.111316,0.553427,0.404255,0.103581
calibrated_top10_probability,Rank by calibrated Top 10 probability.,2025,6,Miami Grand Prix,2025-05-04,ocon,Esteban Ocon,haas,Haas F1 Team,0.333333,11,0.000000,0.000000,12,2.161280,0.455027,0.333333,0.033964
calibrated_top10_probability,Rank by calibrated Top 10 probability.,2025,6,Miami Grand Prix,2025-05-04,doohan,Jack Doohan,alpine,Alpine F1 Team,0.295082,12,0.000000,0.000000,20,0.336771,0.346742,0.295082,0.009099
calibrated_top10_probability,Rank by calibrated Top 10 probability.,2025,6,Miami Grand Prix,2025-05-04,alonso,Fernando Alonso,aston_martin,Aston Martin,0.220000,13,0.000000,0.000000,15,0.627933,0.175347,0.220000,0.008592
calibrated_top10_probability,Rank by calibrated Top 10 probability.,2025,6,Miami Grand Prix,2025-05-04,bearman,Oliver Bearman,haas,Haas F1 Team,0.220000,14,0.000000,0.000000,19,0.602207,0.198443,0.220000,0.008477
calibrated_top10_probability,Rank by calibrated Top 10 probability.,2025,6,Miami Grand Prix,2025-05-04,gasly,Pierre Gasly,alpine,Alpine F1 Team,0.220000,15,0.000000,0.000000,13,0.548741,0.164224,0.220000,0.019416
calibrated_top10_probability,Rank by calibrated Top 10 probability.,2025,6,Miami Grand Prix,2025-05-04,stroll,Lance Stroll,aston_martin,Aston Martin,0.220000,16,0.000000,0.000000,16,0.323708,0.177556,0.220000,0.006813
calibrated_top10_probability,Rank by calibrated Top 10 probability.,2025,6,Miami Grand Prix,2025-05-04,lawson,Liam Lawson,rb,RB F1 Team,0.220000,17,0.000000,0.000000,17,0.292239,0.106790,0.220000,0.002886
calibrated_top10_probability,Rank by calibrated Top 10 probability.,2025,6,Miami Grand Prix,2025-05-04,hulkenberg,Nico Hülkenberg,sauber,Sauber,0.220000,18,0.000000,0.000000,14,0.275923,0.192857,0.220000,0.000572
calibrated_top10_probability,Rank by calibrated Top 10 probability.,2025,6,Miami Grand Prix,2025-05-04,hadjar,Isack Hadjar,rb,RB F1 Team,0.162791,19,0.000000,0.000000,11,1.759773,0.207201,0.162791,0.012842
calibrated_top10_probability,Rank by calibrated Top 10 probability.,2025,6,Miami Grand Prix,2025-05-04,bortoleto,Gabriel Bortoleto,sauber,Sauber,0.162791,20,0.000000,0.000000,18,0.448609,0.228695,0.162791,0.003032
calibrated_top10_probability,Rank by calibrated Top 10 probability.,2025,7,Emilia Romagna Grand Prix,2025-05-18,piastri,Oscar Piastri,mclaren,McLaren,0.951220,1,25.000000,15.000000,3,19.294477,0.949714,0.951220,0.966933
calibrated_top10_probability,Rank by calibrated Top 10 probability.,2025,7,Emilia Romagna Grand Prix,2025-05-18,max_verstappen,Max Verstappen,red_bull,Red Bull,0.951220,2,18.000000,25.000000,1,14.553887,0.912470,0.951220,0.919989
calibrated_top10_probability,Rank by calibrated Top 10 probability.,2025,7,Emilia Romagna Grand Prix,2025-05-18,russell,George Russell,mercedes,Mercedes,0.951220,3,15.000000,6.000000,7,12.903680,0.903569,0.951220,0.880829
calibrated_top10_probability,Rank by calibrated Top 10 probability.,2025,7,Emilia Romagna Grand Prix,2025-05-18,norris,Lando Norris,mclaren,McLaren,0.951220,4,12.000000,18.000000,2,12.379548,0.937965,0.951220,0.848976
calibrated_top10_probability,Rank by calibrated Top 10 probability.,2025,7,Emilia Romagna Grand Prix,2025-05-18,sainz,Carlos Sainz,williams,Williams,0.736842,5,10.000000,4.000000,8,4.958266,0.707139,0.736842,0.130605
calibrated_top10_probability,Rank by calibrated Top 10 probability.,2025,7,Emilia Romagna Grand Prix,2025-05-18,albon,Alexander Albon,williams,Williams,0.736842,6,8.000000,10.000000,5,4.491432,0.709252,0.736842,0.043975
calibrated_top10_probability,Rank by calibrated Top 10 probability.,2025,7,Emilia Romagna Grand Prix,2025-05-18,leclerc,Charles Leclerc,ferrari,Ferrari,0.666667,7,6.000000,8.000000,6,5.152344,0.611101,0.666667,0.315676
calibrated_top10_probability,Rank by calibrated Top 10 probability.,2025,7,Emilia Romagna Grand Prix,2025-05-18,alonso,Fernando Alonso,aston_martin,Aston Martin,0.666667,8,4.000000,0.000000,11,4.733526,0.688756,0.666667,0.103471
calibrated_top10_probability,Rank by calibrated Top 10 probability.,2025,7,Emilia Romagna Grand Prix,2025-05-18,stroll,Lance Stroll,aston_martin,Aston Martin,0.666667,9,2.000000,0.000000,15,2.277572,0.637199,0.666667,0.069353
calibrated_top10_probability,Rank by calibrated Top 10 probability.,2025,7,Emilia Romagna Grand Prix,2025-05-18,hamilton,Lewis Hamilton,ferrari,Ferrari,0.413043,10,1.000000,12.000000,4,4.337107,0.505501,0.413043,0.247286
calibrated_top10_probability,Rank by calibrated Top 10 probability.,2025,7,Emilia Romagna Grand Prix,2025-05-18,gasly,Pierre Gasly,alpine,Alpine F1 Team,0.413043,11,0.000000,0.000000,13,1.970146,0.577908,0.413043,0.107290
calibrated_top10_probability,Rank by calibrated Top 10 probability.,2025,7,Emilia Romagna Grand Prix,2025-05-18,hadjar,Isack Hadjar,rb,RB F1 Team,0.413043,12,0.000000,2.000000,9,1.817109,0.558637,0.413043,0.010114
calibrated_top10_probability,Rank by calibrated Top 10 probability.,2025,7,Emilia Romagna Grand Prix,2025-05-18,antonelli,Andrea Kimi Antonelli,mercedes,Mercedes,0.333333,13,0.000000,0.000000,19,3.882088,0.451285,0.333333,0.248822
calibrated_top10_probability,Rank by calibrated Top 10 probability.,2025,7,Emilia Romagna Grand Prix,2025-05-18,ocon,Esteban Ocon,haas,Haas F1 Team,0.207547,14,0.000000,0.000000,20,0.636089,0.160949,0.207547,0.006413
calibrated_top10_probability,Rank by calibrated Top 10 probability.,2025,7,Emilia Romagna Grand Prix,2025-05-18,colapinto,Franco Colapinto,alpine,Alpine F1 Team,0.207547,15,0.000000,0.000000,16,0.228679,0.182258,0.207547,0.007442
calibrated_top10_probability,Rank by calibrated Top 10 probability.,2025,7,Emilia Romagna Grand Prix,2025-05-18,hulkenberg,Nico Hülkenberg,sauber,Sauber,0.207547,16,0.000000,0.000000,12,0.223751,0.173453,0.207547,0.000944
calibrated_top10_probability,Rank by calibrated Top 10 probability.,2025,7,Emilia Romagna Grand Prix,2025-05-18,tsunoda,Yuki Tsunoda,red_bull,Red Bull,0.142857,17,0.000000,1.000000,10,1.957616,0.280440,0.142857,0.014214
calibrated_top10_probability,Rank by calibrated Top 10 probability.,2025,7,Emilia Romagna Grand Prix,2025-05-18,bearman,Oliver Bearman,haas,Haas F1 Team,0.142857,18,0.000000,0.000000,17,0.446646,0.209705,0.142857,0.008085
calibrated_top10_probability,Rank by calibrated Top 10 probability.,2025,7,Emilia Romagna Grand Prix,2025-05-18,bortoleto,Gabriel Bortoleto,sauber,Sauber,0.142857,19,0.000000,0.000000,18,0.175154,0.201840,0.142857,0.003341
calibrated_top10_probability,Rank by calibrated Top 10 probability.,2025,7,Emilia Romagna Grand Prix,2025-05-18,lawson,Liam Lawson,rb,RB F1 Team,0.047619,20,0.000000,0.000000,14,0.136288,0.096951,0.047619,0.002736
calibrated_top10_probability,Rank by calibrated Top 10 probability.,2025,8,Monaco Grand Prix,2025-05-25,norris,Lando Norris,mclaren,McLaren,0.953488,1,25.000000,25.000000,1,16.710382,0.968978,0.953488,0.944802
calibrated_top10_probability,Rank by calibrated Top 10 probability.,2025,8,Monaco Grand Prix,2025-05-25,piastri,Oscar Piastri,mclaren,McLaren,0.953488,2,18.000000,15.000000,3,14.923521,0.925834,0.953488,0.942944
calibrated_top10_probability,Rank by calibrated Top 10 probability.,2025,8,Monaco Grand Prix,2025-05-25,leclerc,Charles Leclerc,ferrari,Ferrari,0.898551,3,15.000000,18.000000,2,13.706184,0.877217,0.898551,0.875662
calibrated_top10_probability,Rank by calibrated Top 10 probability.,2025,8,Monaco Grand Prix,2025-05-25,max_verstappen,Max Verstappen,red_bull,Red Bull,0.898551,4,12.000000,12.000000,4,11.882826,0.835499,0.898551,0.804182
calibrated_top10_probability,Rank by calibrated Top 10 probability.,2025,8,Monaco Grand Prix,2025-05-25,hamilton,Lewis Hamilton,ferrari,Ferrari,0.898551,5,10.000000,10.000000,5,9.428729,0.806804,0.898551,0.463131
calibrated_top10_probability,Rank by calibrated Top 10 probability.,2025,8,Monaco Grand Prix,2025-05-25,hadjar,Isack Hadjar,rb,RB F1 Team,0.636364,6,8.000000,8.000000,6,4.290340,0.698697,0.636364,0.100383
calibrated_top10_probability,Rank by calibrated Top 10 probability.,2025,8,Monaco Grand Prix,2025-05-25,alonso,Fernando Alonso,aston_martin,Aston Martin,0.636364,7,6.000000,0.000000,19,3.603007,0.628743,0.636364,0.020366
calibrated_top10_probability,Rank by calibrated Top 10 probability.,2025,8,Monaco Grand Prix,2025-05-25,albon,Alexander Albon,williams,Williams,0.636364,8,4.000000,2.000000,9,3.131722,0.619368,0.636364,0.011302
calibrated_top10_probability,Rank by calibrated Top 10 probability.,2025,8,Monaco Grand Prix,2025-05-25,ocon,Esteban Ocon,haas,Haas F1 Team,0.636364,9,2.000000,6.000000,7,2.453555,0.642835,0.636364,0.018980
calibrated_top10_probability,Rank by calibrated Top 10 probability.,2025,8,Monaco Grand Prix,2025-05-25,russell,George Russell,mercedes,Mercedes,0.422222,10,1.000000,0.000000,11,4.347977,0.556612,0.422222,0.184913
calibrated_top10_probability,Rank by calibrated Top 10 probability.,2025,8,Monaco Grand Prix,2025-05-25,antonelli,Andrea Kimi Antonelli,mercedes,Mercedes,0.422222,11,0.000000,0.000000,18,3.183406,0.527621,0.422222,0.079894
calibrated_top10_probability,Rank by calibrated Top 10 probability.,2025,8,Monaco Grand Prix,2025-05-25,sainz,Carlos Sainz,williams,Williams,0.422222,12,0.000000,1.000000,10,2.556933,0.533140,0.422222,0.026911
calibrated_top10_probability,Rank by calibrated Top 10 probability.,2025,8,Monaco Grand Prix,2025-05-25,lawson,Liam Lawson,rb,RB F1 Team,0.422222,13,0.000000,4.000000,8,1.648219,0.541190,0.422222,0.008114
calibrated_top10_probability,Rank by calibrated Top 10 probability.,2025,8,Monaco Grand Prix,2025-05-25,tsunoda,Yuki Tsunoda,red_bull,Red Bull,0.342105,14,0.000000,0.000000,17,3.572100,0.442453,0.342105,0.019587
calibrated_top10_probability,Rank by calibrated Top 10 probability.,2025,8,Monaco Grand Prix,2025-05-25,hulkenberg,Nico Hülkenberg,sauber,Sauber,0.342105,15,0.000000,0.000000,16,0.558078,0.426608,0.342105,0.002013
calibrated_top10_probability,Rank by calibrated Top 10 probability.,2025,8,Monaco Grand Prix,2025-05-25,bortoleto,Gabriel Bortoleto,sauber,Sauber,0.295082,16,0.000000,0.000000,14,0.075872,0.306340,0.295082,0.003141
calibrated_top10_probability,Rank by calibrated Top 10 probability.,2025,8,Monaco Grand Prix,2025-05-25,bearman,Oliver Bearman,haas,Haas F1 Team,0.207547,17,0.000000,0.000000,12,0.250514,0.138487,0.207547,0.002976
calibrated_top10_probability,Rank by calibrated Top 10 probability.,2025,8,Monaco Grand Prix,2025-05-25,gasly,Pierre Gasly,alpine,Alpine F1 Team,0.207547,18,0.000000,0.000000,20,0.190431,0.134662,0.207547,0.048881
calibrated_top10_probability,Rank by calibrated Top 10 probability.,2025,8,Monaco Grand Prix,2025-05-25,stroll,Lance Stroll,aston_martin,Aston Martin,0.207547,19,0.000000,0.000000,15,0.174431,0.183221,0.207547,0.005088
calibrated_top10_probability,Rank by calibrated Top 10 probability.,2025,8,Monaco Grand Prix,2025-05-25,colapinto,Franco Colapinto,alpine,Alpine F1 Team,0.047619,20,0.000000,0.000000,13,0.033846,0.098518,0.047619,0.003891
calibrated_top10_probability,Rank by calibrated Top 10 probability.,2025,9,Spanish Grand Prix,2025-06-01,norris,Lando Norris,mclaren,McLaren,0.952381,1,25.000000,18.000000,2,16.890375,0.966777,0.952381,0.966692
calibrated_top10_probability,Rank by calibrated Top 10 probability.,2025,9,Spanish Grand Prix,2025-06-01,piastri,Oscar Piastri,mclaren,McLaren,0.952381,2,18.000000,25.000000,1,16.186159,0.940596,0.952381,0.949905
calibrated_top10_probability,Rank by calibrated Top 10 probability.,2025,9,Spanish Grand Prix,2025-06-01,max_verstappen,Max Verstappen,red_bull,Red Bull,0.952381,3,15.000000,1.000000,10,13.096909,0.913733,0.952381,0.896135
calibrated_top10_probability,Rank by calibrated Top 10 probability.,2025,9,Spanish Grand Prix,2025-06-01,russell,George Russell,mercedes,Mercedes,0.900000,4,12.000000,12.000000,4,10.508159,0.852124,0.900000,0.743629
calibrated_top10_probability,Rank by calibrated Top 10 probability.,2025,9,Spanish Grand Prix,2025-06-01,hamilton,Lewis Hamilton,ferrari,Ferrari,0.900000,5,10.000000,8.000000,6,9.195802,0.813380,0.900000,0.570974
calibrated_top10_probability,Rank by calibrated Top 10 probability.,2025,9,Spanish Grand Prix,2025-06-01,leclerc,Charles Leclerc,ferrari,Ferrari,0.763158,6,8.000000,15.000000,3,7.427987,0.779375,0.763158,0.352415
calibrated_top10_probability,Rank by calibrated Top 10 probability.,2025,9,Spanish Grand Prix,2025-06-01,antonelli,Andrea Kimi Antonelli,mercedes,Mercedes,0.763158,7,6.000000,0.000000,18,7.190023,0.737402,0.763158,0.327612
calibrated_top10_probability,Rank by calibrated Top 10 probability.,2025,9,Spanish Grand Prix,2025-06-01,hadjar,Isack Hadjar,rb,RB F1 Team,0.630435,8,4.000000,6.000000,7,2.554962,0.621152,0.630435,0.168076
calibrated_top10_probability,Rank by calibrated Top 10 probability.,2025,9,Spanish Grand Prix,2025-06-01,gasly,Pierre Gasly,alpine,Alpine F1 Team,0.630435,9,2.000000,4.000000,8,2.360318,0.619202,0.630435,0.134209
calibrated_top10_probability,Rank by calibrated Top 10 probability.,2025,9,Spanish Grand Prix,2025-06-01,albon,Alexander Albon,williams,Williams,0.437500,10,1.000000,0.000000,19,2.975746,0.544249,0.437500,0.067515
calibrated_top10_probability,Rank by calibrated Top 10 probability.,2025,9,Spanish Grand Prix,2025-06-01,alonso,Fernando Alonso,aston_martin,Aston Martin,0.307692,11,0.000000,2.000000,9,1.801306,0.415206,0.307692,0.004530
calibrated_top10_probability,Rank by calibrated Top 10 probability.,2025,9,Spanish Grand Prix,2025-06-01,ocon,Esteban Ocon,haas,Haas F1 Team,0.295082,12,0.000000,0.000000,16,0.675719,0.310952,0.295082,0.013221
calibrated_top10_probability,Rank by calibrated Top 10 probability.,2025,9,Spanish Grand Prix,2025-06-01,hulkenberg,Nico Hülkenberg,sauber,Sauber,0.185185,13,0.000000,10.000000,5,0.287717,0.157874,0.185185,0.003234
calibrated_top10_probability,Rank by calibrated Top 10 probability.,2025,9,Spanish Grand Prix,2025-06-01,colapinto,Franco Colapinto,alpine,Alpine F1 Team,0.185185,14,0.000000,0.000000,15,0.074052,0.107778,0.185185,0.009547
calibrated_top10_probability,Rank by calibrated Top 10 probability.,2025,9,Spanish Grand Prix,2025-06-01,tsunoda,Yuki Tsunoda,red_bull,Red Bull,0.175000,15,0.000000,0.000000,13,2.555537,0.272531,0.175000,0.021314
calibrated_top10_probability,Rank by calibrated Top 10 probability.,2025,9,Spanish Grand Prix,2025-06-01,sainz,Carlos Sainz,williams,Williams,0.175000,16,0.000000,0.000000,14,1.357365,0.289566,0.175000,0.064428
calibrated_top10_probability,Rank by calibrated Top 10 probability.,2025,9,Spanish Grand Prix,2025-06-01,bortoleto,Gabriel Bortoleto,sauber,Sauber,0.175000,17,0.000000,0.000000,12,0.913503,0.224599,0.175000,0.011104
calibrated_top10_probability,Rank by calibrated Top 10 probability.,2025,9,Spanish Grand Prix,2025-06-01,lawson,Liam Lawson,rb,RB F1 Team,0.175000,18,0.000000,0.000000,11,0.829445,0.269318,0.175000,0.036093
calibrated_top10_probability,Rank by calibrated Top 10 probability.,2025,9,Spanish Grand Prix,2025-06-01,bearman,Oliver Bearman,haas,Haas F1 Team,0.175000,19,0.000000,0.000000,17,0.432872,0.220602,0.175000,0.011549
calibrated_top10_probability,Rank by calibrated Top 10 probability.,2025,10,Canadian Grand Prix,2025-06-15,max_verstappen,Max Verstappen,red_bull,Red Bull,0.953488,1,25.000000,18.000000,2,14.545186,0.912470,0.953488,0.914289
calibrated_top10_probability,Rank by calibrated Top 10 probability.,2025,10,Canadian Grand Prix,2025-06-15,piastri,Oscar Piastri,mclaren,McLaren,0.953488,2,18.000000,12.000000,4,13.108704,0.918121,0.953488,0.849969
calibrated_top10_probability,Rank by calibrated Top 10 probability.,2025,10,Canadian Grand Prix,2025-06-15,russell,George Russell,mercedes,Mercedes,0.913043,3,15.000000,25.000000,1,14.863006,0.896706,0.913043,0.944180
calibrated_top10_probability,Rank by calibrated Top 10 probability.,2025,10,Canadian Grand Prix,2025-06-15,norris,Lando Norris,mclaren,McLaren,0.913043,4,12.000000,0.000000,18,10.616261,0.898375,0.913043,0.720244
calibrated_top10_probability,Rank by calibrated Top 10 probability.,2025,10,Canadian Grand Prix,2025-06-15,hamilton,Lewis Hamilton,ferrari,Ferrari,0.913043,5,10.000000,8.000000,6,10.011489,0.820253,0.913043,0.666663
calibrated_top10_probability,Rank by calibrated Top 10 probability.,2025,10,Canadian Grand Prix,2025-06-15,antonelli,Andrea Kimi Antonelli,mercedes,Mercedes,0.736842,6,8.000000,15.000000,3,8.939481,0.781210,0.736842,0.682009
calibrated_top10_probability,Rank by calibrated Top 10 probability.,2025,10,Canadian Grand Prix,2025-06-15,leclerc,Charles Leclerc,ferrari,Ferrari,0.736842,7,6.000000,10.000000,5,8.029557,0.710544,0.736842,0.406868
calibrated_top10_probability,Rank by calibrated Top 10 probability.,2025,10,Canadian Grand Prix,2025-06-15,alonso,Fernando Alonso,aston_martin,Aston Martin,0.666667,8,4.000000,6.000000,7,4.101035,0.650670,0.666667,0.023492
calibrated_top10_probability,Rank by calibrated Top 10 probability.,2025,10,Canadian Grand Prix,2025-06-15,albon,Alexander Albon,williams,Williams,0.666667,9,2.000000,0.000000,20,2.946351,0.601978,0.666667,0.033402
calibrated_top10_probability,Rank by calibrated Top 10 probability.,2025,10,Canadian Grand Prix,2025-06-15,hadjar,Isack Hadjar,rb,RB F1 Team,0.666667,10,1.000000,0.000000,16,2.143576,0.638910,0.666667,0.083105
calibrated_top10_probability,Rank by calibrated Top 10 probability.,2025,10,Canadian Grand Prix,2025-06-15,tsunoda,Yuki Tsunoda,red_bull,Red Bull,0.315789,11,0.000000,0.000000,12,2.737647,0.424799,0.315789,0.029503
calibrated_top10_probability,Rank by calibrated Top 10 probability.,2025,10,Canadian Grand Prix,2025-06-15,hulkenberg,Nico Hülkenberg,sauber,Sauber,0.315789,12,0.000000,4.000000,8,1.451817,0.440395,0.315789,0.001873
calibrated_top10_probability,Rank by calibrated Top 10 probability.,2025,10,Canadian Grand Prix,2025-06-15,sainz,Carlos Sainz,williams,Williams,0.266667,13,0.000000,1.000000,10,1.295266,0.303282,0.266667,0.030729
calibrated_top10_probability,Rank by calibrated Top 10 probability.,2025,10,Canadian Grand Prix,2025-06-15,ocon,Esteban Ocon,haas,Haas F1 Team,0.266667,14,0.000000,2.000000,9,0.751376,0.376568,0.266667,0.019378
calibrated_top10_probability,Rank by calibrated Top 10 probability.,2025,10,Canadian Grand Prix,2025-06-15,lawson,Liam Lawson,rb,RB F1 Team,0.203704,15,0.000000,0.000000,19,0.628396,0.152750,0.203704,0.032791
calibrated_top10_probability,Rank by calibrated Top 10 probability.,2025,10,Canadian Grand Prix,2025-06-15,stroll,Lance Stroll,aston_martin,Aston Martin,0.203704,16,0.000000,0.000000,17,0.345838,0.139418,0.203704,0.010083
calibrated_top10_probability,Rank by calibrated Top 10 probability.,2025,10,Canadian Grand Prix,2025-06-15,colapinto,Franco Colapinto,alpine,Alpine F1 Team,0.166667,17,0.000000,0.000000,13,1.397969,0.258280,0.166667,0.006204
calibrated_top10_probability,Rank by calibrated Top 10 probability.,2025,10,Canadian Grand Prix,2025-06-15,bearman,Oliver Bearman,haas,Haas F1 Team,0.166667,18,0.000000,0.000000,11,0.586300,0.234385,0.166667,0.003731
calibrated_top10_probability,Rank by calibrated Top 10 probability.,2025,10,Canadian Grand Prix,2025-06-15,bortoleto,Gabriel Bortoleto,sauber,Sauber,0.166667,19,0.000000,0.000000,14,0.351605,0.209976,0.166667,0.006683
calibrated_top10_probability,Rank by calibrated Top 10 probability.,2025,10,Canadian Grand Prix,2025-06-15,gasly,Pierre Gasly,alpine,Alpine F1 Team,0.047619,20,0.000000,0.000000,15,0.503911,0.078051,0.047619,0.031275
calibrated_top10_probability,Rank by calibrated Top 10 probability.,2025,11,Austrian Grand Prix,2025-06-29,norris,Lando Norris,mclaren,McLaren,0.953488,1,25.000000,25.000000,1,16.238284,0.966464,0.953488,0.941458
calibrated_top10_probability,Rank by calibrated Top 10 probability.,2025,11,Austrian Grand Prix,2025-06-29,piastri,Oscar Piastri,mclaren,McLaren,0.953488,2,18.000000,18.000000,2,13.101794,0.915042,0.953488,0.905831
calibrated_top10_probability,Rank by calibrated Top 10 probability.,2025,11,Austrian Grand Prix,2025-06-29,leclerc,Charles Leclerc,ferrari,Ferrari,0.898551,3,15.000000,15.000000,3,14.729834,0.872672,0.898551,0.878834
calibrated_top10_probability,Rank by calibrated Top 10 probability.,2025,11,Austrian Grand Prix,2025-06-29,hamilton,Lewis Hamilton,ferrari,Ferrari,0.898551,4,12.000000,12.000000,4,10.966931,0.838056,0.898551,0.761329
calibrated_top10_probability,Rank by calibrated Top 10 probability.,2025,11,Austrian Grand Prix,2025-06-29,russell,George Russell,mercedes,Mercedes,0.898551,5,10.000000,10.000000,5,9.535196,0.857703,0.898551,0.699936
calibrated_top10_probability,Rank by calibrated Top 10 probability.,2025,11,Austrian Grand Prix,2025-06-29,max_verstappen,Max Verstappen,red_bull,Red Bull,0.769231,6,8.000000,0.000000,18,7.707000,0.799858,0.769231,0.222977
calibrated_top10_probability,Rank by calibrated Top 10 probability.,2025,11,Austrian Grand Prix,2025-06-29,antonelli,Andrea Kimi Antonelli,mercedes,Mercedes,0.652174,7,6.000000,0.000000,19,5.304489,0.651032,0.652174,0.304952
calibrated_top10_probability,Rank by calibrated Top 10 probability.,2025,11,Austrian Grand Prix,2025-06-29,lawson,Liam Lawson,rb,RB F1 Team,0.652174,8,4.000000,8.000000,6,4.281804,0.663527,0.652174,0.112701
calibrated_top10_probability,Rank by calibrated Top 10 probability.,2025,11,Austrian Grand Prix,2025-06-29,bortoleto,Gabriel Bortoleto,sauber,Sauber,0.425532,9,2.000000,4.000000,8,2.377679,0.560647,0.425532,0.033204
calibrated_top10_probability,Rank by calibrated Top 10 probability.,2025,11,Austrian Grand Prix,2025-06-29,gasly,Pierre Gasly,alpine,Alpine F1 Team,0.425532,10,1.000000,0.000000,13,1.838851,0.573042,0.425532,0.106316
calibrated_top10_probability,Rank by calibrated Top 10 probability.,2025,11,Austrian Grand Prix,2025-06-29,albon,Alexander Albon,williams,Williams,0.333333,11,0.000000,0.000000,17,1.841427,0.489099,0.333333,0.017849
calibrated_top10_probability,Rank by calibrated Top 10 probability.,2025,11,Austrian Grand Prix,2025-06-29,hadjar,Isack Hadjar,rb,RB F1 Team,0.283333,12,0.000000,0.000000,12,1.159558,0.300102,0.283333,0.034061
calibrated_top10_probability,Rank by calibrated Top 10 probability.,2025,11,Austrian Grand Prix,2025-06-29,ocon,Esteban Ocon,haas,Haas F1 Team,0.283333,13,0.000000,1.000000,10,0.683394,0.313089,0.283333,0.006177
calibrated_top10_probability,Rank by calibrated Top 10 probability.,2025,11,Austrian Grand Prix,2025-06-29,hulkenberg,Nico Hülkenberg,sauber,Sauber,0.188679,14,0.000000,2.000000,9,0.677724,0.138853,0.188679,0.002100
calibrated_top10_probability,Rank by calibrated Top 10 probability.,2025,11,Austrian Grand Prix,2025-06-29,stroll,Lance Stroll,aston_martin,Aston Martin,0.188679,15,0.000000,0.000000,14,0.290656,0.181344,0.188679,0.009703
calibrated_top10_probability,Rank by calibrated Top 10 probability.,2025,11,Austrian Grand Prix,2025-06-29,colapinto,Franco Colapinto,alpine,Alpine F1 Team,0.188679,16,0.000000,0.000000,15,0.248062,0.113603,0.188679,0.005244
calibrated_top10_probability,Rank by calibrated Top 10 probability.,2025,11,Austrian Grand Prix,2025-06-29,alonso,Fernando Alonso,aston_martin,Aston Martin,0.146341,17,0.000000,6.000000,7,1.973276,0.276893,0.146341,0.003863
calibrated_top10_probability,Rank by calibrated Top 10 probability.,2025,11,Austrian Grand Prix,2025-06-29,tsunoda,Yuki Tsunoda,red_bull,Red Bull,0.146341,18,0.000000,0.000000,16,1.732216,0.267165,0.146341,0.020179
calibrated_top10_probability,Rank by calibrated Top 10 probability.,2025,11,Austrian Grand Prix,2025-06-29,sainz,Carlos Sainz,williams,Williams,0.146341,19,0.000000,0.000000,20,0.861475,0.263888,0.146341,0.023381
calibrated_top10_probability,Rank by calibrated Top 10 probability.,2025,11,Austrian Grand Prix,2025-06-29,bearman,Oliver Bearman,haas,Haas F1 Team,0.146341,20,0.000000,0.000000,11,0.358241,0.260536,0.146341,0.003632
calibrated_top10_probability,Rank by calibrated Top 10 probability.,2025,12,British Grand Prix,2025-07-06,max_verstappen,Max Verstappen,red_bull,Red Bull,0.952381,1,25.000000,10.000000,5,16.402736,0.906095,0.952381,0.933644
calibrated_top10_probability,Rank by calibrated Top 10 probability.,2025,12,British Grand Prix,2025-07-06,piastri,Oscar Piastri,mclaren,McLaren,0.952381,2,18.000000,18.000000,2,15.213735,0.929615,0.952381,0.936317
calibrated_top10_probability,Rank by calibrated Top 10 probability.,2025,12,British Grand Prix,2025-07-06,norris,Lando Norris,mclaren,McLaren,0.952381,3,15.000000,25.000000,1,12.614586,0.947737,0.952381,0.892274
calibrated_top10_probability,Rank by calibrated Top 10 probability.,2025,12,British Grand Prix,2025-07-06,russell,George Russell,mercedes,Mercedes,0.913043,4,12.000000,1.000000,10,11.181951,0.835541,0.913043,0.723322
calibrated_top10_probability,Rank by calibrated Top 10 probability.,2025,12,British Grand Prix,2025-07-06,hamilton,Lewis Hamilton,ferrari,Ferrari,0.913043,5,10.000000,12.000000,4,10.333887,0.816592,0.913043,0.644777
calibrated_top10_probability,Rank by calibrated Top 10 probability.,2025,12,British Grand Prix,2025-07-06,leclerc,Charles Leclerc,ferrari,Ferrari,0.913043,6,8.000000,0.000000,14,9.596406,0.818868,0.913043,0.575102
calibrated_top10_probability,Rank by calibrated Top 10 probability.,2025,12,British Grand Prix,2025-07-06,antonelli,Andrea Kimi Antonelli,mercedes,Mercedes,0.769231,7,6.000000,0.000000,16,6.674661,0.768279,0.769231,0.275782
calibrated_top10_probability,Rank by calibrated Top 10 probability.,2025,12,British Grand Prix,2025-07-06,alonso,Fernando Alonso,aston_martin,Aston Martin,0.638298,8,4.000000,2.000000,9,3.068161,0.612388,0.638298,0.059072
calibrated_top10_probability,Rank by calibrated Top 10 probability.,2025,12,British Grand Prix,2025-07-06,sainz,Carlos Sainz,williams,Williams,0.425532,9,2.000000,0.000000,12,2.017317,0.509983,0.425532,0.056714
calibrated_top10_probability,Rank by calibrated Top 10 probability.,2025,12,British Grand Prix,2025-07-06,gasly,Pierre Gasly,alpine,Alpine F1 Team,0.425532,10,1.000000,8.000000,6,1.988642,0.558683,0.425532,0.097212
calibrated_top10_probability,Rank by calibrated Top 10 probability.,2025,12,British Grand Prix,2025-07-06,tsunoda,Yuki Tsunoda,red_bull,Red Bull,0.310345,11,0.000000,0.000000,15,2.838347,0.346470,0.310345,0.009261
calibrated_top10_probability,Rank by calibrated Top 10 probability.,2025,12,British Grand Prix,2025-07-06,hadjar,Isack Hadjar,rb,RB F1 Team,0.310345,12,0.000000,0.000000,17,1.360442,0.329948,0.310345,0.029908
calibrated_top10_probability,Rank by calibrated Top 10 probability.,2025,12,British Grand Prix,2025-07-06,bearman,Oliver Bearman,haas,Haas F1 Team,0.310345,13,0.000000,0.000000,11,1.347800,0.347169,0.310345,0.003381
calibrated_top10_probability,Rank by calibrated Top 10 probability.,2025,12,British Grand Prix,2025-07-06,ocon,Esteban Ocon,haas,Haas F1 Team,0.310345,14,0.000000,0.000000,13,0.540173,0.385018,0.310345,0.004847
calibrated_top10_probability,Rank by calibrated Top 10 probability.,2025,12,British Grand Prix,2025-07-06,albon,Alexander Albon,williams,Williams,0.307692,15,0.000000,4.000000,8,1.003704,0.403611,0.307692,0.006421
calibrated_top10_probability,Rank by calibrated Top 10 probability.,2025,12,British Grand Prix,2025-07-06,hulkenberg,Nico Hülkenberg,sauber,Sauber,0.169811,16,0.000000,15.000000,3,0.951953,0.162581,0.169811,0.004703
calibrated_top10_probability,Rank by calibrated Top 10 probability.,2025,12,British Grand Prix,2025-07-06,bortoleto,Gabriel Bortoleto,sauber,Sauber,0.169811,17,0.000000,0.000000,18,0.576129,0.189625,0.169811,0.022336
calibrated_top10_probability,Rank by calibrated Top 10 probability.,2025,12,British Grand Prix,2025-07-06,stroll,Lance Stroll,aston_martin,Aston Martin,0.169811,18,0.000000,6.000000,7,0.369225,0.132395,0.169811,0.016212
calibrated_top10_probability,Rank by calibrated Top 10 probability.,2025,12,British Grand Prix,2025-07-06,lawson,Liam Lawson,rb,RB F1 Team,0.159091,19,0.000000,0.000000,19,0.743583,0.251098,0.159091,0.030876
calibrated_top10_probability,Rank by calibrated Top 10 probability.,2025,12,British Grand Prix,2025-07-06,colapinto,Franco Colapinto,alpine,Alpine F1 Team,0.047619,20,0.000000,0.000000,20,0.217782,0.062445,0.047619,0.006600
calibrated_top10_probability,Rank by calibrated Top 10 probability.,2025,13,Belgian Grand Prix,2025-07-27,norris,Lando Norris,mclaren,McLaren,0.953488,1,25.000000,18.000000,2,17.739589,0.969810,0.953488,0.959669
calibrated_top10_probability,Rank by calibrated Top 10 probability.,2025,13,Belgian Grand Prix,2025-07-27,piastri,Oscar Piastri,mclaren,McLaren,0.953488,2,18.000000,25.000000,1,16.339358,0.923079,0.953488,0.940574
calibrated_top10_probability,Rank by calibrated Top 10 probability.,2025,13,Belgian Grand Prix,2025-07-27,leclerc,Charles Leclerc,ferrari,Ferrari,0.898551,3,15.000000,15.000000,3,11.770864,0.862614,0.898551,0.767433
calibrated_top10_probability,Rank by calibrated Top 10 probability.,2025,13,Belgian Grand Prix,2025-07-27,max_verstappen,Max Verstappen,red_bull,Red Bull,0.898551,4,12.000000,12.000000,4,11.252503,0.865908,0.898551,0.815837
calibrated_top10_probability,Rank by calibrated Top 10 probability.,2025,13,Belgian Grand Prix,2025-07-27,russell,George Russell,mercedes,Mercedes,0.898551,5,10.000000,10.000000,5,8.643106,0.809560,0.898551,0.454202
calibrated_top10_probability,Rank by calibrated Top 10 probability.,2025,13,Belgian Grand Prix,2025-07-27,albon,Alexander Albon,williams,Williams,0.743590,6,8.000000,8.000000,6,5.824244,0.755950,0.743590,0.099778
calibrated_top10_probability,Rank by calibrated Top 10 probability.,2025,13,Belgian Grand Prix,2025-07-27,tsunoda,Yuki Tsunoda,red_bull,Red Bull,0.673913,7,6.000000,0.000000,13,4.914723,0.606792,0.673913,0.062419
calibrated_top10_probability,Rank by calibrated Top 10 probability.,2025,13,Belgian Grand Prix,2025-07-27,hadjar,Isack Hadjar,rb,RB F1 Team,0.673913,8,4.000000,0.000000,20,2.347712,0.617218,0.673913,0.052219
calibrated_top10_probability,Rank by calibrated Top 10 probability.,2025,13,Belgian Grand Prix,2025-07-27,bortoleto,Gabriel Bortoleto,sauber,Sauber,0.413043,9,2.000000,2.000000,9,1.953203,0.539712,0.413043,0.078555
calibrated_top10_probability,Rank by calibrated Top 10 probability.,2025,13,Belgian Grand Prix,2025-07-27,lawson,Liam Lawson,rb,RB F1 Team,0.413043,10,1.000000,4.000000,8,1.927943,0.573662,0.413043,0.031134
calibrated_top10_probability,Rank by calibrated Top 10 probability.,2025,13,Belgian Grand Prix,2025-07-27,ocon,Esteban Ocon,haas,Haas F1 Team,0.413043,11,0.000000,0.000000,15,1.562749,0.548013,0.413043,0.013530
calibrated_top10_probability,Rank by calibrated Top 10 probability.,2025,13,Belgian Grand Prix,2025-07-27,antonelli,Andrea Kimi Antonelli,mercedes,Mercedes,0.324324,12,0.000000,0.000000,16,3.432531,0.468324,0.324324,0.132598
calibrated_top10_probability,Rank by calibrated Top 10 probability.,2025,13,Belgian Grand Prix,2025-07-27,hulkenberg,Nico Hülkenberg,sauber,Sauber,0.324324,13,0.000000,0.000000,12,1.739537,0.414286,0.324324,0.005598
calibrated_top10_probability,Rank by calibrated Top 10 probability.,2025,13,Belgian Grand Prix,2025-07-27,gasly,Pierre Gasly,alpine,Alpine F1 Team,0.324324,14,0.000000,1.000000,10,0.851475,0.428331,0.324324,0.081008
calibrated_top10_probability,Rank by calibrated Top 10 probability.,2025,13,Belgian Grand Prix,2025-07-27,hamilton,Lewis Hamilton,ferrari,Ferrari,0.283333,15,0.000000,6.000000,7,4.964226,0.356974,0.283333,0.335536
calibrated_top10_probability,Rank by calibrated Top 10 probability.,2025,13,Belgian Grand Prix,2025-07-27,sainz,Carlos Sainz,williams,Williams,0.283333,16,0.000000,0.000000,18,0.746680,0.328844,0.283333,0.010143
calibrated_top10_probability,Rank by calibrated Top 10 probability.,2025,13,Belgian Grand Prix,2025-07-27,alonso,Fernando Alonso,aston_martin,Aston Martin,0.203704,17,0.000000,0.000000,17,1.112779,0.144292,0.203704,0.014850
calibrated_top10_probability,Rank by calibrated Top 10 probability.,2025,13,Belgian Grand Prix,2025-07-27,stroll,Lance Stroll,aston_martin,Aston Martin,0.203704,18,0.000000,0.000000,14,0.683023,0.142046,0.203704,0.027927
calibrated_top10_probability,Rank by calibrated Top 10 probability.,2025,13,Belgian Grand Prix,2025-07-27,bearman,Oliver Bearman,haas,Haas F1 Team,0.159091,19,0.000000,0.000000,11,0.967386,0.271516,0.159091,0.006329
calibrated_top10_probability,Rank by calibrated Top 10 probability.,2025,13,Belgian Grand Prix,2025-07-27,colapinto,Franco Colapinto,alpine,Alpine F1 Team,0.047619,20,0.000000,0.000000,19,0.185484,0.082059,0.047619,0.014151
calibrated_top10_probability,Rank by calibrated Top 10 probability.,2025,14,Hungarian Grand Prix,2025-08-03,piastri,Oscar Piastri,mclaren,McLaren,0.953488,1,25.000000,18.000000,2,16.746460,0.933944,0.953488,0.973803
calibrated_top10_probability,Rank by calibrated Top 10 probability.,2025,14,Hungarian Grand Prix,2025-08-03,norris,Lando Norris,mclaren,McLaren,0.953488,2,18.000000,25.000000,1,14.999677,0.929150,0.953488,0.955866
calibrated_top10_probability,Rank by calibrated Top 10 probability.,2025,14,Hungarian Grand Prix,2025-08-03,leclerc,Charles Leclerc,ferrari,Ferrari,0.900000,3,15.000000,12.000000,4,17.086869,0.890109,0.900000,0.940765
calibrated_top10_probability,Rank by calibrated Top 10 probability.,2025,14,Hungarian Grand Prix,2025-08-03,russell,George Russell,mercedes,Mercedes,0.900000,4,12.000000,15.000000,3,9.708172,0.852124,0.900000,0.729132
calibrated_top10_probability,Rank by calibrated Top 10 probability.,2025,14,Hungarian Grand Prix,2025-08-03,max_verstappen,Max Verstappen,red_bull,Red Bull,0.729730,5,10.000000,2.000000,9,6.371328,0.754811,0.729730,0.209898
calibrated_top10_probability,Rank by calibrated Top 10 probability.,2025,14,Hungarian Grand Prix,2025-08-03,alonso,Fernando Alonso,aston_martin,Aston Martin,0.729730,6,8.000000,10.000000,5,5.665710,0.734256,0.729730,0.138007
calibrated_top10_probability,Rank by calibrated Top 10 probability.,2025,14,Hungarian Grand Prix,2025-08-03,stroll,Lance Stroll,aston_martin,Aston Martin,0.729730,7,6.000000,6.000000,7,4.569591,0.713551,0.729730,0.148884
calibrated_top10_probability,Rank by calibrated Top 10 probability.,2025,14,Hungarian Grand Prix,2025-08-03,bortoleto,Gabriel Bortoleto,sauber,Sauber,0.630435,8,4.000000,8.000000,6,3.793318,0.629973,0.630435,0.110194
calibrated_top10_probability,Rank by calibrated Top 10 probability.,2025,14,Hungarian Grand Prix,2025-08-03,lawson,Liam Lawson,rb,RB F1 Team,0.630435,9,2.000000,4.000000,8,2.264560,0.602448,0.630435,0.080236
calibrated_top10_probability,Rank by calibrated Top 10 probability.,2025,14,Hungarian Grand Prix,2025-08-03,hamilton,Lewis Hamilton,ferrari,Ferrari,0.437500,10,1.000000,0.000000,12,6.150836,0.532102,0.437500,0.334784
calibrated_top10_probability,Rank by calibrated Top 10 probability.,2025,14,Hungarian Grand Prix,2025-08-03,hadjar,Isack Hadjar,rb,RB F1 Team,0.333333,11,0.000000,0.000000,11,1.650314,0.488688,0.333333,0.052608
calibrated_top10_probability,Rank by calibrated Top 10 probability.,2025,14,Hungarian Grand Prix,2025-08-03,antonelli,Andrea Kimi Antonelli,mercedes,Mercedes,0.283333,12,0.000000,1.000000,10,2.211936,0.391414,0.283333,0.090326
calibrated_top10_probability,Rank by calibrated Top 10 probability.,2025,14,Hungarian Grand Prix,2025-08-03,sainz,Carlos Sainz,williams,Williams,0.283333,13,0.000000,0.000000,14,1.027276,0.387719,0.283333,0.009266
calibrated_top10_probability,Rank by calibrated Top 10 probability.,2025,14,Hungarian Grand Prix,2025-08-03,gasly,Pierre Gasly,alpine,Alpine F1 Team,0.203704,14,0.000000,0.000000,19,0.588795,0.184778,0.203704,0.062696
calibrated_top10_probability,Rank by calibrated Top 10 probability.,2025,14,Hungarian Grand Prix,2025-08-03,colapinto,Franco Colapinto,alpine,Alpine F1 Team,0.203704,15,0.000000,0.000000,18,0.228201,0.110878,0.203704,0.013770
calibrated_top10_probability,Rank by calibrated Top 10 probability.,2025,14,Hungarian Grand Prix,2025-08-03,hulkenberg,Nico Hülkenberg,sauber,Sauber,0.170732,16,0.000000,0.000000,13,1.608448,0.227028,0.170732,0.004469
calibrated_top10_probability,Rank by calibrated Top 10 probability.,2025,14,Hungarian Grand Prix,2025-08-03,tsunoda,Yuki Tsunoda,red_bull,Red Bull,0.170732,17,0.000000,0.000000,17,1.583560,0.295198,0.170732,0.008999
calibrated_top10_probability,Rank by calibrated Top 10 probability.,2025,14,Hungarian Grand Prix,2025-08-03,albon,Alexander Albon,williams,Williams,0.170732,18,0.000000,0.000000,15,1.315171,0.265349,0.170732,0.028351
calibrated_top10_probability,Rank by calibrated Top 10 probability.,2025,14,Hungarian Grand Prix,2025-08-03,bearman,Oliver Bearman,haas,Haas F1 Team,0.170732,19,0.000000,0.000000,20,1.217074,0.253787,0.170732,0.007992
calibrated_top10_probability,Rank by calibrated Top 10 probability.,2025,14,Hungarian Grand Prix,2025-08-03,ocon,Esteban Ocon,haas,Haas F1 Team,0.047619,20,0.000000,0.000000,16,0.306814,0.070156,0.047619,0.007183
calibrated_top10_probability,Rank by calibrated Top 10 probability.,2025,15,Dutch Grand Prix,2025-08-31,piastri,Oscar Piastri,mclaren,McLaren,0.976744,1,25.000000,25.000000,1,19.362183,0.943164,0.976744,0.968870
calibrated_top10_probability,Rank by calibrated Top 10 probability.,2025,15,Dutch Grand Prix,2025-08-31,norris,Lando Norris,mclaren,McLaren,0.976744,2,18.000000,0.000000,18,18.069802,0.968872,0.976744,0.974171
calibrated_top10_probability,Rank by calibrated Top 10 probability.,2025,15,Dutch Grand Prix,2025-08-31,max_verstappen,Max Verstappen,red_bull,Red Bull,0.913043,3,15.000000,18.000000,2,11.577934,0.883079,0.913043,0.817805
calibrated_top10_probability,Rank by calibrated Top 10 probability.,2025,15,Dutch Grand Prix,2025-08-31,russell,George Russell,mercedes,Mercedes,0.913043,4,12.000000,12.000000,4,9.124858,0.826631,0.913043,0.739756
calibrated_top10_probability,Rank by calibrated Top 10 probability.,2025,15,Dutch Grand Prix,2025-08-31,leclerc,Charles Leclerc,ferrari,Ferrari,0.913043,5,10.000000,0.000000,19,8.543742,0.818868,0.913043,0.429094
calibrated_top10_probability,Rank by calibrated Top 10 probability.,2025,15,Dutch Grand Prix,2025-08-31,hamilton,Lewis Hamilton,ferrari,Ferrari,0.769231,6,8.000000,0.000000,20,6.874488,0.738077,0.769231,0.308073
calibrated_top10_probability,Rank by calibrated Top 10 probability.,2025,15,Dutch Grand Prix,2025-08-31,hadjar,Isack Hadjar,rb,RB F1 Team,0.630435,7,6.000000,15.000000,3,6.290635,0.613371,0.630435,0.276408
calibrated_top10_probability,Rank by calibrated Top 10 probability.,2025,15,Dutch Grand Prix,2025-08-31,alonso,Fernando Alonso,aston_martin,Aston Martin,0.630435,8,4.000000,4.000000,8,2.762619,0.601951,0.630435,0.017918
calibrated_top10_probability,Rank by calibrated Top 10 probability.,2025,15,Dutch Grand Prix,2025-08-31,antonelli,Andrea Kimi Antonelli,mercedes,Mercedes,0.456522,9,2.000000,0.000000,16,3.710665,0.567686,0.456522,0.214744
calibrated_top10_probability,Rank by calibrated Top 10 probability.,2025,15,Dutch Grand Prix,2025-08-31,lawson,Liam Lawson,rb,RB F1 Team,0.456522,10,1.000000,0.000000,12,2.544702,0.501088,0.456522,0.053689
calibrated_top10_probability,Rank by calibrated Top 10 probability.,2025,15,Dutch Grand Prix,2025-08-31,sainz,Carlos Sainz,williams,Williams,0.456522,11,0.000000,0.000000,13,2.262104,0.540456,0.456522,0.062588
calibrated_top10_probability,Rank by calibrated Top 10 probability.,2025,15,Dutch Grand Prix,2025-08-31,hulkenberg,Nico Hülkenberg,sauber,Sauber,0.293103,12,0.000000,0.000000,14,1.543305,0.304687,0.293103,0.005316
calibrated_top10_probability,Rank by calibrated Top 10 probability.,2025,15,Dutch Grand Prix,2025-08-31,albon,Alexander Albon,williams,Williams,0.293103,13,0.000000,10.000000,5,1.351487,0.383768,0.293103,0.017414
calibrated_top10_probability,Rank by calibrated Top 10 probability.,2025,15,Dutch Grand Prix,2025-08-31,bortoleto,Gabriel Bortoleto,sauber,Sauber,0.293103,14,0.000000,0.000000,15,1.224312,0.351140,0.293103,0.135560
calibrated_top10_probability,Rank by calibrated Top 10 probability.,2025,15,Dutch Grand Prix,2025-08-31,gasly,Pierre Gasly,alpine,Alpine F1 Team,0.293103,15,0.000000,0.000000,17,0.492119,0.369092,0.293103,0.031431
calibrated_top10_probability,Rank by calibrated Top 10 probability.,2025,15,Dutch Grand Prix,2025-08-31,stroll,Lance Stroll,aston_martin,Aston Martin,0.166667,16,0.000000,6.000000,7,0.834671,0.164373,0.166667,0.026306
calibrated_top10_probability,Rank by calibrated Top 10 probability.,2025,15,Dutch Grand Prix,2025-08-31,ocon,Esteban Ocon,haas,Haas F1 Team,0.166667,17,0.000000,1.000000,10,0.193753,0.140364,0.166667,0.002527
calibrated_top10_probability,Rank by calibrated Top 10 probability.,2025,15,Dutch Grand Prix,2025-08-31,tsunoda,Yuki Tsunoda,red_bull,Red Bull,0.136364,18,0.000000,2.000000,9,2.424307,0.220205,0.136364,0.103735
calibrated_top10_probability,Rank by calibrated Top 10 probability.,2025,15,Dutch Grand Prix,2025-08-31,colapinto,Franco Colapinto,alpine,Alpine F1 Team,0.000000,19,0.000000,0.000000,11,0.146605,0.089831,0.000000,0.004131
calibrated_top10_probability,Rank by calibrated Top 10 probability.,2025,15,Dutch Grand Prix,2025-08-31,bearman,Oliver Bearman,haas,Haas F1 Team,0.000000,20,0.000000,8.000000,6,0.044017,0.036908,0.000000,0.000719
calibrated_top10_probability,Rank by calibrated Top 10 probability.,2025,16,Italian Grand Prix,2025-09-07,norris,Lando Norris,mclaren,McLaren,0.954545,1,25.000000,18.000000,2,15.745578,0.957961,0.954545,0.939271
calibrated_top10_probability,Rank by calibrated Top 10 probability.,2025,16,Italian Grand Prix,2025-09-07,piastri,Oscar Piastri,mclaren,McLaren,0.897059,2,18.000000,15.000000,3,15.848875,0.851857,0.897059,0.959340
calibrated_top10_probability,Rank by calibrated Top 10 probability.,2025,16,Italian Grand Prix,2025-09-07,max_verstappen,Max Verstappen,red_bull,Red Bull,0.897059,3,15.000000,25.000000,1,15.570943,0.891114,0.897059,0.933124
calibrated_top10_probability,Rank by calibrated Top 10 probability.,2025,16,Italian Grand Prix,2025-09-07,leclerc,Charles Leclerc,ferrari,Ferrari,0.897059,4,12.000000,12.000000,4,10.867982,0.848266,0.897059,0.646756
calibrated_top10_probability,Rank by calibrated Top 10 probability.,2025,16,Italian Grand Prix,2025-09-07,russell,George Russell,mercedes,Mercedes,0.897059,5,10.000000,10.000000,5,8.271818,0.818868,0.897059,0.514207
calibrated_top10_probability,Rank by calibrated Top 10 probability.,2025,16,Italian Grand Prix,2025-09-07,hamilton,Lewis Hamilton,ferrari,Ferrari,0.736842,6,8.000000,8.000000,6,8.658724,0.784618,0.736842,0.683809
calibrated_top10_probability,Rank by calibrated Top 10 probability.,2025,16,Italian Grand Prix,2025-09-07,antonelli,Andrea Kimi Antonelli,mercedes,Mercedes,0.736842,7,6.000000,2.000000,9,6.173719,0.779375,0.736842,0.391244
calibrated_top10_probability,Rank by calibrated Top 10 probability.,2025,16,Italian Grand Prix,2025-09-07,alonso,Fernando Alonso,aston_martin,Aston Martin,0.652174,8,4.000000,0.000000,19,3.288475,0.621471,0.652174,0.023686
calibrated_top10_probability,Rank by calibrated Top 10 probability.,2025,16,Italian Grand Prix,2025-09-07,bortoleto,Gabriel Bortoleto,sauber,Sauber,0.652174,9,2.000000,4.000000,8,2.760316,0.620543,0.652174,0.054787
calibrated_top10_probability,Rank by calibrated Top 10 probability.,2025,16,Italian Grand Prix,2025-09-07,tsunoda,Yuki Tsunoda,red_bull,Red Bull,0.446809,10,1.000000,0.000000,13,3.366339,0.530203,0.446809,0.032191
calibrated_top10_probability,Rank by calibrated Top 10 probability.,2025,16,Italian Grand Prix,2025-09-07,hulkenberg,Nico Hülkenberg,sauber,Sauber,0.446809,11,0.000000,0.000000,20,1.556941,0.500316,0.446809,0.004287
calibrated_top10_probability,Rank by calibrated Top 10 probability.,2025,16,Italian Grand Prix,2025-09-07,albon,Alexander Albon,williams,Williams,0.307692,12,0.000000,6.000000,7,1.687775,0.428622,0.307692,0.038263
calibrated_top10_probability,Rank by calibrated Top 10 probability.,2025,16,Italian Grand Prix,2025-09-07,hadjar,Isack Hadjar,rb,RB F1 Team,0.288136,13,0.000000,1.000000,10,1.429319,0.347747,0.288136,0.041156
calibrated_top10_probability,Rank by calibrated Top 10 probability.,2025,16,Italian Grand Prix,2025-09-07,sainz,Carlos Sainz,williams,Williams,0.288136,14,0.000000,0.000000,11,1.077270,0.376255,0.288136,0.027963
calibrated_top10_probability,Rank by calibrated Top 10 probability.,2025,16,Italian Grand Prix,2025-09-07,ocon,Esteban Ocon,haas,Haas F1 Team,0.288136,15,0.000000,0.000000,15,0.373765,0.353440,0.288136,0.024715
calibrated_top10_probability,Rank by calibrated Top 10 probability.,2025,16,Italian Grand Prix,2025-09-07,lawson,Liam Lawson,rb,RB F1 Team,0.200000,16,0.000000,0.000000,14,0.962961,0.151781,0.200000,0.044538
calibrated_top10_probability,Rank by calibrated Top 10 probability.,2025,16,Italian Grand Prix,2025-09-07,bearman,Oliver Bearman,haas,Haas F1 Team,0.162791,17,0.000000,0.000000,12,1.619916,0.236302,0.162791,0.008079
calibrated_top10_probability,Rank by calibrated Top 10 probability.,2025,16,Italian Grand Prix,2025-09-07,stroll,Lance Stroll,aston_martin,Aston Martin,0.162791,18,0.000000,0.000000,18,1.034205,0.284848,0.162791,0.041509
calibrated_top10_probability,Rank by calibrated Top 10 probability.,2025,16,Italian Grand Prix,2025-09-07,gasly,Pierre Gasly,alpine,Alpine F1 Team,0.050000,19,0.000000,0.000000,16,0.154894,0.081105,0.050000,0.029836
calibrated_top10_probability,Rank by calibrated Top 10 probability.,2025,16,Italian Grand Prix,2025-09-07,colapinto,Franco Colapinto,alpine,Alpine F1 Team,0.050000,20,0.000000,0.000000,17,0.085988,0.075071,0.050000,0.019253
calibrated_top10_probability,Rank by calibrated Top 10 probability.,2025,17,Azerbaijan Grand Prix,2025-09-21,max_verstappen,Max Verstappen,red_bull,Red Bull,0.897059,1,25.000000,25.000000,1,17.322709,0.891114,0.897059,0.903601
calibrated_top10_probability,Rank by calibrated Top 10 probability.,2025,17,Azerbaijan Grand Prix,2025-09-21,norris,Lando Norris,mclaren,McLaren,0.897059,2,18.000000,6.000000,7,10.822299,0.873778,0.897059,0.745469
calibrated_top10_probability,Rank by calibrated Top 10 probability.,2025,17,Azerbaijan Grand Prix,2025-09-21,antonelli,Andrea Kimi Antonelli,mercedes,Mercedes,0.897059,3,15.000000,12.000000,4,9.209748,0.848266,0.897059,0.595469
calibrated_top10_probability,Rank by calibrated Top 10 probability.,2025,17,Azerbaijan Grand Prix,2025-09-21,russell,George Russell,mercedes,Mercedes,0.897059,4,12.000000,18.000000,2,8.827047,0.835499,0.897059,0.702841
calibrated_top10_probability,Rank by calibrated Top 10 probability.,2025,17,Azerbaijan Grand Prix,2025-09-21,piastri,Oscar Piastri,mclaren,McLaren,0.756757,5,10.000000,0.000000,20,9.190452,0.712281,0.756757,0.620421
calibrated_top10_probability,Rank by calibrated Top 10 probability.,2025,17,Azerbaijan Grand Prix,2025-09-21,sainz,Carlos Sainz,williams,Williams,0.756757,6,8.000000,15.000000,3,8.877428,0.780532,0.756757,0.369684
calibrated_top10_probability,Rank by calibrated Top 10 probability.,2025,17,Azerbaijan Grand Prix,2025-09-21,lawson,Liam Lawson,rb,RB F1 Team,0.756757,7,6.000000,10.000000,5,7.126227,0.758427,0.756757,0.544838
calibrated_top10_probability,Rank by calibrated Top 10 probability.,2025,17,Azerbaijan Grand Prix,2025-09-21,tsunoda,Yuki Tsunoda,red_bull,Red Bull,0.622222,8,4.000000,8.000000,6,6.380187,0.650371,0.622222,0.108090
calibrated_top10_probability,Rank by calibrated Top 10 probability.,2025,17,Azerbaijan Grand Prix,2025-09-21,leclerc,Charles Leclerc,ferrari,Ferrari,0.622222,9,2.000000,2.000000,9,4.999680,0.663057,0.622222,0.136359
calibrated_top10_probability,Rank by calibrated Top 10 probability.,2025,17,Azerbaijan Grand Prix,2025-09-21,hadjar,Isack Hadjar,rb,RB F1 Team,0.622222,10,1.000000,1.000000,10,3.663341,0.611048,0.622222,0.076028
calibrated_top10_probability,Rank by calibrated Top 10 probability.,2025,17,Azerbaijan Grand Prix,2025-09-21,hamilton,Lewis Hamilton,ferrari,Ferrari,0.425532,11,0.000000,4.000000,8,4.790769,0.509623,0.425532,0.149415
calibrated_top10_probability,Rank by calibrated Top 10 probability.,2025,17,Azerbaijan Grand Prix,2025-09-21,alonso,Fernando Alonso,aston_martin,Aston Martin,0.425532,12,0.000000,0.000000,15,2.799593,0.528071,0.425532,0.050839
calibrated_top10_probability,Rank by calibrated Top 10 probability.,2025,17,Azerbaijan Grand Prix,2025-09-21,bortoleto,Gabriel Bortoleto,sauber,Sauber,0.333333,13,0.000000,0.000000,11,1.139112,0.401290,0.333333,0.022244
calibrated_top10_probability,Rank by calibrated Top 10 probability.,2025,17,Azerbaijan Grand Prix,2025-09-21,albon,Alexander Albon,williams,Williams,0.300000,14,0.000000,0.000000,13,1.563980,0.304308,0.300000,0.038463
calibrated_top10_probability,Rank by calibrated Top 10 probability.,2025,17,Azerbaijan Grand Prix,2025-09-21,stroll,Lance Stroll,aston_martin,Aston Martin,0.300000,15,0.000000,0.000000,17,1.159018,0.395404,0.300000,0.040894
calibrated_top10_probability,Rank by calibrated Top 10 probability.,2025,17,Azerbaijan Grand Prix,2025-09-21,ocon,Esteban Ocon,haas,Haas F1 Team,0.200000,16,0.000000,0.000000,14,0.398284,0.113878,0.200000,0.002888
calibrated_top10_probability,Rank by calibrated Top 10 probability.,2025,17,Azerbaijan Grand Prix,2025-09-21,hulkenberg,Nico Hülkenberg,sauber,Sauber,0.162791,17,0.000000,0.000000,16,0.740952,0.231674,0.162791,0.002735
calibrated_top10_probability,Rank by calibrated Top 10 probability.,2025,17,Azerbaijan Grand Prix,2025-09-21,bearman,Oliver Bearman,haas,Haas F1 Team,0.162791,18,0.000000,0.000000,12,0.466550,0.253279,0.162791,0.002823
calibrated_top10_probability,Rank by calibrated Top 10 probability.,2025,17,Azerbaijan Grand Prix,2025-09-21,colapinto,Franco Colapinto,alpine,Alpine F1 Team,0.050000,19,0.000000,0.000000,19,0.220998,0.089831,0.050000,0.004768
calibrated_top10_probability,Rank by calibrated Top 10 probability.,2025,17,Azerbaijan Grand Prix,2025-09-21,gasly,Pierre Gasly,alpine,Alpine F1 Team,0.050000,20,0.000000,0.000000,18,0.219909,0.088679,0.050000,0.009756
calibrated_top10_probability,Rank by calibrated Top 10 probability.,2025,18,Singapore Grand Prix,2025-10-05,russell,George Russell,mercedes,Mercedes,0.953488,1,25.000000,25.000000,1,16.616100,0.916402,0.953488,0.930319
calibrated_top10_probability,Rank by calibrated Top 10 probability.,2025,18,Singapore Grand Prix,2025-10-05,norris,Lando Norris,mclaren,McLaren,0.953488,2,18.000000,15.000000,3,12.537283,0.900639,0.953488,0.694923
calibrated_top10_probability,Rank by calibrated Top 10 probability.,2025,18,Singapore Grand Prix,2025-10-05,max_verstappen,Max Verstappen,red_bull,Red Bull,0.898551,3,15.000000,18.000000,2,18.058487,0.872167,0.898551,0.959323
calibrated_top10_probability,Rank by calibrated Top 10 probability.,2025,18,Singapore Grand Prix,2025-10-05,piastri,Oscar Piastri,mclaren,McLaren,0.898551,4,12.000000,12.000000,4,15.723055,0.899308,0.898551,0.903967
calibrated_top10_probability,Rank by calibrated Top 10 probability.,2025,18,Singapore Grand Prix,2025-10-05,antonelli,Andrea Kimi Antonelli,mercedes,Mercedes,0.898551,5,10.000000,10.000000,5,10.063229,0.835176,0.898551,0.541933
calibrated_top10_probability,Rank by calibrated Top 10 probability.,2025,18,Singapore Grand Prix,2025-10-05,hamilton,Lewis Hamilton,ferrari,Ferrari,0.736842,6,8.000000,4.000000,8,7.348381,0.763457,0.736842,0.365033
calibrated_top10_probability,Rank by calibrated Top 10 probability.,2025,18,Singapore Grand Prix,2025-10-05,leclerc,Charles Leclerc,ferrari,Ferrari,0.736842,7,6.000000,8.000000,6,6.148238,0.779375,0.736842,0.195748
calibrated_top10_probability,Rank by calibrated Top 10 probability.,2025,18,Singapore Grand Prix,2025-10-05,hadjar,Isack Hadjar,rb,RB F1 Team,0.659574,8,4.000000,0.000000,11,3.906527,0.648457,0.659574,0.107517
calibrated_top10_probability,Rank by calibrated Top 10 probability.,2025,18,Singapore Grand Prix,2025-10-05,alonso,Fernando Alonso,aston_martin,Aston Martin,0.425532,9,2.000000,6.000000,7,2.408048,0.578281,0.425532,0.006959
calibrated_top10_probability,Rank by calibrated Top 10 probability.,2025,18,Singapore Grand Prix,2025-10-05,hulkenberg,Nico Hülkenberg,sauber,Sauber,0.425532,10,1.000000,0.000000,20,1.692790,0.550193,0.425532,0.001300
calibrated_top10_probability,Rank by calibrated Top 10 probability.,2025,18,Singapore Grand Prix,2025-10-05,tsunoda,Yuki Tsunoda,red_bull,Red Bull,0.298246,11,0.000000,0.000000,12,3.008018,0.386093,0.298246,0.011849
calibrated_top10_probability,Rank by calibrated Top 10 probability.,2025,18,Singapore Grand Prix,2025-10-05,lawson,Liam Lawson,rb,RB F1 Team,0.298246,12,0.000000,0.000000,15,2.143404,0.399578,0.298246,0.055851
calibrated_top10_probability,Rank by calibrated Top 10 probability.,2025,18,Singapore Grand Prix,2025-10-05,bearman,Oliver Bearman,haas,Haas F1 Team,0.298246,13,0.000000,2.000000,9,2.014302,0.332360,0.298246,0.003013
calibrated_top10_probability,Rank by calibrated Top 10 probability.,2025,18,Singapore Grand Prix,2025-10-05,stroll,Lance Stroll,aston_martin,Aston Martin,0.298246,14,0.000000,0.000000,13,0.682133,0.360404,0.298246,0.014459
calibrated_top10_probability,Rank by calibrated Top 10 probability.,2025,18,Singapore Grand Prix,2025-10-05,bortoleto,Gabriel Bortoleto,sauber,Sauber,0.298246,15,0.000000,0.000000,17,0.449692,0.360543,0.298246,0.015291
calibrated_top10_probability,Rank by calibrated Top 10 probability.,2025,18,Singapore Grand Prix,2025-10-05,ocon,Esteban Ocon,haas,Haas F1 Team,0.200000,16,0.000000,0.000000,18,0.270666,0.186689,0.200000,0.001079
calibrated_top10_probability,Rank by calibrated Top 10 probability.,2025,18,Singapore Grand Prix,2025-10-05,sainz,Carlos Sainz,williams,Williams,0.139535,17,0.000000,1.000000,10,1.770661,0.239419,0.139535,0.068940
calibrated_top10_probability,Rank by calibrated Top 10 probability.,2025,18,Singapore Grand Prix,2025-10-05,albon,Alexander Albon,williams,Williams,0.139535,18,0.000000,0.000000,14,1.726344,0.294233,0.139535,0.063641
calibrated_top10_probability,Rank by calibrated Top 10 probability.,2025,18,Singapore Grand Prix,2025-10-05,gasly,Pierre Gasly,alpine,Alpine F1 Team,0.050000,19,0.000000,0.000000,19,0.128439,0.086369,0.050000,0.003752
calibrated_top10_probability,Rank by calibrated Top 10 probability.,2025,18,Singapore Grand Prix,2025-10-05,colapinto,Franco Colapinto,alpine,Alpine F1 Team,0.050000,20,0.000000,0.000000,16,0.109788,0.089831,0.050000,0.001832
calibrated_top10_probability,Rank by calibrated Top 10 probability.,2025,19,United States Grand Prix,2025-10-19,max_verstappen,Max Verstappen,red_bull,Red Bull,0.952381,1,25.000000,25.000000,1,19.308968,0.947902,0.952381,0.964418
calibrated_top10_probability,Rank by calibrated Top 10 probability.,2025,19,United States Grand Prix,2025-10-19,norris,Lando Norris,mclaren,McLaren,0.952381,2,18.000000,18.000000,2,17.096173,0.955131,0.952381,0.933877
calibrated_top10_probability,Rank by calibrated Top 10 probability.,2025,19,United States Grand Prix,2025-10-19,russell,George Russell,mercedes,Mercedes,0.952381,3,15.000000,8.000000,6,12.983223,0.901982,0.952381,0.861960
calibrated_top10_probability,Rank by calibrated Top 10 probability.,2025,19,United States Grand Prix,2025-10-19,piastri,Oscar Piastri,mclaren,McLaren,0.900000,4,12.000000,10.000000,5,11.491942,0.815129,0.900000,0.659607
calibrated_top10_probability,Rank by calibrated Top 10 probability.,2025,19,United States Grand Prix,2025-10-19,leclerc,Charles Leclerc,ferrari,Ferrari,0.900000,5,10.000000,15.000000,3,10.635820,0.865068,0.900000,0.770291
calibrated_top10_probability,Rank by calibrated Top 10 probability.,2025,19,United States Grand Prix,2025-10-19,hamilton,Lewis Hamilton,ferrari,Ferrari,0.763158,6,8.000000,12.000000,4,8.984516,0.797267,0.763158,0.480660
calibrated_top10_probability,Rank by calibrated Top 10 probability.,2025,19,United States Grand Prix,2025-10-19,antonelli,Andrea Kimi Antonelli,mercedes,Mercedes,0.763158,7,6.000000,0.000000,13,7.625761,0.728919,0.763158,0.250138
calibrated_top10_probability,Rank by calibrated Top 10 probability.,2025,19,United States Grand Prix,2025-10-19,sainz,Carlos Sainz,williams,Williams,0.659574,8,4.000000,0.000000,20,3.370929,0.611935,0.659574,0.019901
calibrated_top10_probability,Rank by calibrated Top 10 probability.,2025,19,United States Grand Prix,2025-10-19,alonso,Fernando Alonso,aston_martin,Aston Martin,0.404255,9,2.000000,1.000000,10,2.532917,0.543366,0.404255,0.007289
calibrated_top10_probability,Rank by calibrated Top 10 probability.,2025,19,United States Grand Prix,2025-10-19,hulkenberg,Nico Hülkenberg,sauber,Sauber,0.404255,10,1.000000,4.000000,8,1.688262,0.545333,0.404255,0.001234
calibrated_top10_probability,Rank by calibrated Top 10 probability.,2025,19,United States Grand Prix,2025-10-19,lawson,Liam Lawson,rb,RB F1 Team,0.333333,11,0.000000,0.000000,11,1.812818,0.466537,0.333333,0.017257
calibrated_top10_probability,Rank by calibrated Top 10 probability.,2025,19,United States Grand Prix,2025-10-19,tsunoda,Yuki Tsunoda,red_bull,Red Bull,0.283333,12,0.000000,6.000000,7,3.338545,0.375334,0.283333,0.007076
calibrated_top10_probability,Rank by calibrated Top 10 probability.,2025,19,United States Grand Prix,2025-10-19,gasly,Pierre Gasly,alpine,Alpine F1 Team,0.283333,13,0.000000,0.000000,19,0.162359,0.362382,0.283333,0.005939
calibrated_top10_probability,Rank by calibrated Top 10 probability.,2025,19,United States Grand Prix,2025-10-19,stroll,Lance Stroll,aston_martin,Aston Martin,0.207547,14,0.000000,0.000000,12,0.409134,0.187456,0.207547,0.008885
calibrated_top10_probability,Rank by calibrated Top 10 probability.,2025,19,United States Grand Prix,2025-10-19,bortoleto,Gabriel Bortoleto,sauber,Sauber,0.207547,15,0.000000,0.000000,18,0.380500,0.172310,0.207547,0.006777
calibrated_top10_probability,Rank by calibrated Top 10 probability.,2025,19,United States Grand Prix,2025-10-19,ocon,Esteban Ocon,haas,Haas F1 Team,0.207547,16,0.000000,0.000000,15,0.132118,0.189904,0.207547,0.001280
calibrated_top10_probability,Rank by calibrated Top 10 probability.,2025,19,United States Grand Prix,2025-10-19,bearman,Oliver Bearman,haas,Haas F1 Team,0.142857,17,0.000000,2.000000,9,2.198772,0.251543,0.142857,0.003333
calibrated_top10_probability,Rank by calibrated Top 10 probability.,2025,19,United States Grand Prix,2025-10-19,albon,Alexander Albon,williams,Williams,0.142857,18,0.000000,0.000000,14,1.473747,0.285327,0.142857,0.008370
calibrated_top10_probability,Rank by calibrated Top 10 probability.,2025,19,United States Grand Prix,2025-10-19,hadjar,Isack Hadjar,rb,RB F1 Team,0.142857,19,0.000000,0.000000,16,0.949820,0.209933,0.142857,0.012866
calibrated_top10_probability,Rank by calibrated Top 10 probability.,2025,19,United States Grand Prix,2025-10-19,colapinto,Franco Colapinto,alpine,Alpine F1 Team,0.047619,20,0.000000,0.000000,17,0.090728,0.099026,0.047619,0.003047
calibrated_top10_probability,Rank by calibrated Top 10 probability.,2025,20,Mexico City Grand Prix,2025-10-26,norris,Lando Norris,mclaren,McLaren,0.954545,1,25.000000,25.000000,1,18.400394,0.964184,0.954545,0.922459
calibrated_top10_probability,Rank by calibrated Top 10 probability.,2025,20,Mexico City Grand Prix,2025-10-26,max_verstappen,Max Verstappen,red_bull,Red Bull,0.895522,2,18.000000,15.000000,3,14.746984,0.835499,0.895522,0.852584
calibrated_top10_probability,Rank by calibrated Top 10 probability.,2025,20,Mexico City Grand Prix,2025-10-26,leclerc,Charles Leclerc,ferrari,Ferrari,0.895522,3,15.000000,18.000000,2,13.229819,0.877217,0.895522,0.816149
calibrated_top10_probability,Rank by calibrated Top 10 probability.,2025,20,Mexico City Grand Prix,2025-10-26,russell,George Russell,mercedes,Mercedes,0.895522,4,12.000000,6.000000,7,12.891787,0.841937,0.895522,0.855793
calibrated_top10_probability,Rank by calibrated Top 10 probability.,2025,20,Mexico City Grand Prix,2025-10-26,hamilton,Lewis Hamilton,ferrari,Ferrari,0.895522,5,10.000000,4.000000,8,11.332907,0.850375,0.895522,0.792436
calibrated_top10_probability,Rank by calibrated Top 10 probability.,2025,20,Mexico City Grand Prix,2025-10-26,antonelli,Andrea Kimi Antonelli,mercedes,Mercedes,0.895522,6,8.000000,8.000000,6,8.248025,0.814260,0.895522,0.428618
calibrated_top10_probability,Rank by calibrated Top 10 probability.,2025,20,Mexico City Grand Prix,2025-10-26,piastri,Oscar Piastri,mclaren,McLaren,0.743590,7,6.000000,10.000000,5,8.870235,0.750197,0.743590,0.626131
calibrated_top10_probability,Rank by calibrated Top 10 probability.,2025,20,Mexico City Grand Prix,2025-10-26,sainz,Carlos Sainz,williams,Williams,0.659574,8,4.000000,0.000000,17,4.113931,0.673739,0.659574,0.062378
calibrated_top10_probability,Rank by calibrated Top 10 probability.,2025,20,Mexico City Grand Prix,2025-10-26,tsunoda,Yuki Tsunoda,red_bull,Red Bull,0.446809,9,2.000000,0.000000,11,4.534163,0.500893,0.446809,0.036998
calibrated_top10_probability,Rank by calibrated Top 10 probability.,2025,20,Mexico City Grand Prix,2025-10-26,hadjar,Isack Hadjar,rb,RB F1 Team,0.446809,10,1.000000,0.000000,13,2.581502,0.567544,0.446809,0.052674
calibrated_top10_probability,Rank by calibrated Top 10 probability.,2025,20,Mexico City Grand Prix,2025-10-26,ocon,Esteban Ocon,haas,Haas F1 Team,0.315789,11,0.000000,2.000000,9,1.321346,0.453670,0.315789,0.002995
calibrated_top10_probability,Rank by calibrated Top 10 probability.,2025,20,Mexico City Grand Prix,2025-10-26,hulkenberg,Nico Hülkenberg,sauber,Sauber,0.315789,12,0.000000,0.000000,19,1.212306,0.456336,0.315789,0.003357
calibrated_top10_probability,Rank by calibrated Top 10 probability.,2025,20,Mexico City Grand Prix,2025-10-26,albon,Alexander Albon,williams,Williams,0.300000,13,0.000000,0.000000,12,1.357860,0.335810,0.300000,0.016013
calibrated_top10_probability,Rank by calibrated Top 10 probability.,2025,20,Mexico City Grand Prix,2025-10-26,alonso,Fernando Alonso,aston_martin,Aston Martin,0.300000,14,0.000000,0.000000,18,1.259214,0.343771,0.300000,0.003894
calibrated_top10_probability,Rank by calibrated Top 10 probability.,2025,20,Mexico City Grand Prix,2025-10-26,stroll,Lance Stroll,aston_martin,Aston Martin,0.200000,15,0.000000,0.000000,14,0.511147,0.170004,0.200000,0.014353
calibrated_top10_probability,Rank by calibrated Top 10 probability.,2025,20,Mexico City Grand Prix,2025-10-26,bearman,Oliver Bearman,haas,Haas F1 Team,0.119048,16,0.000000,12.000000,4,1.880990,0.289816,0.119048,0.002085
calibrated_top10_probability,Rank by calibrated Top 10 probability.,2025,20,Mexico City Grand Prix,2025-10-26,lawson,Liam Lawson,rb,RB F1 Team,0.119048,17,0.000000,0.000000,20,1.061517,0.283746,0.119048,0.023918
calibrated_top10_probability,Rank by calibrated Top 10 probability.,2025,20,Mexico City Grand Prix,2025-10-26,bortoleto,Gabriel Bortoleto,sauber,Sauber,0.119048,18,0.000000,1.000000,10,0.402108,0.299584,0.119048,0.009656
calibrated_top10_probability,Rank by calibrated Top 10 probability.,2025,20,Mexico City Grand Prix,2025-10-26,gasly,Pierre Gasly,alpine,Alpine F1 Team,0.050000,19,0.000000,0.000000,15,0.118374,0.084097,0.050000,0.010500
calibrated_top10_probability,Rank by calibrated Top 10 probability.,2025,20,Mexico City Grand Prix,2025-10-26,colapinto,Franco Colapinto,alpine,Alpine F1 Team,0.050000,20,0.000000,0.000000,16,0.085445,0.062445,0.050000,0.002099
calibrated_top10_probability,Rank by calibrated Top 10 probability.,2025,21,São Paulo Grand Prix,2025-11-09,norris,Lando Norris,mclaren,McLaren,0.954545,1,25.000000,25.000000,1,17.767385,0.971348,0.954545,0.919001
calibrated_top10_probability,Rank by calibrated Top 10 probability.,2025,21,São Paulo Grand Prix,2025-11-09,leclerc,Charles Leclerc,ferrari,Ferrari,0.911765,2,18.000000,0.000000,19,12.806998,0.882363,0.911765,0.896711
calibrated_top10_probability,Rank by calibrated Top 10 probability.,2025,21,São Paulo Grand Prix,2025-11-09,antonelli,Andrea Kimi Antonelli,mercedes,Mercedes,0.911765,3,15.000000,18.000000,2,12.758264,0.855411,0.911765,0.859249
calibrated_top10_probability,Rank by calibrated Top 10 probability.,2025,21,São Paulo Grand Prix,2025-11-09,piastri,Oscar Piastri,mclaren,McLaren,0.911765,4,12.000000,10.000000,5,12.588131,0.871463,0.911765,0.813268
calibrated_top10_probability,Rank by calibrated Top 10 probability.,2025,21,São Paulo Grand Prix,2025-11-09,russell,George Russell,mercedes,Mercedes,0.911765,5,10.000000,12.000000,4,9.460887,0.839690,0.911765,0.464605
calibrated_top10_probability,Rank by calibrated Top 10 probability.,2025,21,São Paulo Grand Prix,2025-11-09,hadjar,Isack Hadjar,rb,RB F1 Team,0.743590,6,8.000000,4.000000,8,5.064488,0.731776,0.743590,0.274573
calibrated_top10_probability,Rank by calibrated Top 10 probability.,2025,21,São Paulo Grand Prix,2025-11-09,lawson,Liam Lawson,rb,RB F1 Team,0.638298,7,6.000000,6.000000,7,3.510688,0.644385,0.638298,0.181418
calibrated_top10_probability,Rank by calibrated Top 10 probability.,2025,21,São Paulo Grand Prix,2025-11-09,bortoleto,Gabriel Bortoleto,sauber,Sauber,0.413043,8,4.000000,0.000000,20,3.643815,0.556691,0.413043,0.048932
calibrated_top10_probability,Rank by calibrated Top 10 probability.,2025,21,São Paulo Grand Prix,2025-11-09,hulkenberg,Nico Hülkenberg,sauber,Sauber,0.413043,9,2.000000,2.000000,9,2.090304,0.521997,0.413043,0.003671
calibrated_top10_probability,Rank by calibrated Top 10 probability.,2025,21,São Paulo Grand Prix,2025-11-09,gasly,Pierre Gasly,alpine,Alpine F1 Team,0.413043,10,1.000000,1.000000,10,1.551638,0.567737,0.413043,0.072803
calibrated_top10_probability,Rank by calibrated Top 10 probability.,2025,21,São Paulo Grand Prix,2025-11-09,max_verstappen,Max Verstappen,red_bull,Red Bull,0.314286,11,0.000000,15.000000,3,10.939224,0.438143,0.314286,0.558931
calibrated_top10_probability,Rank by calibrated Top 10 probability.,2025,21,São Paulo Grand Prix,2025-11-09,hamilton,Lewis Hamilton,ferrari,Ferrari,0.314286,12,0.000000,0.000000,18,4.895028,0.461093,0.314286,0.244698
calibrated_top10_probability,Rank by calibrated Top 10 probability.,2025,21,São Paulo Grand Prix,2025-11-09,bearman,Oliver Bearman,haas,Haas F1 Team,0.314286,13,0.000000,8.000000,6,3.034924,0.437260,0.314286,0.042296
calibrated_top10_probability,Rank by calibrated Top 10 probability.,2025,21,São Paulo Grand Prix,2025-11-09,alonso,Fernando Alonso,aston_martin,Aston Martin,0.314286,14,0.000000,0.000000,14,2.233245,0.441761,0.314286,0.017281
calibrated_top10_probability,Rank by calibrated Top 10 probability.,2025,21,São Paulo Grand Prix,2025-11-09,albon,Alexander Albon,williams,Williams,0.314286,15,0.000000,0.000000,11,1.888949,0.489099,0.314286,0.025934
calibrated_top10_probability,Rank by calibrated Top 10 probability.,2025,21,São Paulo Grand Prix,2025-11-09,sainz,Carlos Sainz,williams,Williams,0.300000,16,0.000000,0.000000,13,0.842407,0.335300,0.300000,0.041568
calibrated_top10_probability,Rank by calibrated Top 10 probability.,2025,21,São Paulo Grand Prix,2025-11-09,stroll,Lance Stroll,aston_martin,Aston Martin,0.300000,17,0.000000,0.000000,16,0.521350,0.381366,0.300000,0.036449
calibrated_top10_probability,Rank by calibrated Top 10 probability.,2025,21,São Paulo Grand Prix,2025-11-09,tsunoda,Yuki Tsunoda,red_bull,Red Bull,0.203704,18,0.000000,0.000000,17,2.998260,0.174093,0.203704,0.018828
calibrated_top10_probability,Rank by calibrated Top 10 probability.,2025,21,São Paulo Grand Prix,2025-11-09,ocon,Esteban Ocon,haas,Haas F1 Team,0.203704,19,0.000000,0.000000,12,0.557957,0.155670,0.203704,0.022601
calibrated_top10_probability,Rank by calibrated Top 10 probability.,2025,21,São Paulo Grand Prix,2025-11-09,colapinto,Franco Colapinto,alpine,Alpine F1 Team,0.047619,20,0.000000,0.000000,15,0.105387,0.075071,0.047619,0.020974
calibrated_top10_probability,Rank by calibrated Top 10 probability.,2025,22,Las Vegas Grand Prix,2025-11-23,norris,Lando Norris,mclaren,McLaren,0.977273,1,25.000000,0.000000,19,20.137214,0.975224,0.977273,0.972371
calibrated_top10_probability,Rank by calibrated Top 10 probability.,2025,22,Las Vegas Grand Prix,2025-11-23,max_verstappen,Max Verstappen,red_bull,Red Bull,0.913043,2,18.000000,25.000000,1,17.038864,0.877217,0.913043,0.928607
calibrated_top10_probability,Rank by calibrated Top 10 probability.,2025,22,Las Vegas Grand Prix,2025-11-23,russell,George Russell,mercedes,Mercedes,0.913043,3,15.000000,18.000000,2,11.455019,0.840588,0.913043,0.825052
calibrated_top10_probability,Rank by calibrated Top 10 probability.,2025,22,Las Vegas Grand Prix,2025-11-23,piastri,Oscar Piastri,mclaren,McLaren,0.913043,4,12.000000,0.000000,20,11.415585,0.847434,0.913043,0.813222
calibrated_top10_probability,Rank by calibrated Top 10 probability.,2025,22,Las Vegas Grand Prix,2025-11-23,sainz,Carlos Sainz,williams,Williams,0.743590,5,10.000000,10.000000,5,7.411086,0.772233,0.743590,0.731154
calibrated_top10_probability,Rank by calibrated Top 10 probability.,2025,22,Las Vegas Grand Prix,2025-11-23,leclerc,Charles Leclerc,ferrari,Ferrari,0.666667,6,8.000000,12.000000,4,7.148885,0.671709,0.666667,0.460766
calibrated_top10_probability,Rank by calibrated Top 10 probability.,2025,22,Las Vegas Grand Prix,2025-11-23,lawson,Liam Lawson,rb,RB F1 Team,0.666667,7,6.000000,0.000000,14,4.606615,0.611598,0.666667,0.141632
calibrated_top10_probability,Rank by calibrated Top 10 probability.,2025,22,Las Vegas Grand Prix,2025-11-23,alonso,Fernando Alonso,aston_martin,Aston Martin,0.666667,8,4.000000,0.000000,11,3.990115,0.662663,0.666667,0.055595
calibrated_top10_probability,Rank by calibrated Top 10 probability.,2025,22,Las Vegas Grand Prix,2025-11-23,hadjar,Isack Hadjar,rb,RB F1 Team,0.413043,9,2.000000,8.000000,6,2.966297,0.566048,0.413043,0.080126
calibrated_top10_probability,Rank by calibrated Top 10 probability.,2025,22,Las Vegas Grand Prix,2025-11-23,hulkenberg,Nico Hülkenberg,sauber,Sauber,0.413043,10,1.000000,6.000000,7,2.169430,0.555356,0.413043,0.002192
calibrated_top10_probability,Rank by calibrated Top 10 probability.,2025,22,Las Vegas Grand Prix,2025-11-23,gasly,Pierre Gasly,alpine,Alpine F1 Team,0.413043,11,0.000000,0.000000,13,1.464534,0.544320,0.413043,0.048640
calibrated_top10_probability,Rank by calibrated Top 10 probability.,2025,22,Las Vegas Grand Prix,2025-11-23,antonelli,Andrea Kimi Antonelli,mercedes,Mercedes,0.315789,12,0.000000,15.000000,3,4.121801,0.489064,0.315789,0.382461
calibrated_top10_probability,Rank by calibrated Top 10 probability.,2025,22,Las Vegas Grand Prix,2025-11-23,stroll,Lance Stroll,aston_martin,Aston Martin,0.315789,13,0.000000,0.000000,18,1.241502,0.452996,0.315789,0.023164
calibrated_top10_probability,Rank by calibrated Top 10 probability.,2025,22,Las Vegas Grand Prix,2025-11-23,hamilton,Lewis Hamilton,ferrari,Ferrari,0.275862,14,0.000000,4.000000,8,4.242847,0.311667,0.275862,0.336226
calibrated_top10_probability,Rank by calibrated Top 10 probability.,2025,22,Las Vegas Grand Prix,2025-11-23,tsunoda,Yuki Tsunoda,red_bull,Red Bull,0.275862,15,0.000000,0.000000,12,2.958318,0.309403,0.275862,0.057486
calibrated_top10_probability,Rank by calibrated Top 10 probability.,2025,22,Las Vegas Grand Prix,2025-11-23,albon,Alexander Albon,williams,Williams,0.275862,16,0.000000,0.000000,16,1.170870,0.357333,0.275862,0.014102
calibrated_top10_probability,Rank by calibrated Top 10 probability.,2025,22,Las Vegas Grand Prix,2025-11-23,ocon,Esteban Ocon,haas,Haas F1 Team,0.275862,17,0.000000,2.000000,9,1.044257,0.399896,0.275862,0.007079
calibrated_top10_probability,Rank by calibrated Top 10 probability.,2025,22,Las Vegas Grand Prix,2025-11-23,bearman,Oliver Bearman,haas,Haas F1 Team,0.185185,18,0.000000,1.000000,10,1.350728,0.174957,0.185185,0.021018
calibrated_top10_probability,Rank by calibrated Top 10 probability.,2025,22,Las Vegas Grand Prix,2025-11-23,bortoleto,Gabriel Bortoleto,sauber,Sauber,0.185185,19,0.000000,0.000000,17,0.373394,0.116766,0.185185,0.005415
calibrated_top10_probability,Rank by calibrated Top 10 probability.,2025,22,Las Vegas Grand Prix,2025-11-23,colapinto,Franco Colapinto,alpine,Alpine F1 Team,0.047619,20,0.000000,0.000000,15,0.199836,0.099026,0.047619,0.004733
calibrated_top10_probability,Rank by calibrated Top 10 probability.,2025,23,Qatar Grand Prix,2025-11-30,piastri,Oscar Piastri,mclaren,McLaren,0.953488,1,25.000000,18.000000,2,19.010963,0.905335,0.953488,0.958317
calibrated_top10_probability,Rank by calibrated Top 10 probability.,2025,23,Qatar Grand Prix,2025-11-30,norris,Lando Norris,mclaren,McLaren,0.953488,2,18.000000,12.000000,4,17.481815,0.962123,0.953488,0.938820
calibrated_top10_probability,Rank by calibrated Top 10 probability.,2025,23,Qatar Grand Prix,2025-11-30,max_verstappen,Max Verstappen,red_bull,Red Bull,0.898551,3,15.000000,25.000000,1,14.558582,0.860537,0.898551,0.903099
calibrated_top10_probability,Rank by calibrated Top 10 probability.,2025,23,Qatar Grand Prix,2025-11-30,russell,George Russell,mercedes,Mercedes,0.898551,4,12.000000,8.000000,6,13.111102,0.836017,0.898551,0.858837
calibrated_top10_probability,Rank by calibrated Top 10 probability.,2025,23,Qatar Grand Prix,2025-11-30,antonelli,Andrea Kimi Antonelli,mercedes,Mercedes,0.898551,5,10.000000,10.000000,5,10.259350,0.827138,0.898551,0.641319
calibrated_top10_probability,Rank by calibrated Top 10 probability.,2025,23,Qatar Grand Prix,2025-11-30,hadjar,Isack Hadjar,rb,RB F1 Team,0.769231,6,8.000000,0.000000,18,5.288688,0.732079,0.769231,0.168079
calibrated_top10_probability,Rank by calibrated Top 10 probability.,2025,23,Qatar Grand Prix,2025-11-30,leclerc,Charles Leclerc,ferrari,Ferrari,0.622222,7,6.000000,4.000000,8,5.744429,0.663057,0.622222,0.203443
calibrated_top10_probability,Rank by calibrated Top 10 probability.,2025,23,Qatar Grand Prix,2025-11-30,sainz,Carlos Sainz,williams,Williams,0.622222,8,4.000000,15.000000,3,4.297531,0.678781,0.622222,0.154486
calibrated_top10_probability,Rank by calibrated Top 10 probability.,2025,23,Qatar Grand Prix,2025-11-30,alonso,Fernando Alonso,aston_martin,Aston Martin,0.622222,9,2.000000,6.000000,7,3.484158,0.605866,0.622222,0.022192
calibrated_top10_probability,Rank by calibrated Top 10 probability.,2025,23,Qatar Grand Prix,2025-11-30,hulkenberg,Nico Hülkenberg,sauber,Sauber,0.446809,10,1.000000,0.000000,20,2.338537,0.548106,0.446809,0.003096
calibrated_top10_probability,Rank by calibrated Top 10 probability.,2025,23,Qatar Grand Prix,2025-11-30,gasly,Pierre Gasly,alpine,Alpine F1 Team,0.446809,11,0.000000,0.000000,16,1.865926,0.575100,0.446809,0.037065
calibrated_top10_probability,Rank by calibrated Top 10 probability.,2025,23,Qatar Grand Prix,2025-11-30,hamilton,Lewis Hamilton,ferrari,Ferrari,0.280702,12,0.000000,0.000000,12,3.244620,0.355576,0.280702,0.068748
calibrated_top10_probability,Rank by calibrated Top 10 probability.,2025,23,Qatar Grand Prix,2025-11-30,tsunoda,Yuki Tsunoda,red_bull,Red Bull,0.280702,13,0.000000,1.000000,10,2.707945,0.305876,0.280702,0.086494
calibrated_top10_probability,Rank by calibrated Top 10 probability.,2025,23,Qatar Grand Prix,2025-11-30,lawson,Liam Lawson,rb,RB F1 Team,0.280702,14,0.000000,2.000000,9,1.945698,0.380820,0.280702,0.048482
calibrated_top10_probability,Rank by calibrated Top 10 probability.,2025,23,Qatar Grand Prix,2025-11-30,albon,Alexander Albon,williams,Williams,0.280702,15,0.000000,0.000000,11,1.300225,0.378665,0.280702,0.026390
calibrated_top10_probability,Rank by calibrated Top 10 probability.,2025,23,Qatar Grand Prix,2025-11-30,bortoleto,Gabriel Bortoleto,sauber,Sauber,0.280702,16,0.000000,0.000000,13,0.475508,0.347708,0.280702,0.012181
calibrated_top10_probability,Rank by calibrated Top 10 probability.,2025,23,Qatar Grand Prix,2025-11-30,stroll,Lance Stroll,aston_martin,Aston Martin,0.200000,17,0.000000,0.000000,17,0.384148,0.121484,0.200000,0.007389
calibrated_top10_probability,Rank by calibrated Top 10 probability.,2025,23,Qatar Grand Prix,2025-11-30,bearman,Oliver Bearman,haas,Haas F1 Team,0.162791,18,0.000000,0.000000,19,1.827223,0.225617,0.162791,0.023614
calibrated_top10_probability,Rank by calibrated Top 10 probability.,2025,23,Qatar Grand Prix,2025-11-30,ocon,Esteban Ocon,haas,Haas F1 Team,0.162791,19,0.000000,0.000000,15,0.882522,0.201440,0.162791,0.011743
calibrated_top10_probability,Rank by calibrated Top 10 probability.,2025,23,Qatar Grand Prix,2025-11-30,colapinto,Franco Colapinto,alpine,Alpine F1 Team,0.047619,20,0.000000,0.000000,14,0.189500,0.062445,0.047619,0.003012
calibrated_top10_probability,Rank by calibrated Top 10 probability.,2025,24,Abu Dhabi Grand Prix,2025-12-07,norris,Lando Norris,mclaren,McLaren,0.954545,1,25.000000,15.000000,3,17.012131,0.953669,0.954545,0.932349
calibrated_top10_probability,Rank by calibrated Top 10 probability.,2025,24,Abu Dhabi Grand Prix,2025-12-07,max_verstappen,Max Verstappen,red_bull,Red Bull,0.897059,2,18.000000,25.000000,1,21.752474,0.890867,0.897059,0.970969
calibrated_top10_probability,Rank by calibrated Top 10 probability.,2025,24,Abu Dhabi Grand Prix,2025-12-07,piastri,Oscar Piastri,mclaren,McLaren,0.897059,3,15.000000,18.000000,2,14.855024,0.884220,0.897059,0.923758
calibrated_top10_probability,Rank by calibrated Top 10 probability.,2025,24,Abu Dhabi Grand Prix,2025-12-07,russell,George Russell,mercedes,Mercedes,0.897059,4,12.000000,10.000000,5,14.203575,0.837753,0.897059,0.833922
calibrated_top10_probability,Rank by calibrated Top 10 probability.,2025,24,Abu Dhabi Grand Prix,2025-12-07,leclerc,Charles Leclerc,ferrari,Ferrari,0.897059,5,10.000000,12.000000,4,9.340822,0.835499,0.897059,0.728029
calibrated_top10_probability,Rank by calibrated Top 10 probability.,2025,24,Abu Dhabi Grand Prix,2025-12-07,alonso,Fernando Alonso,aston_martin,Aston Martin,0.743590,6,8.000000,8.000000,6,5.381496,0.701829,0.743590,0.013397
calibrated_top10_probability,Rank by calibrated Top 10 probability.,2025,24,Abu Dhabi Grand Prix,2025-12-07,ocon,Esteban Ocon,haas,Haas F1 Team,0.638298,7,6.000000,6.000000,7,2.773898,0.606587,0.638298,0.002149
calibrated_top10_probability,Rank by calibrated Top 10 probability.,2025,24,Abu Dhabi Grand Prix,2025-12-07,antonelli,Andrea Kimi Antonelli,mercedes,Mercedes,0.466667,8,4.000000,0.000000,15,5.528239,0.556612,0.466667,0.396193
calibrated_top10_probability,Rank by calibrated Top 10 probability.,2025,24,Abu Dhabi Grand Prix,2025-12-07,tsunoda,Yuki Tsunoda,red_bull,Red Bull,0.466667,9,2.000000,0.000000,14,4.196181,0.543523,0.466667,0.052720
calibrated_top10_probability,Rank by calibrated Top 10 probability.,2025,24,Abu Dhabi Grand Prix,2025-12-07,bortoleto,Gabriel Bortoleto,sauber,Sauber,0.466667,10,1.000000,0.000000,11,3.341661,0.549464,0.466667,0.024937
calibrated_top10_probability,Rank by calibrated Top 10 probability.,2025,24,Abu Dhabi Grand Prix,2025-12-07,hadjar,Isack Hadjar,rb,RB F1 Team,0.466667,11,0.000000,0.000000,17,2.941156,0.528518,0.466667,0.060790
calibrated_top10_probability,Rank by calibrated Top 10 probability.,2025,24,Abu Dhabi Grand Prix,2025-12-07,sainz,Carlos Sainz,williams,Williams,0.333333,12,0.000000,0.000000,13,3.350676,0.487565,0.333333,0.031311
calibrated_top10_probability,Rank by calibrated Top 10 probability.,2025,24,Abu Dhabi Grand Prix,2025-12-07,hamilton,Lewis Hamilton,ferrari,Ferrari,0.280702,13,0.000000,4.000000,8,3.254838,0.375950,0.280702,0.043123
calibrated_top10_probability,Rank by calibrated Top 10 probability.,2025,24,Abu Dhabi Grand Prix,2025-12-07,bearman,Oliver Bearman,haas,Haas F1 Team,0.280702,14,0.000000,0.000000,12,2.153506,0.305736,0.280702,0.004153
calibrated_top10_probability,Rank by calibrated Top 10 probability.,2025,24,Abu Dhabi Grand Prix,2025-12-07,albon,Alexander Albon,williams,Williams,0.280702,15,0.000000,0.000000,16,1.505284,0.336329,0.280702,0.009707
calibrated_top10_probability,Rank by calibrated Top 10 probability.,2025,24,Abu Dhabi Grand Prix,2025-12-07,lawson,Liam Lawson,rb,RB F1 Team,0.280702,16,0.000000,0.000000,18,1.487160,0.303027,0.280702,0.032651
calibrated_top10_probability,Rank by calibrated Top 10 probability.,2025,24,Abu Dhabi Grand Prix,2025-12-07,stroll,Lance Stroll,aston_martin,Aston Martin,0.280702,17,0.000000,1.000000,10,0.426081,0.349699,0.280702,0.011491
calibrated_top10_probability,Rank by calibrated Top 10 probability.,2025,24,Abu Dhabi Grand Prix,2025-12-07,hulkenberg,Nico Hülkenberg,sauber,Sauber,0.181818,18,0.000000,2.000000,9,0.812623,0.128500,0.181818,0.001015
calibrated_top10_probability,Rank by calibrated Top 10 probability.,2025,24,Abu Dhabi Grand Prix,2025-12-07,gasly,Pierre Gasly,alpine,Alpine F1 Team,0.050000,19,0.000000,0.000000,19,0.115811,0.074867,0.050000,0.006283
calibrated_top10_probability,Rank by calibrated Top 10 probability.,2025,24,Abu Dhabi Grand Prix,2025-12-07,colapinto,Franco Colapinto,alpine,Alpine F1 Team,0.050000,20,0.000000,0.000000,20,0.095128,0.062445,0.050000,0.001302
points_top10_hybrid,Rank by 70% normalized points and 30% raw Top 10 probability.,2025,1,Australian Grand Prix,2025-03-16,norris,Lando Norris,mclaren,McLaren,0.988373,1,25.000000,25.000000,1,17.452167,0.961243,0.953488,0.955548
points_top10_hybrid,Rank by 70% normalized points and 30% raw Top 10 probability.,2025,1,Australian Grand Prix,2025-03-16,piastri,Oscar Piastri,mclaren,McLaren,0.846540,2,18.000000,2.000000,9,14.444627,0.890570,0.900000,0.913581
points_top10_hybrid,Rank by 70% normalized points and 30% raw Top 10 probability.,2025,1,Australian Grand Prix,2025-03-16,max_verstappen,Max Verstappen,red_bull,Red Bull,0.762178,3,15.000000,18.000000,2,12.236276,0.904619,0.953488,0.920246
points_top10_hybrid,Rank by 70% normalized points and 30% raw Top 10 probability.,2025,1,Australian Grand Prix,2025-03-16,russell,George Russell,mercedes,Mercedes,0.752207,4,12.000000,15.000000,3,12.227821,0.872511,0.900000,0.752621
points_top10_hybrid,Rank by 70% normalized points and 30% raw Top 10 probability.,2025,1,Australian Grand Prix,2025-03-16,leclerc,Charles Leclerc,ferrari,Ferrari,0.579613,5,10.000000,4.000000,8,8.621372,0.779375,0.771429,0.674385
points_top10_hybrid,Rank by 70% normalized points and 30% raw Top 10 probability.,2025,1,Australian Grand Prix,2025-03-16,hamilton,Lewis Hamilton,ferrari,Ferrari,0.536852,6,8.000000,1.000000,10,7.636886,0.768465,0.771429,0.327989
points_top10_hybrid,Rank by 70% normalized points and 30% raw Top 10 probability.,2025,1,Australian Grand Prix,2025-03-16,tsunoda,Yuki Tsunoda,rb,RB F1 Team,0.488637,7,6.000000,0.000000,12,6.504435,0.759156,0.771429,0.203369
points_top10_hybrid,Rank by 70% normalized points and 30% raw Top 10 probability.,2025,1,Australian Grand Prix,2025-03-16,albon,Alexander Albon,williams,Williams,0.431630,8,4.000000,10.000000,5,4.999692,0.770315,0.771429,0.050035
points_top10_hybrid,Rank by 70% normalized points and 30% raw Top 10 probability.,2025,1,Australian Grand Prix,2025-03-16,sainz,Carlos Sainz,williams,Williams,0.356108,9,2.000000,0.000000,18,4.272235,0.615835,0.673913,0.061788
points_top10_hybrid,Rank by 70% normalized points and 30% raw Top 10 probability.,2025,1,Australian Grand Prix,2025-03-16,gasly,Pierre Gasly,alpine,Alpine F1 Team,0.338749,10,1.000000,0.000000,11,3.111780,0.713121,0.771429,0.122064
points_top10_hybrid,Rank by 70% normalized points and 30% raw Top 10 probability.,2025,1,Australian Grand Prix,2025-03-16,alonso,Fernando Alonso,aston_martin,Aston Martin,0.272072,11,0.000000,0.000000,17,3.157626,0.484736,0.333333,0.040631
points_top10_hybrid,Rank by 70% normalized points and 30% raw Top 10 probability.,2025,1,Australian Grand Prix,2025-03-16,hadjar,Isack Hadjar,rb,RB F1 Team,0.263693,12,0.000000,0.000000,20,1.875740,0.628194,0.673913,0.034258
points_top10_hybrid,Rank by 70% normalized points and 30% raw Top 10 probability.,2025,1,Australian Grand Prix,2025-03-16,antonelli,Andrea Kimi Antonelli,mercedes,Mercedes,0.221893,13,0.000000,12.000000,4,2.314336,0.430218,0.333333,0.052565
points_top10_hybrid,Rank by 70% normalized points and 30% raw Top 10 probability.,2025,1,Australian Grand Prix,2025-03-16,stroll,Lance Stroll,aston_martin,Aston Martin,0.207642,14,0.000000,8.000000,6,1.098076,0.545328,0.416667,0.010779
points_top10_hybrid,Rank by 70% normalized points and 30% raw Top 10 probability.,2025,1,Australian Grand Prix,2025-03-16,doohan,Jack Doohan,alpine,Alpine F1 Team,0.188378,15,0.000000,0.000000,19,1.038376,0.489098,0.333333,0.019788
points_top10_hybrid,Rank by 70% normalized points and 30% raw Top 10 probability.,2025,1,Australian Grand Prix,2025-03-16,lawson,Liam Lawson,red_bull,Red Bull,0.168827,16,0.000000,0.000000,15,1.950797,0.301937,0.283333,0.029344
points_top10_hybrid,Rank by 70% normalized points and 30% raw Top 10 probability.,2025,1,Australian Grand Prix,2025-03-16,bortoleto,Gabriel Bortoleto,sauber,Sauber,0.164779,17,0.000000,0.000000,16,0.685593,0.457600,0.333333,0.014756
points_top10_hybrid,Rank by 70% normalized points and 30% raw Top 10 probability.,2025,1,Australian Grand Prix,2025-03-16,ocon,Esteban Ocon,haas,Haas F1 Team,0.141736,18,0.000000,0.000000,13,1.366289,0.289782,0.162791,0.008073
points_top10_hybrid,Rank by 70% normalized points and 30% raw Top 10 probability.,2025,1,Australian Grand Prix,2025-03-16,hulkenberg,Nico Hülkenberg,sauber,Sauber,0.139134,19,0.000000,6.000000,7,1.097610,0.317032,0.283333,0.002696
points_top10_hybrid,Rank by 70% normalized points and 30% raw Top 10 probability.,2025,1,Australian Grand Prix,2025-03-16,bearman,Oliver Bearman,haas,Haas F1 Team,0.122612,20,0.000000,0.000000,14,1.097607,0.261959,0.162791,0.007219
points_top10_hybrid,Rank by 70% normalized points and 30% raw Top 10 probability.,2025,2,Chinese Grand Prix,2025-03-23,piastri,Oscar Piastri,mclaren,McLaren,0.960250,1,25.000000,25.000000,1,16.136247,0.867501,0.911765,0.929660
points_top10_hybrid,Rank by 70% normalized points and 30% raw Top 10 probability.,2025,2,Chinese Grand Prix,2025-03-23,russell,George Russell,mercedes,Mercedes,0.893666,2,18.000000,15.000000,3,14.534163,0.877217,0.911765,0.914088
points_top10_hybrid,Rank by 70% normalized points and 30% raw Top 10 probability.,2025,2,Chinese Grand Prix,2025-03-23,norris,Lando Norris,mclaren,McLaren,0.843252,3,15.000000,18.000000,2,12.844645,0.953479,0.954545,0.887758
points_top10_hybrid,Rank by 70% normalized points and 30% raw Top 10 probability.,2025,2,Chinese Grand Prix,2025-03-23,max_verstappen,Max Verstappen,red_bull,Red Bull,0.815527,4,12.000000,12.000000,4,12.933127,0.848266,0.911765,0.893755
points_top10_hybrid,Rank by 70% normalized points and 30% raw Top 10 probability.,2025,2,Chinese Grand Prix,2025-03-23,leclerc,Charles Leclerc,ferrari,Ferrari,0.560278,5,10.000000,0.000000,18,7.252501,0.818868,0.911765,0.579255
points_top10_hybrid,Rank by 70% normalized points and 30% raw Top 10 probability.,2025,2,Chinese Grand Prix,2025-03-23,hamilton,Lewis Hamilton,ferrari,Ferrari,0.542563,6,8.000000,0.000000,19,7.258710,0.758921,0.763158,0.336070
points_top10_hybrid,Rank by 70% normalized points and 30% raw Top 10 probability.,2025,2,Chinese Grand Prix,2025-03-23,antonelli,Andrea Kimi Antonelli,mercedes,Mercedes,0.476117,7,6.000000,8.000000,6,6.061545,0.710544,0.763158,0.400079
points_top10_hybrid,Rank by 70% normalized points and 30% raw Top 10 probability.,2025,2,Chinese Grand Prix,2025-03-23,albon,Alexander Albon,williams,Williams,0.330971,8,4.000000,6.000000,7,3.000789,0.669315,0.638298,0.022181
points_top10_hybrid,Rank by 70% normalized points and 30% raw Top 10 probability.,2025,2,Chinese Grand Prix,2025-03-23,hadjar,Isack Hadjar,rb,RB F1 Team,0.279768,9,2.000000,0.000000,11,3.195863,0.470432,0.342857,0.071610
points_top10_hybrid,Rank by 70% normalized points and 30% raw Top 10 probability.,2025,2,Chinese Grand Prix,2025-03-23,ocon,Esteban Ocon,haas,Haas F1 Team,0.222124,10,1.000000,10.000000,5,1.399244,0.538081,0.416667,0.007646
points_top10_hybrid,Rank by 70% normalized points and 30% raw Top 10 probability.,2025,2,Chinese Grand Prix,2025-03-23,hulkenberg,Nico Hülkenberg,sauber,Sauber,0.221565,11,0.000000,0.000000,15,1.651657,0.499716,0.342857,0.002890
points_top10_hybrid,Rank by 70% normalized points and 30% raw Top 10 probability.,2025,2,Chinese Grand Prix,2025-03-23,tsunoda,Yuki Tsunoda,rb,RB F1 Team,0.204462,12,0.000000,0.000000,16,1.853909,0.413460,0.342857,0.017148
points_top10_hybrid,Rank by 70% normalized points and 30% raw Top 10 probability.,2025,2,Chinese Grand Prix,2025-03-23,sainz,Carlos Sainz,williams,Williams,0.200005,13,0.000000,1.000000,10,2.046031,0.370823,0.283333,0.032415
points_top10_hybrid,Rank by 70% normalized points and 30% raw Top 10 probability.,2025,2,Chinese Grand Prix,2025-03-23,alonso,Fernando Alonso,aston_martin,Aston Martin,0.199048,14,0.000000,0.000000,17,1.512556,0.444776,0.342857,0.007365
points_top10_hybrid,Rank by 70% normalized points and 30% raw Top 10 probability.,2025,2,Chinese Grand Prix,2025-03-23,stroll,Lance Stroll,aston_martin,Aston Martin,0.183642,15,0.000000,2.000000,9,1.054047,0.459723,0.342857,0.030013
points_top10_hybrid,Rank by 70% normalized points and 30% raw Top 10 probability.,2025,2,Chinese Grand Prix,2025-03-23,lawson,Liam Lawson,red_bull,Red Bull,0.154029,16,0.000000,0.000000,12,2.390656,0.167736,0.192308,0.090201
points_top10_hybrid,Rank by 70% normalized points and 30% raw Top 10 probability.,2025,2,Chinese Grand Prix,2025-03-23,gasly,Pierre Gasly,alpine,Alpine F1 Team,0.133743,17,0.000000,0.000000,20,0.735946,0.339391,0.283333,0.094790
points_top10_hybrid,Rank by 70% normalized points and 30% raw Top 10 probability.,2025,2,Chinese Grand Prix,2025-03-23,doohan,Jack Doohan,alpine,Alpine F1 Team,0.065826,18,0.000000,0.000000,13,0.381700,0.164224,0.192308,0.011046
points_top10_hybrid,Rank by 70% normalized points and 30% raw Top 10 probability.,2025,2,Chinese Grand Prix,2025-03-23,bortoleto,Gabriel Bortoleto,sauber,Sauber,0.047143,19,0.000000,0.000000,14,0.284448,0.116011,0.192308,0.010344
points_top10_hybrid,Rank by 70% normalized points and 30% raw Top 10 probability.,2025,2,Chinese Grand Prix,2025-03-23,bearman,Oliver Bearman,haas,Haas F1 Team,0.043323,20,0.000000,4.000000,8,0.302419,0.100678,0.192308,0.004725
points_top10_hybrid,Rank by 70% normalized points and 30% raw Top 10 probability.,2025,3,Japanese Grand Prix,2025-04-06,norris,Lando Norris,mclaren,McLaren,0.990662,1,25.000000,18.000000,2,17.959505,0.968872,0.953488,0.951862
points_top10_hybrid,Rank by 70% normalized points and 30% raw Top 10 probability.,2025,3,Japanese Grand Prix,2025-04-06,max_verstappen,Max Verstappen,red_bull,Red Bull,0.954140,2,18.000000,25.000000,1,17.353016,0.925928,0.953488,0.944238
points_top10_hybrid,Rank by 70% normalized points and 30% raw Top 10 probability.,2025,3,Japanese Grand Prix,2025-04-06,piastri,Oscar Piastri,mclaren,McLaren,0.754190,3,15.000000,15.000000,3,12.566317,0.881328,0.897059,0.875531
points_top10_hybrid,Rank by 70% normalized points and 30% raw Top 10 probability.,2025,3,Japanese Grand Prix,2025-04-06,russell,George Russell,mercedes,Mercedes,0.683034,4,12.000000,10.000000,5,11.159004,0.826982,0.897059,0.779366
points_top10_hybrid,Rank by 70% normalized points and 30% raw Top 10 probability.,2025,3,Japanese Grand Prix,2025-04-06,leclerc,Charles Leclerc,ferrari,Ferrari,0.570973,5,10.000000,12.000000,4,8.120075,0.848266,0.897059,0.261079
points_top10_hybrid,Rank by 70% normalized points and 30% raw Top 10 probability.,2025,3,Japanese Grand Prix,2025-04-06,antonelli,Andrea Kimi Antonelli,mercedes,Mercedes,0.567406,6,8.000000,8.000000,6,8.325229,0.809722,0.897059,0.465560
points_top10_hybrid,Rank by 70% normalized points and 30% raw Top 10 probability.,2025,3,Japanese Grand Prix,2025-04-06,hamilton,Lewis Hamilton,ferrari,Ferrari,0.356817,7,6.000000,6.000000,7,4.202586,0.643382,0.622222,0.112948
points_top10_hybrid,Rank by 70% normalized points and 30% raw Top 10 probability.,2025,3,Japanese Grand Prix,2025-04-06,albon,Alexander Albon,williams,Williams,0.336123,8,4.000000,2.000000,9,3.401040,0.678540,0.622222,0.016340
points_top10_hybrid,Rank by 70% normalized points and 30% raw Top 10 probability.,2025,3,Japanese Grand Prix,2025-04-06,hadjar,Isack Hadjar,rb,RB F1 Team,0.308340,9,2.000000,4.000000,8,3.141904,0.619597,0.622222,0.051050
points_top10_hybrid,Rank by 70% normalized points and 30% raw Top 10 probability.,2025,3,Japanese Grand Prix,2025-04-06,sainz,Carlos Sainz,williams,Williams,0.229502,10,1.000000,0.000000,14,2.204477,0.478598,0.333333,0.016013
points_top10_hybrid,Rank by 70% normalized points and 30% raw Top 10 probability.,2025,3,Japanese Grand Prix,2025-04-06,gasly,Pierre Gasly,alpine,Alpine F1 Team,0.220061,11,0.000000,0.000000,13,1.679025,0.515396,0.437500,0.057425
points_top10_hybrid,Rank by 70% normalized points and 30% raw Top 10 probability.,2025,3,Japanese Grand Prix,2025-04-06,bearman,Oliver Bearman,haas,Haas F1 Team,0.203633,12,0.000000,1.000000,10,2.359884,0.372175,0.293103,0.019886
points_top10_hybrid,Rank by 70% normalized points and 30% raw Top 10 probability.,2025,3,Japanese Grand Prix,2025-04-06,tsunoda,Yuki Tsunoda,red_bull,Red Bull,0.171120,13,0.000000,0.000000,12,2.090967,0.298737,0.166667,0.049844
points_top10_hybrid,Rank by 70% normalized points and 30% raw Top 10 probability.,2025,3,Japanese Grand Prix,2025-04-06,alonso,Fernando Alonso,aston_martin,Aston Martin,0.166807,14,0.000000,0.000000,11,1.524399,0.357970,0.293103,0.012460
points_top10_hybrid,Rank by 70% normalized points and 30% raw Top 10 probability.,2025,3,Japanese Grand Prix,2025-04-06,ocon,Esteban Ocon,haas,Haas F1 Team,0.137927,15,0.000000,0.000000,18,1.026010,0.326456,0.293103,0.009671
points_top10_hybrid,Rank by 70% normalized points and 30% raw Top 10 probability.,2025,3,Japanese Grand Prix,2025-04-06,hulkenberg,Nico Hülkenberg,sauber,Sauber,0.135392,16,0.000000,0.000000,16,0.695411,0.360956,0.293103,0.002292
points_top10_hybrid,Rank by 70% normalized points and 30% raw Top 10 probability.,2025,3,Japanese Grand Prix,2025-04-06,stroll,Lance Stroll,aston_martin,Aston Martin,0.103482,17,0.000000,0.000000,20,0.862638,0.232865,0.166667,0.019831
points_top10_hybrid,Rank by 70% normalized points and 30% raw Top 10 probability.,2025,3,Japanese Grand Prix,2025-04-06,bortoleto,Gabriel Bortoleto,sauber,Sauber,0.076101,18,0.000000,0.000000,19,0.320206,0.212067,0.166667,0.011509
points_top10_hybrid,Rank by 70% normalized points and 30% raw Top 10 probability.,2025,3,Japanese Grand Prix,2025-04-06,lawson,Liam Lawson,rb,RB F1 Team,0.069881,19,0.000000,0.000000,17,0.388125,0.182511,0.203704,0.009927
points_top10_hybrid,Rank by 70% normalized points and 30% raw Top 10 probability.,2025,3,Japanese Grand Prix,2025-04-06,doohan,Jack Doohan,alpine,Alpine F1 Team,0.043278,20,0.000000,0.000000,15,0.214049,0.116452,0.203704,0.006775
points_top10_hybrid,Rank by 70% normalized points and 30% raw Top 10 probability.,2025,4,Bahrain Grand Prix,2025-04-13,piastri,Oscar Piastri,mclaren,McLaren,0.978717,1,25.000000,25.000000,1,16.873259,0.929058,0.953488,0.945908
points_top10_hybrid,Rank by 70% normalized points and 30% raw Top 10 probability.,2025,4,Bahrain Grand Prix,2025-04-13,russell,George Russell,mercedes,Mercedes,0.849378,2,18.000000,18.000000,2,14.168480,0.871961,0.913043,0.885089
points_top10_hybrid,Rank by 70% normalized points and 30% raw Top 10 probability.,2025,4,Bahrain Grand Prix,2025-04-13,norris,Lando Norris,mclaren,McLaren,0.751454,3,15.000000,15.000000,3,11.421576,0.925403,0.953488,0.806592
points_top10_hybrid,Rank by 70% normalized points and 30% raw Top 10 probability.,2025,4,Bahrain Grand Prix,2025-04-13,leclerc,Charles Leclerc,ferrari,Ferrari,0.689644,4,12.000000,12.000000,4,10.385719,0.862614,0.913043,0.763089
points_top10_hybrid,Rank by 70% normalized points and 30% raw Top 10 probability.,2025,4,Bahrain Grand Prix,2025-04-13,antonelli,Andrea Kimi Antonelli,mercedes,Mercedes,0.687999,5,10.000000,0.000000,11,10.495567,0.841942,0.913043,0.683185
points_top10_hybrid,Rank by 70% normalized points and 30% raw Top 10 probability.,2025,4,Bahrain Grand Prix,2025-04-13,max_verstappen,Max Verstappen,red_bull,Red Bull,0.626901,6,8.000000,8.000000,6,9.475265,0.779375,0.736842,0.533245
points_top10_hybrid,Rank by 70% normalized points and 30% raw Top 10 probability.,2025,4,Bahrain Grand Prix,2025-04-13,gasly,Pierre Gasly,alpine,Alpine F1 Team,0.424006,7,6.000000,6.000000,7,5.091889,0.709218,0.736842,0.135804
points_top10_hybrid,Rank by 70% normalized points and 30% raw Top 10 probability.,2025,4,Bahrain Grand Prix,2025-04-13,hamilton,Lewis Hamilton,ferrari,Ferrari,0.365963,8,4.000000,10.000000,5,4.376820,0.614623,0.638298,0.180979
points_top10_hybrid,Rank by 70% normalized points and 30% raw Top 10 probability.,2025,4,Bahrain Grand Prix,2025-04-13,tsunoda,Yuki Tsunoda,red_bull,Red Bull,0.309915,9,2.000000,2.000000,9,4.162678,0.457411,0.305556,0.101206
points_top10_hybrid,Rank by 70% normalized points and 30% raw Top 10 probability.,2025,4,Bahrain Grand Prix,2025-04-13,sainz,Carlos Sainz,williams,Williams,0.307211,10,1.000000,0.000000,19,3.070405,0.599442,0.437500,0.068497
points_top10_hybrid,Rank by 70% normalized points and 30% raw Top 10 probability.,2025,4,Bahrain Grand Prix,2025-04-13,doohan,Jack Doohan,alpine,Alpine F1 Team,0.201499,11,0.000000,0.000000,14,1.253505,0.498322,0.305556,0.019739
points_top10_hybrid,Rank by 70% normalized points and 30% raw Top 10 probability.,2025,4,Bahrain Grand Prix,2025-04-13,albon,Alexander Albon,williams,Williams,0.181267,12,0.000000,0.000000,12,1.298985,0.424592,0.305556,0.010799
points_top10_hybrid,Rank by 70% normalized points and 30% raw Top 10 probability.,2025,4,Bahrain Grand Prix,2025-04-13,ocon,Esteban Ocon,haas,Haas F1 Team,0.162102,13,0.000000,4.000000,8,0.900779,0.415776,0.305556,0.011105
points_top10_hybrid,Rank by 70% normalized points and 30% raw Top 10 probability.,2025,4,Bahrain Grand Prix,2025-04-13,alonso,Fernando Alonso,aston_martin,Aston Martin,0.143914,14,0.000000,0.000000,15,0.958403,0.347180,0.300000,0.005149
points_top10_hybrid,Rank by 70% normalized points and 30% raw Top 10 probability.,2025,4,Bahrain Grand Prix,2025-04-13,hadjar,Isack Hadjar,rb,RB F1 Team,0.131098,15,0.000000,0.000000,13,1.349278,0.250408,0.159091,0.049703
points_top10_hybrid,Rank by 70% normalized points and 30% raw Top 10 probability.,2025,4,Bahrain Grand Prix,2025-04-13,hulkenberg,Nico Hülkenberg,sauber,Sauber,0.125247,16,0.000000,0.000000,20,0.586912,0.336327,0.300000,0.001711
points_top10_hybrid,Rank by 70% normalized points and 30% raw Top 10 probability.,2025,4,Bahrain Grand Prix,2025-04-13,stroll,Lance Stroll,aston_martin,Aston Martin,0.086498,17,0.000000,0.000000,17,0.671075,0.195526,0.192308,0.014248
points_top10_hybrid,Rank by 70% normalized points and 30% raw Top 10 probability.,2025,4,Bahrain Grand Prix,2025-04-13,bearman,Oliver Bearman,haas,Haas F1 Team,0.074697,18,0.000000,1.000000,10,0.761882,0.143632,0.192308,0.005630
points_top10_hybrid,Rank by 70% normalized points and 30% raw Top 10 probability.,2025,4,Bahrain Grand Prix,2025-04-13,lawson,Liam Lawson,rb,RB F1 Team,0.050292,19,0.000000,0.000000,16,0.275057,0.129603,0.192308,0.010825
points_top10_hybrid,Rank by 70% normalized points and 30% raw Top 10 probability.,2025,4,Bahrain Grand Prix,2025-04-13,bortoleto,Gabriel Bortoleto,sauber,Sauber,0.049474,20,0.000000,0.000000,18,0.258244,0.129201,0.192308,0.002547
points_top10_hybrid,Rank by 70% normalized points and 30% raw Top 10 probability.,2025,5,Saudi Arabian Grand Prix,2025-04-20,piastri,Oscar Piastri,mclaren,McLaren,0.981272,1,25.000000,25.000000,1,18.003469,0.937574,0.954545,0.961887
points_top10_hybrid,Rank by 70% normalized points and 30% raw Top 10 probability.,2025,5,Saudi Arabian Grand Prix,2025-04-20,max_verstappen,Max Verstappen,red_bull,Red Bull,0.941294,2,18.000000,18.000000,2,17.405625,0.881798,0.898551,0.950721
points_top10_hybrid,Rank by 70% normalized points and 30% raw Top 10 probability.,2025,5,Saudi Arabian Grand Prix,2025-04-20,russell,George Russell,mercedes,Mercedes,0.770356,3,15.000000,10.000000,5,13.197236,0.857430,0.898551,0.873738
points_top10_hybrid,Rank by 70% normalized points and 30% raw Top 10 probability.,2025,5,Saudi Arabian Grand Prix,2025-04-20,leclerc,Charles Leclerc,ferrari,Ferrari,0.627118,4,12.000000,15.000000,3,9.583969,0.848266,0.898551,0.625444
points_top10_hybrid,Rank by 70% normalized points and 30% raw Top 10 probability.,2025,5,Saudi Arabian Grand Prix,2025-04-20,antonelli,Andrea Kimi Antonelli,mercedes,Mercedes,0.570710,5,10.000000,8.000000,6,8.992162,0.736941,0.729730,0.621723
points_top10_hybrid,Rank by 70% normalized points and 30% raw Top 10 probability.,2025,5,Saudi Arabian Grand Prix,2025-04-20,norris,Lando Norris,mclaren,McLaren,0.535608,6,8.000000,12.000000,4,7.744085,0.781691,0.729730,0.659533
points_top10_hybrid,Rank by 70% normalized points and 30% raw Top 10 probability.,2025,5,Saudi Arabian Grand Prix,2025-04-20,hamilton,Lewis Hamilton,ferrari,Ferrari,0.433145,7,6.000000,6.000000,7,5.714309,0.703217,0.729730,0.294794
points_top10_hybrid,Rank by 70% normalized points and 30% raw Top 10 probability.,2025,5,Saudi Arabian Grand Prix,2025-04-20,tsunoda,Yuki Tsunoda,red_bull,Red Bull,0.355951,8,4.000000,0.000000,19,4.555793,0.596051,0.425532,0.164035
points_top10_hybrid,Rank by 70% normalized points and 30% raw Top 10 probability.,2025,5,Saudi Arabian Grand Prix,2025-04-20,sainz,Carlos Sainz,williams,Williams,0.354795,9,2.000000,4.000000,8,4.029958,0.660348,0.652174,0.112827
points_top10_hybrid,Rank by 70% normalized points and 30% raw Top 10 probability.,2025,5,Saudi Arabian Grand Prix,2025-04-20,gasly,Pierre Gasly,alpine,Alpine F1 Team,0.269045,10,1.000000,0.000000,20,2.141713,0.619242,0.652174,0.031455
points_top10_hybrid,Rank by 70% normalized points and 30% raw Top 10 probability.,2025,5,Saudi Arabian Grand Prix,2025-04-20,albon,Alexander Albon,williams,Williams,0.249338,11,0.000000,2.000000,9,2.074941,0.562203,0.425532,0.017064
points_top10_hybrid,Rank by 70% normalized points and 30% raw Top 10 probability.,2025,5,Saudi Arabian Grand Prix,2025-04-20,bearman,Oliver Bearman,haas,Haas F1 Team,0.151470,12,0.000000,0.000000,13,1.137978,0.357412,0.305085,0.024944
points_top10_hybrid,Rank by 70% normalized points and 30% raw Top 10 probability.,2025,5,Saudi Arabian Grand Prix,2025-04-20,ocon,Esteban Ocon,haas,Haas F1 Team,0.131329,13,0.000000,0.000000,14,1.123755,0.292118,0.159091,0.019694
points_top10_hybrid,Rank by 70% normalized points and 30% raw Top 10 probability.,2025,5,Saudi Arabian Grand Prix,2025-04-20,alonso,Fernando Alonso,aston_martin,Aston Martin,0.130715,14,0.000000,0.000000,11,0.903317,0.318641,0.305085,0.002595
points_top10_hybrid,Rank by 70% normalized points and 30% raw Top 10 probability.,2025,5,Saudi Arabian Grand Prix,2025-04-20,stroll,Lance Stroll,aston_martin,Aston Martin,0.124521,15,0.000000,0.000000,16,0.479147,0.352970,0.305085,0.014347
points_top10_hybrid,Rank by 70% normalized points and 30% raw Top 10 probability.,2025,5,Saudi Arabian Grand Prix,2025-04-20,lawson,Liam Lawson,rb,RB F1 Team,0.090767,16,0.000000,0.000000,12,1.091514,0.161092,0.196078,0.001462
points_top10_hybrid,Rank by 70% normalized points and 30% raw Top 10 probability.,2025,5,Saudi Arabian Grand Prix,2025-04-20,doohan,Jack Doohan,alpine,Alpine F1 Team,0.064997,17,0.000000,0.000000,17,0.241065,0.185413,0.196078,0.006198
points_top10_hybrid,Rank by 70% normalized points and 30% raw Top 10 probability.,2025,5,Saudi Arabian Grand Prix,2025-04-20,hadjar,Isack Hadjar,rb,RB F1 Team,0.058289,18,0.000000,1.000000,10,0.504383,0.128926,0.196078,0.005946
points_top10_hybrid,Rank by 70% normalized points and 30% raw Top 10 probability.,2025,5,Saudi Arabian Grand Prix,2025-04-20,hulkenberg,Nico Hülkenberg,sauber,Sauber,0.058148,19,0.000000,0.000000,15,0.197888,0.168180,0.196078,0.000747
points_top10_hybrid,Rank by 70% normalized points and 30% raw Top 10 probability.,2025,5,Saudi Arabian Grand Prix,2025-04-20,bortoleto,Gabriel Bortoleto,sauber,Sauber,0.038995,20,0.000000,0.000000,18,0.080207,0.119587,0.196078,0.001537
points_top10_hybrid,Rank by 70% normalized points and 30% raw Top 10 probability.,2025,6,Miami Grand Prix,2025-05-04,max_verstappen,Max Verstappen,red_bull,Red Bull,0.981315,1,25.000000,12.000000,4,18.369568,0.937716,0.952381,0.917158
points_top10_hybrid,Rank by 70% normalized points and 30% raw Top 10 probability.,2025,6,Miami Grand Prix,2025-05-04,norris,Lando Norris,mclaren,McLaren,0.894528,2,18.000000,18.000000,2,15.959769,0.954522,0.952381,0.938484
points_top10_hybrid,Rank by 70% normalized points and 30% raw Top 10 probability.,2025,6,Miami Grand Prix,2025-05-04,piastri,Oscar Piastri,mclaren,McLaren,0.839631,3,15.000000,25.000000,1,14.842419,0.913460,0.952381,0.907494
points_top10_hybrid,Rank by 70% normalized points and 30% raw Top 10 probability.,2025,6,Miami Grand Prix,2025-05-04,antonelli,Andrea Kimi Antonelli,mercedes,Mercedes,0.653193,4,12.000000,8.000000,6,10.475625,0.846677,0.900000,0.825318
points_top10_hybrid,Rank by 70% normalized points and 30% raw Top 10 probability.,2025,6,Miami Grand Prix,2025-05-04,russell,George Russell,mercedes,Mercedes,0.637754,5,10.000000,15.000000,3,9.967729,0.859730,0.900000,0.663489
points_top10_hybrid,Rank by 70% normalized points and 30% raw Top 10 probability.,2025,6,Miami Grand Prix,2025-05-04,leclerc,Charles Leclerc,ferrari,Ferrari,0.503234,6,8.000000,6.000000,7,7.066853,0.779803,0.743590,0.396362
points_top10_hybrid,Rank by 70% normalized points and 30% raw Top 10 probability.,2025,6,Miami Grand Prix,2025-05-04,sainz,Carlos Sainz,williams,Williams,0.369388,7,6.000000,2.000000,9,4.318857,0.682705,0.630435,0.101081
points_top10_hybrid,Rank by 70% normalized points and 30% raw Top 10 probability.,2025,6,Miami Grand Prix,2025-05-04,albon,Alexander Albon,williams,Williams,0.345921,8,4.000000,10.000000,5,3.712210,0.681540,0.630435,0.070219
points_top10_hybrid,Rank by 70% normalized points and 30% raw Top 10 probability.,2025,6,Miami Grand Prix,2025-05-04,hamilton,Lewis Hamilton,ferrari,Ferrari,0.343855,9,2.000000,4.000000,8,4.940308,0.518658,0.404255,0.155909
points_top10_hybrid,Rank by 70% normalized points and 30% raw Top 10 probability.,2025,6,Miami Grand Prix,2025-05-04,tsunoda,Yuki Tsunoda,red_bull,Red Bull,0.322696,10,1.000000,1.000000,10,4.111316,0.553427,0.404255,0.103581
points_top10_hybrid,Rank by 70% normalized points and 30% raw Top 10 probability.,2025,6,Miami Grand Prix,2025-05-04,ocon,Esteban Ocon,haas,Haas F1 Team,0.218867,11,0.000000,0.000000,12,2.161280,0.455027,0.333333,0.033964
points_top10_hybrid,Rank by 70% normalized points and 30% raw Top 10 probability.,2025,6,Miami Grand Prix,2025-05-04,hadjar,Isack Hadjar,rb,RB F1 Team,0.129219,12,0.000000,0.000000,11,1.759773,0.207201,0.162791,0.012842
points_top10_hybrid,Rank by 70% normalized points and 30% raw Top 10 probability.,2025,6,Miami Grand Prix,2025-05-04,doohan,Jack Doohan,alpine,Alpine F1 Team,0.116856,13,0.000000,0.000000,20,0.336771,0.346742,0.295082,0.009099
points_top10_hybrid,Rank by 70% normalized points and 30% raw Top 10 probability.,2025,6,Miami Grand Prix,2025-05-04,bortoleto,Gabriel Bortoleto,sauber,Sauber,0.085703,14,0.000000,0.000000,18,0.448609,0.228695,0.162791,0.003032
points_top10_hybrid,Rank by 70% normalized points and 30% raw Top 10 probability.,2025,6,Miami Grand Prix,2025-05-04,bearman,Oliver Bearman,haas,Haas F1 Team,0.082481,15,0.000000,0.000000,19,0.602207,0.198443,0.220000,0.008477
points_top10_hybrid,Rank by 70% normalized points and 30% raw Top 10 probability.,2025,6,Miami Grand Prix,2025-05-04,alonso,Fernando Alonso,aston_martin,Aston Martin,0.076532,16,0.000000,0.000000,15,0.627933,0.175347,0.220000,0.008592
points_top10_hybrid,Rank by 70% normalized points and 30% raw Top 10 probability.,2025,6,Miami Grand Prix,2025-05-04,gasly,Pierre Gasly,alpine,Alpine F1 Team,0.070178,17,0.000000,0.000000,13,0.548741,0.164224,0.220000,0.019416
points_top10_hybrid,Rank by 70% normalized points and 30% raw Top 10 probability.,2025,6,Miami Grand Prix,2025-05-04,hulkenberg,Nico Hülkenberg,sauber,Sauber,0.068372,18,0.000000,0.000000,14,0.275923,0.192857,0.220000,0.000572
points_top10_hybrid,Rank by 70% normalized points and 30% raw Top 10 probability.,2025,6,Miami Grand Prix,2025-05-04,stroll,Lance Stroll,aston_martin,Aston Martin,0.065602,19,0.000000,0.000000,16,0.323708,0.177556,0.220000,0.006813
points_top10_hybrid,Rank by 70% normalized points and 30% raw Top 10 probability.,2025,6,Miami Grand Prix,2025-05-04,lawson,Liam Lawson,rb,RB F1 Team,0.043173,20,0.000000,0.000000,17,0.292239,0.106790,0.220000,0.002886
points_top10_hybrid,Rank by 70% normalized points and 30% raw Top 10 probability.,2025,7,Emilia Romagna Grand Prix,2025-05-18,piastri,Oscar Piastri,mclaren,McLaren,0.984914,1,25.000000,15.000000,3,19.294477,0.949714,0.951220,0.966933
points_top10_hybrid,Rank by 70% normalized points and 30% raw Top 10 probability.,2025,7,Emilia Romagna Grand Prix,2025-05-18,max_verstappen,Max Verstappen,red_bull,Red Bull,0.801753,2,18.000000,25.000000,1,14.553887,0.912470,0.951220,0.919989
points_top10_hybrid,Rank by 70% normalized points and 30% raw Top 10 probability.,2025,7,Emilia Romagna Grand Prix,2025-05-18,russell,George Russell,mercedes,Mercedes,0.739214,3,15.000000,6.000000,7,12.903680,0.903569,0.951220,0.880829
points_top10_hybrid,Rank by 70% normalized points and 30% raw Top 10 probability.,2025,7,Emilia Romagna Grand Prix,2025-05-18,norris,Lando Norris,mclaren,McLaren,0.730517,4,12.000000,18.000000,2,12.379548,0.937965,0.951220,0.848976
points_top10_hybrid,Rank by 70% normalized points and 30% raw Top 10 probability.,2025,7,Emilia Romagna Grand Prix,2025-05-18,sainz,Carlos Sainz,williams,Williams,0.392027,5,10.000000,4.000000,8,4.958266,0.707139,0.736842,0.130605
points_top10_hybrid,Rank by 70% normalized points and 30% raw Top 10 probability.,2025,7,Emilia Romagna Grand Prix,2025-05-18,alonso,Fernando Alonso,aston_martin,Aston Martin,0.378358,6,8.000000,0.000000,11,4.733526,0.688756,0.666667,0.103471
points_top10_hybrid,Rank by 70% normalized points and 30% raw Top 10 probability.,2025,7,Emilia Romagna Grand Prix,2025-05-18,albon,Alexander Albon,williams,Williams,0.375724,7,6.000000,10.000000,5,4.491432,0.709252,0.736842,0.043975
points_top10_hybrid,Rank by 70% normalized points and 30% raw Top 10 probability.,2025,7,Emilia Romagna Grand Prix,2025-05-18,leclerc,Charles Leclerc,ferrari,Ferrari,0.370256,8,4.000000,8.000000,6,5.152344,0.611101,0.666667,0.315676
points_top10_hybrid,Rank by 70% normalized points and 30% raw Top 10 probability.,2025,7,Emilia Romagna Grand Prix,2025-05-18,hamilton,Lewis Hamilton,ferrari,Ferrari,0.309000,9,2.000000,12.000000,4,4.337107,0.505501,0.413043,0.247286
points_top10_hybrid,Rank by 70% normalized points and 30% raw Top 10 probability.,2025,7,Emilia Romagna Grand Prix,2025-05-18,antonelli,Andrea Kimi Antonelli,mercedes,Mercedes,0.276227,10,1.000000,0.000000,19,3.882088,0.451285,0.333333,0.248822
points_top10_hybrid,Rank by 70% normalized points and 30% raw Top 10 probability.,2025,7,Emilia Romagna Grand Prix,2025-05-18,stroll,Lance Stroll,aston_martin,Aston Martin,0.273790,11,0.000000,0.000000,15,2.277572,0.637199,0.666667,0.069353
points_top10_hybrid,Rank by 70% normalized points and 30% raw Top 10 probability.,2025,7,Emilia Romagna Grand Prix,2025-05-18,gasly,Pierre Gasly,alpine,Alpine F1 Team,0.244849,12,0.000000,0.000000,13,1.970146,0.577908,0.413043,0.107290
points_top10_hybrid,Rank by 70% normalized points and 30% raw Top 10 probability.,2025,7,Emilia Romagna Grand Prix,2025-05-18,hadjar,Isack Hadjar,rb,RB F1 Team,0.233515,13,0.000000,2.000000,9,1.817109,0.558637,0.413043,0.010114
points_top10_hybrid,Rank by 70% normalized points and 30% raw Top 10 probability.,2025,7,Emilia Romagna Grand Prix,2025-05-18,tsunoda,Yuki Tsunoda,red_bull,Red Bull,0.155154,14,0.000000,1.000000,10,1.957616,0.280440,0.142857,0.014214
points_top10_hybrid,Rank by 70% normalized points and 30% raw Top 10 probability.,2025,7,Emilia Romagna Grand Prix,2025-05-18,bearman,Oliver Bearman,haas,Haas F1 Team,0.079116,15,0.000000,0.000000,17,0.446646,0.209705,0.142857,0.008085
points_top10_hybrid,Rank by 70% normalized points and 30% raw Top 10 probability.,2025,7,Emilia Romagna Grand Prix,2025-05-18,ocon,Esteban Ocon,haas,Haas F1 Team,0.071362,16,0.000000,0.000000,20,0.636089,0.160949,0.207547,0.006413
points_top10_hybrid,Rank by 70% normalized points and 30% raw Top 10 probability.,2025,7,Emilia Romagna Grand Prix,2025-05-18,bortoleto,Gabriel Bortoleto,sauber,Sauber,0.066907,17,0.000000,0.000000,18,0.175154,0.201840,0.142857,0.003341
points_top10_hybrid,Rank by 70% normalized points and 30% raw Top 10 probability.,2025,7,Emilia Romagna Grand Prix,2025-05-18,colapinto,Franco Colapinto,alpine,Alpine F1 Team,0.062974,18,0.000000,0.000000,16,0.228679,0.182258,0.207547,0.007442
points_top10_hybrid,Rank by 70% normalized points and 30% raw Top 10 probability.,2025,7,Emilia Romagna Grand Prix,2025-05-18,hulkenberg,Nico Hülkenberg,sauber,Sauber,0.060154,19,0.000000,0.000000,12,0.223751,0.173453,0.207547,0.000944
points_top10_hybrid,Rank by 70% normalized points and 30% raw Top 10 probability.,2025,7,Emilia Romagna Grand Prix,2025-05-18,lawson,Liam Lawson,rb,RB F1 Team,0.034030,20,0.000000,0.000000,14,0.136288,0.096951,0.047619,0.002736
points_top10_hybrid,Rank by 70% normalized points and 30% raw Top 10 probability.,2025,8,Monaco Grand Prix,2025-05-25,norris,Lando Norris,mclaren,McLaren,0.990693,1,25.000000,25.000000,1,16.710382,0.968978,0.953488,0.944802
points_top10_hybrid,Rank by 70% normalized points and 30% raw Top 10 probability.,2025,8,Monaco Grand Prix,2025-05-25,piastri,Oscar Piastri,mclaren,McLaren,0.902898,2,18.000000,15.000000,3,14.923521,0.925834,0.953488,0.942944
points_top10_hybrid,Rank by 70% normalized points and 30% raw Top 10 probability.,2025,8,Monaco Grand Prix,2025-05-25,leclerc,Charles Leclerc,ferrari,Ferrari,0.837319,3,15.000000,18.000000,2,13.706184,0.877217,0.898551,0.875662
points_top10_hybrid,Rank by 70% normalized points and 30% raw Top 10 probability.,2025,8,Monaco Grand Prix,2025-05-25,max_verstappen,Max Verstappen,red_bull,Red Bull,0.748423,4,12.000000,12.000000,4,11.882826,0.835499,0.898551,0.804182
points_top10_hybrid,Rank by 70% normalized points and 30% raw Top 10 probability.,2025,8,Monaco Grand Prix,2025-05-25,hamilton,Lewis Hamilton,ferrari,Ferrari,0.637012,5,10.000000,10.000000,5,9.428729,0.806804,0.898551,0.463131
points_top10_hybrid,Rank by 70% normalized points and 30% raw Top 10 probability.,2025,8,Monaco Grand Prix,2025-05-25,hadjar,Isack Hadjar,rb,RB F1 Team,0.389332,6,8.000000,8.000000,6,4.290340,0.698697,0.636364,0.100383
points_top10_hybrid,Rank by 70% normalized points and 30% raw Top 10 probability.,2025,8,Monaco Grand Prix,2025-05-25,russell,George Russell,mercedes,Mercedes,0.349121,7,6.000000,0.000000,11,4.347977,0.556612,0.422222,0.184913
points_top10_hybrid,Rank by 70% normalized points and 30% raw Top 10 probability.,2025,8,Monaco Grand Prix,2025-05-25,alonso,Fernando Alonso,aston_martin,Aston Martin,0.339553,8,4.000000,0.000000,19,3.603007,0.628743,0.636364,0.020366
points_top10_hybrid,Rank by 70% normalized points and 30% raw Top 10 probability.,2025,8,Monaco Grand Prix,2025-05-25,albon,Alexander Albon,williams,Williams,0.316999,9,2.000000,2.000000,9,3.131722,0.619368,0.636364,0.011302
points_top10_hybrid,Rank by 70% normalized points and 30% raw Top 10 probability.,2025,8,Monaco Grand Prix,2025-05-25,ocon,Esteban Ocon,haas,Haas F1 Team,0.295630,10,1.000000,6.000000,7,2.453555,0.642835,0.636364,0.018980
points_top10_hybrid,Rank by 70% normalized points and 30% raw Top 10 probability.,2025,8,Monaco Grand Prix,2025-05-25,antonelli,Andrea Kimi Antonelli,mercedes,Mercedes,0.291640,11,0.000000,0.000000,18,3.183406,0.527621,0.422222,0.079894
points_top10_hybrid,Rank by 70% normalized points and 30% raw Top 10 probability.,2025,8,Monaco Grand Prix,2025-05-25,tsunoda,Yuki Tsunoda,red_bull,Red Bull,0.282372,12,0.000000,0.000000,17,3.572100,0.442453,0.342105,0.019587
points_top10_hybrid,Rank by 70% normalized points and 30% raw Top 10 probability.,2025,8,Monaco Grand Prix,2025-05-25,sainz,Carlos Sainz,williams,Williams,0.267052,13,0.000000,1.000000,10,2.556933,0.533140,0.422222,0.026911
points_top10_hybrid,Rank by 70% normalized points and 30% raw Top 10 probability.,2025,8,Monaco Grand Prix,2025-05-25,lawson,Liam Lawson,rb,RB F1 Team,0.231401,14,0.000000,4.000000,8,1.648219,0.541190,0.422222,0.008114
points_top10_hybrid,Rank by 70% normalized points and 30% raw Top 10 probability.,2025,8,Monaco Grand Prix,2025-05-25,hulkenberg,Nico Hülkenberg,sauber,Sauber,0.151360,15,0.000000,0.000000,16,0.558078,0.426608,0.342105,0.002013
points_top10_hybrid,Rank by 70% normalized points and 30% raw Top 10 probability.,2025,8,Monaco Grand Prix,2025-05-25,bortoleto,Gabriel Bortoleto,sauber,Sauber,0.095080,16,0.000000,0.000000,14,0.075872,0.306340,0.295082,0.003141
points_top10_hybrid,Rank by 70% normalized points and 30% raw Top 10 probability.,2025,8,Monaco Grand Prix,2025-05-25,stroll,Lance Stroll,aston_martin,Aston Martin,0.062273,17,0.000000,0.000000,15,0.174431,0.183221,0.207547,0.005088
points_top10_hybrid,Rank by 70% normalized points and 30% raw Top 10 probability.,2025,8,Monaco Grand Prix,2025-05-25,bearman,Oliver Bearman,haas,Haas F1 Team,0.052040,18,0.000000,0.000000,12,0.250514,0.138487,0.207547,0.002976
points_top10_hybrid,Rank by 70% normalized points and 30% raw Top 10 probability.,2025,8,Monaco Grand Prix,2025-05-25,gasly,Pierre Gasly,alpine,Alpine F1 Team,0.048376,19,0.000000,0.000000,20,0.190431,0.134662,0.207547,0.048881
points_top10_hybrid,Rank by 70% normalized points and 30% raw Top 10 probability.,2025,8,Monaco Grand Prix,2025-05-25,colapinto,Franco Colapinto,alpine,Alpine F1 Team,0.030973,20,0.000000,0.000000,13,0.033846,0.098518,0.047619,0.003891
points_top10_hybrid,Rank by 70% normalized points and 30% raw Top 10 probability.,2025,9,Spanish Grand Prix,2025-06-01,norris,Lando Norris,mclaren,McLaren,0.990033,1,25.000000,18.000000,2,16.890375,0.966777,0.952381,0.966692
points_top10_hybrid,Rank by 70% normalized points and 30% raw Top 10 probability.,2025,9,Spanish Grand Prix,2025-06-01,piastri,Oscar Piastri,mclaren,McLaren,0.952993,2,18.000000,25.000000,1,16.186159,0.940596,0.952381,0.949905
points_top10_hybrid,Rank by 70% normalized points and 30% raw Top 10 probability.,2025,9,Spanish Grand Prix,2025-06-01,max_verstappen,Max Verstappen,red_bull,Red Bull,0.816905,3,15.000000,1.000000,10,13.096909,0.913733,0.952381,0.896135
points_top10_hybrid,Rank by 70% normalized points and 30% raw Top 10 probability.,2025,9,Spanish Grand Prix,2025-06-01,russell,George Russell,mercedes,Mercedes,0.691134,4,12.000000,12.000000,4,10.508159,0.852124,0.900000,0.743629
points_top10_hybrid,Rank by 70% normalized points and 30% raw Top 10 probability.,2025,9,Spanish Grand Prix,2025-06-01,hamilton,Lewis Hamilton,ferrari,Ferrari,0.625122,5,10.000000,8.000000,6,9.195802,0.813380,0.900000,0.570974
points_top10_hybrid,Rank by 70% normalized points and 30% raw Top 10 probability.,2025,9,Spanish Grand Prix,2025-06-01,leclerc,Charles Leclerc,ferrari,Ferrari,0.541656,6,8.000000,15.000000,3,7.427987,0.779375,0.763158,0.352415
points_top10_hybrid,Rank by 70% normalized points and 30% raw Top 10 probability.,2025,9,Spanish Grand Prix,2025-06-01,antonelli,Andrea Kimi Antonelli,mercedes,Mercedes,0.519202,7,6.000000,0.000000,18,7.190023,0.737402,0.763158,0.327612
points_top10_hybrid,Rank by 70% normalized points and 30% raw Top 10 probability.,2025,9,Spanish Grand Prix,2025-06-01,hadjar,Isack Hadjar,rb,RB F1 Team,0.292233,8,4.000000,6.000000,7,2.554962,0.621152,0.630435,0.168076
points_top10_hybrid,Rank by 70% normalized points and 30% raw Top 10 probability.,2025,9,Spanish Grand Prix,2025-06-01,albon,Alexander Albon,williams,Williams,0.286601,9,2.000000,0.000000,19,2.975746,0.544249,0.437500,0.067515
points_top10_hybrid,Rank by 70% normalized points and 30% raw Top 10 probability.,2025,9,Spanish Grand Prix,2025-06-01,gasly,Pierre Gasly,alpine,Alpine F1 Team,0.283581,10,1.000000,4.000000,8,2.360318,0.619202,0.630435,0.134209
points_top10_hybrid,Rank by 70% normalized points and 30% raw Top 10 probability.,2025,9,Spanish Grand Prix,2025-06-01,alonso,Fernando Alonso,aston_martin,Aston Martin,0.199215,11,0.000000,2.000000,9,1.801306,0.415206,0.307692,0.004530
points_top10_hybrid,Rank by 70% normalized points and 30% raw Top 10 probability.,2025,9,Spanish Grand Prix,2025-06-01,tsunoda,Yuki Tsunoda,red_bull,Red Bull,0.187670,12,0.000000,0.000000,13,2.555537,0.272531,0.175000,0.021314
points_top10_hybrid,Rank by 70% normalized points and 30% raw Top 10 probability.,2025,9,Spanish Grand Prix,2025-06-01,sainz,Carlos Sainz,williams,Williams,0.143124,13,0.000000,0.000000,14,1.357365,0.289566,0.175000,0.064428
points_top10_hybrid,Rank by 70% normalized points and 30% raw Top 10 probability.,2025,9,Spanish Grand Prix,2025-06-01,ocon,Esteban Ocon,haas,Haas F1 Team,0.121290,14,0.000000,0.000000,16,0.675719,0.310952,0.295082,0.013221
points_top10_hybrid,Rank by 70% normalized points and 30% raw Top 10 probability.,2025,9,Spanish Grand Prix,2025-06-01,lawson,Liam Lawson,rb,RB F1 Team,0.115171,15,0.000000,0.000000,11,0.829445,0.269318,0.175000,0.036093
points_top10_hybrid,Rank by 70% normalized points and 30% raw Top 10 probability.,2025,9,Spanish Grand Prix,2025-06-01,bortoleto,Gabriel Bortoleto,sauber,Sauber,0.105239,16,0.000000,0.000000,12,0.913503,0.224599,0.175000,0.011104
points_top10_hybrid,Rank by 70% normalized points and 30% raw Top 10 probability.,2025,9,Spanish Grand Prix,2025-06-01,bearman,Oliver Bearman,haas,Haas F1 Team,0.084120,17,0.000000,0.000000,17,0.432872,0.220602,0.175000,0.011549
points_top10_hybrid,Rank by 70% normalized points and 30% raw Top 10 probability.,2025,9,Spanish Grand Prix,2025-06-01,hulkenberg,Nico Hülkenberg,sauber,Sauber,0.059286,18,0.000000,10.000000,5,0.287717,0.157874,0.185185,0.003234
points_top10_hybrid,Rank by 70% normalized points and 30% raw Top 10 probability.,2025,9,Spanish Grand Prix,2025-06-01,colapinto,Franco Colapinto,alpine,Alpine F1 Team,0.035402,19,0.000000,0.000000,15,0.074052,0.107778,0.185185,0.009547
points_top10_hybrid,Rank by 70% normalized points and 30% raw Top 10 probability.,2025,10,Canadian Grand Prix,2025-06-15,russell,George Russell,mercedes,Mercedes,0.969012,1,25.000000,25.000000,1,14.863006,0.896706,0.913043,0.944180
points_top10_hybrid,Rank by 70% normalized points and 30% raw Top 10 probability.,2025,10,Canadian Grand Prix,2025-06-15,max_verstappen,Max Verstappen,red_bull,Red Bull,0.958773,2,18.000000,18.000000,2,14.545186,0.912470,0.953488,0.914289
points_top10_hybrid,Rank by 70% normalized points and 30% raw Top 10 probability.,2025,10,Canadian Grand Prix,2025-06-15,piastri,Oscar Piastri,mclaren,McLaren,0.892814,3,15.000000,12.000000,4,13.108704,0.918121,0.953488,0.849969
points_top10_hybrid,Rank by 70% normalized points and 30% raw Top 10 probability.,2025,10,Canadian Grand Prix,2025-06-15,norris,Lando Norris,mclaren,McLaren,0.769504,4,12.000000,0.000000,18,10.616261,0.898375,0.913043,0.720244
points_top10_hybrid,Rank by 70% normalized points and 30% raw Top 10 probability.,2025,10,Canadian Grand Prix,2025-06-15,hamilton,Lewis Hamilton,ferrari,Ferrari,0.717585,5,10.000000,8.000000,6,10.011489,0.820253,0.913043,0.666663
points_top10_hybrid,Rank by 70% normalized points and 30% raw Top 10 probability.,2025,10,Canadian Grand Prix,2025-06-15,antonelli,Andrea Kimi Antonelli,mercedes,Mercedes,0.655384,6,8.000000,15.000000,3,8.939481,0.781210,0.736842,0.682009
points_top10_hybrid,Rank by 70% normalized points and 30% raw Top 10 probability.,2025,10,Canadian Grand Prix,2025-06-15,leclerc,Charles Leclerc,ferrari,Ferrari,0.591330,7,6.000000,10.000000,5,8.029557,0.710544,0.736842,0.406868
points_top10_hybrid,Rank by 70% normalized points and 30% raw Top 10 probability.,2025,10,Canadian Grand Prix,2025-06-15,alonso,Fernando Alonso,aston_martin,Aston Martin,0.388347,8,4.000000,6.000000,7,4.101035,0.650670,0.666667,0.023492
points_top10_hybrid,Rank by 70% normalized points and 30% raw Top 10 probability.,2025,10,Canadian Grand Prix,2025-06-15,albon,Alexander Albon,williams,Williams,0.319357,9,2.000000,0.000000,20,2.946351,0.601978,0.666667,0.033402
points_top10_hybrid,Rank by 70% normalized points and 30% raw Top 10 probability.,2025,10,Canadian Grand Prix,2025-06-15,hadjar,Isack Hadjar,rb,RB F1 Team,0.292629,10,1.000000,0.000000,16,2.143576,0.638910,0.666667,0.083105
points_top10_hybrid,Rank by 70% normalized points and 30% raw Top 10 probability.,2025,10,Canadian Grand Prix,2025-06-15,tsunoda,Yuki Tsunoda,red_bull,Red Bull,0.256374,11,0.000000,0.000000,12,2.737647,0.424799,0.315789,0.029503
points_top10_hybrid,Rank by 70% normalized points and 30% raw Top 10 probability.,2025,10,Canadian Grand Prix,2025-06-15,hulkenberg,Nico Hülkenberg,sauber,Sauber,0.200494,12,0.000000,4.000000,8,1.451817,0.440395,0.315789,0.001873
points_top10_hybrid,Rank by 70% normalized points and 30% raw Top 10 probability.,2025,10,Canadian Grand Prix,2025-06-15,sainz,Carlos Sainz,williams,Williams,0.151987,13,0.000000,1.000000,10,1.295266,0.303282,0.266667,0.030729
points_top10_hybrid,Rank by 70% normalized points and 30% raw Top 10 probability.,2025,10,Canadian Grand Prix,2025-06-15,ocon,Esteban Ocon,haas,Haas F1 Team,0.148358,14,0.000000,2.000000,9,0.751376,0.376568,0.266667,0.019378
points_top10_hybrid,Rank by 70% normalized points and 30% raw Top 10 probability.,2025,10,Canadian Grand Prix,2025-06-15,colapinto,Franco Colapinto,alpine,Alpine F1 Team,0.143324,15,0.000000,0.000000,13,1.397969,0.258280,0.166667,0.006204
points_top10_hybrid,Rank by 70% normalized points and 30% raw Top 10 probability.,2025,10,Canadian Grand Prix,2025-06-15,bearman,Oliver Bearman,haas,Haas F1 Team,0.097928,16,0.000000,0.000000,11,0.586300,0.234385,0.166667,0.003731
points_top10_hybrid,Rank by 70% normalized points and 30% raw Top 10 probability.,2025,10,Canadian Grand Prix,2025-06-15,bortoleto,Gabriel Bortoleto,sauber,Sauber,0.079552,17,0.000000,0.000000,14,0.351605,0.209976,0.166667,0.006683
points_top10_hybrid,Rank by 70% normalized points and 30% raw Top 10 probability.,2025,10,Canadian Grand Prix,2025-06-15,lawson,Liam Lawson,rb,RB F1 Team,0.075420,18,0.000000,0.000000,19,0.628396,0.152750,0.203704,0.032791
points_top10_hybrid,Rank by 70% normalized points and 30% raw Top 10 probability.,2025,10,Canadian Grand Prix,2025-06-15,stroll,Lance Stroll,aston_martin,Aston Martin,0.058113,19,0.000000,0.000000,17,0.345838,0.139418,0.203704,0.010083
points_top10_hybrid,Rank by 70% normalized points and 30% raw Top 10 probability.,2025,10,Canadian Grand Prix,2025-06-15,gasly,Pierre Gasly,alpine,Alpine F1 Team,0.047148,20,0.000000,0.000000,15,0.503911,0.078051,0.047619,0.031275
points_top10_hybrid,Rank by 70% normalized points and 30% raw Top 10 probability.,2025,11,Austrian Grand Prix,2025-06-29,norris,Lando Norris,mclaren,McLaren,0.989939,1,25.000000,25.000000,1,16.238284,0.966464,0.953488,0.941458
points_top10_hybrid,Rank by 70% normalized points and 30% raw Top 10 probability.,2025,11,Austrian Grand Prix,2025-06-29,leclerc,Charles Leclerc,ferrari,Ferrari,0.896775,2,18.000000,15.000000,3,14.729834,0.872672,0.898551,0.878834
points_top10_hybrid,Rank by 70% normalized points and 30% raw Top 10 probability.,2025,11,Austrian Grand Prix,2025-06-29,piastri,Oscar Piastri,mclaren,McLaren,0.839305,3,15.000000,18.000000,2,13.101794,0.915042,0.953488,0.905831
points_top10_hybrid,Rank by 70% normalized points and 30% raw Top 10 probability.,2025,11,Austrian Grand Prix,2025-06-29,hamilton,Lewis Hamilton,ferrari,Ferrari,0.724179,4,12.000000,12.000000,4,10.966931,0.838056,0.898551,0.761329
points_top10_hybrid,Rank by 70% normalized points and 30% raw Top 10 probability.,2025,11,Austrian Grand Prix,2025-06-29,russell,George Russell,mercedes,Mercedes,0.668354,5,10.000000,10.000000,5,9.535196,0.857703,0.898551,0.699936
points_top10_hybrid,Rank by 70% normalized points and 30% raw Top 10 probability.,2025,11,Austrian Grand Prix,2025-06-29,max_verstappen,Max Verstappen,red_bull,Red Bull,0.572191,6,8.000000,0.000000,18,7.707000,0.799858,0.769231,0.222977
points_top10_hybrid,Rank by 70% normalized points and 30% raw Top 10 probability.,2025,11,Austrian Grand Prix,2025-06-29,antonelli,Andrea Kimi Antonelli,mercedes,Mercedes,0.423976,7,6.000000,0.000000,19,5.304489,0.651032,0.652174,0.304952
points_top10_hybrid,Rank by 70% normalized points and 30% raw Top 10 probability.,2025,11,Austrian Grand Prix,2025-06-29,lawson,Liam Lawson,rb,RB F1 Team,0.383638,8,4.000000,8.000000,6,4.281804,0.663527,0.652174,0.112701
points_top10_hybrid,Rank by 70% normalized points and 30% raw Top 10 probability.,2025,11,Austrian Grand Prix,2025-06-29,bortoleto,Gabriel Bortoleto,sauber,Sauber,0.270691,9,2.000000,4.000000,8,2.377679,0.560647,0.425532,0.033204
points_top10_hybrid,Rank by 70% normalized points and 30% raw Top 10 probability.,2025,11,Austrian Grand Prix,2025-06-29,gasly,Pierre Gasly,alpine,Alpine F1 Team,0.251182,10,1.000000,0.000000,13,1.838851,0.573042,0.425532,0.106316
points_top10_hybrid,Rank by 70% normalized points and 30% raw Top 10 probability.,2025,11,Austrian Grand Prix,2025-06-29,albon,Alexander Albon,williams,Williams,0.226110,11,0.000000,0.000000,17,1.841427,0.489099,0.333333,0.017849
points_top10_hybrid,Rank by 70% normalized points and 30% raw Top 10 probability.,2025,11,Austrian Grand Prix,2025-06-29,alonso,Fernando Alonso,aston_martin,Aston Martin,0.168132,12,0.000000,6.000000,7,1.973276,0.276893,0.146341,0.003863
points_top10_hybrid,Rank by 70% normalized points and 30% raw Top 10 probability.,2025,11,Austrian Grand Prix,2025-06-29,tsunoda,Yuki Tsunoda,red_bull,Red Bull,0.154822,13,0.000000,0.000000,16,1.732216,0.267165,0.146341,0.020179
points_top10_hybrid,Rank by 70% normalized points and 30% raw Top 10 probability.,2025,11,Austrian Grand Prix,2025-06-29,hadjar,Isack Hadjar,rb,RB F1 Team,0.140017,14,0.000000,0.000000,12,1.159558,0.300102,0.283333,0.034061
points_top10_hybrid,Rank by 70% normalized points and 30% raw Top 10 probability.,2025,11,Austrian Grand Prix,2025-06-29,ocon,Esteban Ocon,haas,Haas F1 Team,0.123386,15,0.000000,1.000000,10,0.683394,0.313089,0.283333,0.006177
points_top10_hybrid,Rank by 70% normalized points and 30% raw Top 10 probability.,2025,11,Austrian Grand Prix,2025-06-29,sainz,Carlos Sainz,williams,Williams,0.116303,16,0.000000,0.000000,20,0.861475,0.263888,0.146341,0.023381
points_top10_hybrid,Rank by 70% normalized points and 30% raw Top 10 probability.,2025,11,Austrian Grand Prix,2025-06-29,bearman,Oliver Bearman,haas,Haas F1 Team,0.093604,17,0.000000,0.000000,11,0.358241,0.260536,0.146341,0.003632
points_top10_hybrid,Rank by 70% normalized points and 30% raw Top 10 probability.,2025,11,Austrian Grand Prix,2025-06-29,hulkenberg,Nico Hülkenberg,sauber,Sauber,0.070871,18,0.000000,2.000000,9,0.677724,0.138853,0.188679,0.002100
points_top10_hybrid,Rank by 70% normalized points and 30% raw Top 10 probability.,2025,11,Austrian Grand Prix,2025-06-29,stroll,Lance Stroll,aston_martin,Aston Martin,0.066933,19,0.000000,0.000000,14,0.290656,0.181344,0.188679,0.009703
points_top10_hybrid,Rank by 70% normalized points and 30% raw Top 10 probability.,2025,11,Austrian Grand Prix,2025-06-29,colapinto,Franco Colapinto,alpine,Alpine F1 Team,0.044774,20,0.000000,0.000000,15,0.248062,0.113603,0.188679,0.005244
points_top10_hybrid,Rank by 70% normalized points and 30% raw Top 10 probability.,2025,12,British Grand Prix,2025-07-06,max_verstappen,Max Verstappen,red_bull,Red Bull,0.971828,1,25.000000,10.000000,5,16.402736,0.906095,0.952381,0.933644
points_top10_hybrid,Rank by 70% normalized points and 30% raw Top 10 probability.,2025,12,British Grand Prix,2025-07-06,piastri,Oscar Piastri,mclaren,McLaren,0.928143,2,18.000000,18.000000,2,15.213735,0.929615,0.952381,0.936317
points_top10_hybrid,Rank by 70% normalized points and 30% raw Top 10 probability.,2025,12,British Grand Prix,2025-07-06,norris,Lando Norris,mclaren,McLaren,0.822659,3,15.000000,25.000000,1,12.614586,0.947737,0.952381,0.892274
points_top10_hybrid,Rank by 70% normalized points and 30% raw Top 10 probability.,2025,12,British Grand Prix,2025-07-06,russell,George Russell,mercedes,Mercedes,0.727861,4,12.000000,1.000000,10,11.181951,0.835541,0.913043,0.723322
points_top10_hybrid,Rank by 70% normalized points and 30% raw Top 10 probability.,2025,12,British Grand Prix,2025-07-06,hamilton,Lewis Hamilton,ferrari,Ferrari,0.685985,5,10.000000,12.000000,4,10.333887,0.816592,0.913043,0.644777
points_top10_hybrid,Rank by 70% normalized points and 30% raw Top 10 probability.,2025,12,British Grand Prix,2025-07-06,leclerc,Charles Leclerc,ferrari,Ferrari,0.655195,6,8.000000,0.000000,14,9.596406,0.818868,0.913043,0.575102
points_top10_hybrid,Rank by 70% normalized points and 30% raw Top 10 probability.,2025,12,British Grand Prix,2025-07-06,antonelli,Andrea Kimi Antonelli,mercedes,Mercedes,0.515330,7,6.000000,0.000000,16,6.674661,0.768279,0.769231,0.275782
points_top10_hybrid,Rank by 70% normalized points and 30% raw Top 10 probability.,2025,12,British Grand Prix,2025-07-06,alonso,Fernando Alonso,aston_martin,Aston Martin,0.314653,8,4.000000,2.000000,9,3.068161,0.612388,0.638298,0.059072
points_top10_hybrid,Rank by 70% normalized points and 30% raw Top 10 probability.,2025,12,British Grand Prix,2025-07-06,gasly,Pierre Gasly,alpine,Alpine F1 Team,0.252472,9,2.000000,8.000000,6,1.988642,0.558683,0.425532,0.097212
points_top10_hybrid,Rank by 70% normalized points and 30% raw Top 10 probability.,2025,12,British Grand Prix,2025-07-06,sainz,Carlos Sainz,williams,Williams,0.239086,10,1.000000,0.000000,12,2.017317,0.509983,0.425532,0.056714
points_top10_hybrid,Rank by 70% normalized points and 30% raw Top 10 probability.,2025,12,British Grand Prix,2025-07-06,tsunoda,Yuki Tsunoda,red_bull,Red Bull,0.225070,11,0.000000,0.000000,15,2.838347,0.346470,0.310345,0.009261
points_top10_hybrid,Rank by 70% normalized points and 30% raw Top 10 probability.,2025,12,British Grand Prix,2025-07-06,albon,Alexander Albon,williams,Williams,0.163917,12,0.000000,4.000000,8,1.003704,0.403611,0.307692,0.006421
points_top10_hybrid,Rank by 70% normalized points and 30% raw Top 10 probability.,2025,12,British Grand Prix,2025-07-06,bearman,Oliver Bearman,haas,Haas F1 Team,0.161669,13,0.000000,0.000000,11,1.347800,0.347169,0.310345,0.003381
points_top10_hybrid,Rank by 70% normalized points and 30% raw Top 10 probability.,2025,12,British Grand Prix,2025-07-06,hadjar,Isack Hadjar,rb,RB F1 Team,0.157042,14,0.000000,0.000000,17,1.360442,0.329948,0.310345,0.029908
points_top10_hybrid,Rank by 70% normalized points and 30% raw Top 10 probability.,2025,12,British Grand Prix,2025-07-06,ocon,Esteban Ocon,haas,Haas F1 Team,0.138558,15,0.000000,0.000000,13,0.540173,0.385018,0.310345,0.004847
points_top10_hybrid,Rank by 70% normalized points and 30% raw Top 10 probability.,2025,12,British Grand Prix,2025-07-06,lawson,Liam Lawson,rb,RB F1 Team,0.107062,16,0.000000,0.000000,19,0.743583,0.251098,0.159091,0.030876
points_top10_hybrid,Rank by 70% normalized points and 30% raw Top 10 probability.,2025,12,British Grand Prix,2025-07-06,hulkenberg,Nico Hülkenberg,sauber,Sauber,0.089400,17,0.000000,15.000000,3,0.951953,0.162581,0.169811,0.004703
points_top10_hybrid,Rank by 70% normalized points and 30% raw Top 10 probability.,2025,12,British Grand Prix,2025-07-06,bortoleto,Gabriel Bortoleto,sauber,Sauber,0.081474,18,0.000000,0.000000,18,0.576129,0.189625,0.169811,0.022336
points_top10_hybrid,Rank by 70% normalized points and 30% raw Top 10 probability.,2025,12,British Grand Prix,2025-07-06,stroll,Lance Stroll,aston_martin,Aston Martin,0.055475,19,0.000000,6.000000,7,0.369225,0.132395,0.169811,0.016212
points_top10_hybrid,Rank by 70% normalized points and 30% raw Top 10 probability.,2025,12,British Grand Prix,2025-07-06,colapinto,Franco Colapinto,alpine,Alpine F1 Team,0.028028,20,0.000000,0.000000,20,0.217782,0.062445,0.047619,0.006600
points_top10_hybrid,Rank by 70% normalized points and 30% raw Top 10 probability.,2025,13,Belgian Grand Prix,2025-07-27,norris,Lando Norris,mclaren,McLaren,0.990943,1,25.000000,18.000000,2,17.739589,0.969810,0.953488,0.959669
points_top10_hybrid,Rank by 70% normalized points and 30% raw Top 10 probability.,2025,13,Belgian Grand Prix,2025-07-27,piastri,Oscar Piastri,mclaren,McLaren,0.921671,2,18.000000,25.000000,1,16.339358,0.923079,0.953488,0.940574
points_top10_hybrid,Rank by 70% normalized points and 30% raw Top 10 probability.,2025,13,Belgian Grand Prix,2025-07-27,leclerc,Charles Leclerc,ferrari,Ferrari,0.723260,3,15.000000,15.000000,3,11.770864,0.862614,0.898551,0.767433
points_top10_hybrid,Rank by 70% normalized points and 30% raw Top 10 probability.,2025,13,Belgian Grand Prix,2025-07-27,max_verstappen,Max Verstappen,red_bull,Red Bull,0.703794,4,12.000000,12.000000,4,11.252503,0.865908,0.898551,0.815837
points_top10_hybrid,Rank by 70% normalized points and 30% raw Top 10 probability.,2025,13,Belgian Grand Prix,2025-07-27,russell,George Russell,mercedes,Mercedes,0.583923,5,10.000000,10.000000,5,8.643106,0.809560,0.898551,0.454202
points_top10_hybrid,Rank by 70% normalized points and 30% raw Top 10 probability.,2025,13,Belgian Grand Prix,2025-07-27,albon,Alexander Albon,williams,Williams,0.456608,6,8.000000,8.000000,6,5.824244,0.755950,0.743590,0.099778
points_top10_hybrid,Rank by 70% normalized points and 30% raw Top 10 probability.,2025,13,Belgian Grand Prix,2025-07-27,tsunoda,Yuki Tsunoda,red_bull,Red Bull,0.375971,7,6.000000,0.000000,13,4.914723,0.606792,0.673913,0.062419
points_top10_hybrid,Rank by 70% normalized points and 30% raw Top 10 probability.,2025,13,Belgian Grand Prix,2025-07-27,hamilton,Lewis Hamilton,ferrari,Ferrari,0.302979,8,4.000000,6.000000,7,4.964226,0.356974,0.283333,0.335536
points_top10_hybrid,Rank by 70% normalized points and 30% raw Top 10 probability.,2025,13,Belgian Grand Prix,2025-07-27,hadjar,Isack Hadjar,rb,RB F1 Team,0.277806,9,2.000000,0.000000,20,2.347712,0.617218,0.673913,0.052219
points_top10_hybrid,Rank by 70% normalized points and 30% raw Top 10 probability.,2025,13,Belgian Grand Prix,2025-07-27,antonelli,Andrea Kimi Antonelli,mercedes,Mercedes,0.275944,10,1.000000,0.000000,16,3.432531,0.468324,0.324324,0.132598
points_top10_hybrid,Rank by 70% normalized points and 30% raw Top 10 probability.,2025,13,Belgian Grand Prix,2025-07-27,lawson,Liam Lawson,rb,RB F1 Team,0.248175,11,0.000000,4.000000,8,1.927943,0.573662,0.413043,0.031134
points_top10_hybrid,Rank by 70% normalized points and 30% raw Top 10 probability.,2025,13,Belgian Grand Prix,2025-07-27,bortoleto,Gabriel Bortoleto,sauber,Sauber,0.238987,12,0.000000,2.000000,9,1.953203,0.539712,0.413043,0.078555
points_top10_hybrid,Rank by 70% normalized points and 30% raw Top 10 probability.,2025,13,Belgian Grand Prix,2025-07-27,ocon,Esteban Ocon,haas,Haas F1 Team,0.226070,13,0.000000,0.000000,15,1.562749,0.548013,0.413043,0.013530
points_top10_hybrid,Rank by 70% normalized points and 30% raw Top 10 probability.,2025,13,Belgian Grand Prix,2025-07-27,hulkenberg,Nico Hülkenberg,sauber,Sauber,0.192928,14,0.000000,0.000000,12,1.739537,0.414286,0.324324,0.005598
points_top10_hybrid,Rank by 70% normalized points and 30% raw Top 10 probability.,2025,13,Belgian Grand Prix,2025-07-27,gasly,Pierre Gasly,alpine,Alpine F1 Team,0.162098,15,0.000000,1.000000,10,0.851475,0.428331,0.324324,0.081008
points_top10_hybrid,Rank by 70% normalized points and 30% raw Top 10 probability.,2025,13,Belgian Grand Prix,2025-07-27,sainz,Carlos Sainz,williams,Williams,0.128117,16,0.000000,0.000000,18,0.746680,0.328844,0.283333,0.010143
points_top10_hybrid,Rank by 70% normalized points and 30% raw Top 10 probability.,2025,13,Belgian Grand Prix,2025-07-27,bearman,Oliver Bearman,haas,Haas F1 Team,0.119628,17,0.000000,0.000000,11,0.967386,0.271516,0.159091,0.006329
points_top10_hybrid,Rank by 70% normalized points and 30% raw Top 10 probability.,2025,13,Belgian Grand Prix,2025-07-27,alonso,Fernando Alonso,aston_martin,Aston Martin,0.087198,18,0.000000,0.000000,17,1.112779,0.144292,0.203704,0.014850
points_top10_hybrid,Rank by 70% normalized points and 30% raw Top 10 probability.,2025,13,Belgian Grand Prix,2025-07-27,stroll,Lance Stroll,aston_martin,Aston Martin,0.069566,19,0.000000,0.000000,14,0.683023,0.142046,0.203704,0.027927
points_top10_hybrid,Rank by 70% normalized points and 30% raw Top 10 probability.,2025,13,Belgian Grand Prix,2025-07-27,colapinto,Franco Colapinto,alpine,Alpine F1 Team,0.031937,20,0.000000,0.000000,19,0.185484,0.082059,0.047619,0.014151
points_top10_hybrid,Rank by 70% normalized points and 30% raw Top 10 probability.,2025,14,Hungarian Grand Prix,2025-08-03,leclerc,Charles Leclerc,ferrari,Ferrari,0.967033,1,25.000000,12.000000,4,17.086869,0.890109,0.900000,0.940765
points_top10_hybrid,Rank by 70% normalized points and 30% raw Top 10 probability.,2025,14,Hungarian Grand Prix,2025-08-03,piastri,Oscar Piastri,mclaren,McLaren,0.966238,2,18.000000,18.000000,2,16.746460,0.933944,0.953488,0.973803
points_top10_hybrid,Rank by 70% normalized points and 30% raw Top 10 probability.,2025,14,Hungarian Grand Prix,2025-08-03,norris,Lando Norris,mclaren,McLaren,0.893239,3,15.000000,25.000000,1,14.999677,0.929150,0.953488,0.955866
points_top10_hybrid,Rank by 70% normalized points and 30% raw Top 10 probability.,2025,14,Hungarian Grand Prix,2025-08-03,russell,George Russell,mercedes,Mercedes,0.653353,4,12.000000,15.000000,3,9.708172,0.852124,0.900000,0.729132
points_top10_hybrid,Rank by 70% normalized points and 30% raw Top 10 probability.,2025,14,Hungarian Grand Prix,2025-08-03,max_verstappen,Max Verstappen,red_bull,Red Bull,0.487458,5,10.000000,2.000000,9,6.371328,0.754811,0.729730,0.209898
points_top10_hybrid,Rank by 70% normalized points and 30% raw Top 10 probability.,2025,14,Hungarian Grand Prix,2025-08-03,alonso,Fernando Alonso,aston_martin,Aston Martin,0.452385,6,8.000000,10.000000,5,5.665710,0.734256,0.729730,0.138007
points_top10_hybrid,Rank by 70% normalized points and 30% raw Top 10 probability.,2025,14,Hungarian Grand Prix,2025-08-03,hamilton,Lewis Hamilton,ferrari,Ferrari,0.411613,7,6.000000,0.000000,12,6.150836,0.532102,0.437500,0.334784
points_top10_hybrid,Rank by 70% normalized points and 30% raw Top 10 probability.,2025,14,Hungarian Grand Prix,2025-08-03,stroll,Lance Stroll,aston_martin,Aston Martin,0.401268,8,4.000000,6.000000,7,4.569591,0.713551,0.729730,0.148884
points_top10_hybrid,Rank by 70% normalized points and 30% raw Top 10 probability.,2025,14,Hungarian Grand Prix,2025-08-03,bortoleto,Gabriel Bortoleto,sauber,Sauber,0.344393,9,2.000000,8.000000,6,3.793318,0.629973,0.630435,0.110194
points_top10_hybrid,Rank by 70% normalized points and 30% raw Top 10 probability.,2025,14,Hungarian Grand Prix,2025-08-03,lawson,Liam Lawson,rb,RB F1 Team,0.273507,10,1.000000,4.000000,8,2.264560,0.602448,0.630435,0.080236
points_top10_hybrid,Rank by 70% normalized points and 30% raw Top 10 probability.,2025,14,Hungarian Grand Prix,2025-08-03,hadjar,Isack Hadjar,rb,RB F1 Team,0.214215,11,0.000000,0.000000,11,1.650314,0.488688,0.333333,0.052608
points_top10_hybrid,Rank by 70% normalized points and 30% raw Top 10 probability.,2025,14,Hungarian Grand Prix,2025-08-03,antonelli,Andrea Kimi Antonelli,mercedes,Mercedes,0.208041,12,0.000000,1.000000,10,2.211936,0.391414,0.283333,0.090326
points_top10_hybrid,Rank by 70% normalized points and 30% raw Top 10 probability.,2025,14,Hungarian Grand Prix,2025-08-03,sainz,Carlos Sainz,williams,Williams,0.158400,13,0.000000,0.000000,14,1.027276,0.387719,0.283333,0.009266
points_top10_hybrid,Rank by 70% normalized points and 30% raw Top 10 probability.,2025,14,Hungarian Grand Prix,2025-08-03,tsunoda,Yuki Tsunoda,red_bull,Red Bull,0.153433,14,0.000000,0.000000,17,1.583560,0.295198,0.170732,0.008999
points_top10_hybrid,Rank by 70% normalized points and 30% raw Top 10 probability.,2025,14,Hungarian Grand Prix,2025-08-03,hulkenberg,Nico Hülkenberg,sauber,Sauber,0.134002,15,0.000000,0.000000,13,1.608448,0.227028,0.170732,0.004469
points_top10_hybrid,Rank by 70% normalized points and 30% raw Top 10 probability.,2025,14,Hungarian Grand Prix,2025-08-03,albon,Alexander Albon,williams,Williams,0.133483,16,0.000000,0.000000,15,1.315171,0.265349,0.170732,0.028351
points_top10_hybrid,Rank by 70% normalized points and 30% raw Top 10 probability.,2025,14,Hungarian Grand Prix,2025-08-03,bearman,Oliver Bearman,haas,Haas F1 Team,0.125996,17,0.000000,0.000000,20,1.217074,0.253787,0.170732,0.007992
points_top10_hybrid,Rank by 70% normalized points and 30% raw Top 10 probability.,2025,14,Hungarian Grand Prix,2025-08-03,gasly,Pierre Gasly,alpine,Alpine F1 Team,0.079555,18,0.000000,0.000000,19,0.588795,0.184778,0.203704,0.062696
points_top10_hybrid,Rank by 70% normalized points and 30% raw Top 10 probability.,2025,14,Hungarian Grand Prix,2025-08-03,colapinto,Franco Colapinto,alpine,Alpine F1 Team,0.042612,19,0.000000,0.000000,18,0.228201,0.110878,0.203704,0.013770
points_top10_hybrid,Rank by 70% normalized points and 30% raw Top 10 probability.,2025,14,Hungarian Grand Prix,2025-08-03,ocon,Esteban Ocon,haas,Haas F1 Team,0.033616,20,0.000000,0.000000,16,0.306814,0.070156,0.047619,0.007183
points_top10_hybrid,Rank by 70% normalized points and 30% raw Top 10 probability.,2025,15,Dutch Grand Prix,2025-08-31,piastri,Oscar Piastri,mclaren,McLaren,0.982949,1,25.000000,25.000000,1,19.362183,0.943164,0.976744,0.968870
points_top10_hybrid,Rank by 70% normalized points and 30% raw Top 10 probability.,2025,15,Dutch Grand Prix,2025-08-31,norris,Lando Norris,mclaren,McLaren,0.943938,2,18.000000,0.000000,18,18.069802,0.968872,0.976744,0.974171
points_top10_hybrid,Rank by 70% normalized points and 30% raw Top 10 probability.,2025,15,Dutch Grand Prix,2025-08-31,max_verstappen,Max Verstappen,red_bull,Red Bull,0.683500,3,15.000000,18.000000,2,11.577934,0.883079,0.913043,0.817805
points_top10_hybrid,Rank by 70% normalized points and 30% raw Top 10 probability.,2025,15,Dutch Grand Prix,2025-08-31,russell,George Russell,mercedes,Mercedes,0.577880,4,12.000000,12.000000,4,9.124858,0.826631,0.913043,0.739756
points_top10_hybrid,Rank by 70% normalized points and 30% raw Top 10 probability.,2025,15,Dutch Grand Prix,2025-08-31,leclerc,Charles Leclerc,ferrari,Ferrari,0.554542,5,10.000000,0.000000,19,8.543742,0.818868,0.913043,0.429094
points_top10_hybrid,Rank by 70% normalized points and 30% raw Top 10 probability.,2025,15,Dutch Grand Prix,2025-08-31,hamilton,Lewis Hamilton,ferrari,Ferrari,0.469956,6,8.000000,0.000000,20,6.874488,0.738077,0.769231,0.308073
points_top10_hybrid,Rank by 70% normalized points and 30% raw Top 10 probability.,2025,15,Dutch Grand Prix,2025-08-31,hadjar,Isack Hadjar,rb,RB F1 Team,0.411436,7,6.000000,15.000000,3,6.290635,0.613371,0.630435,0.276408
points_top10_hybrid,Rank by 70% normalized points and 30% raw Top 10 probability.,2025,15,Dutch Grand Prix,2025-08-31,antonelli,Andrea Kimi Antonelli,mercedes,Mercedes,0.304457,8,4.000000,0.000000,16,3.710665,0.567686,0.456522,0.214744
points_top10_hybrid,Rank by 70% normalized points and 30% raw Top 10 probability.,2025,15,Dutch Grand Prix,2025-08-31,alonso,Fernando Alonso,aston_martin,Aston Martin,0.280462,9,2.000000,4.000000,8,2.762619,0.601951,0.630435,0.017918
points_top10_hybrid,Rank by 70% normalized points and 30% raw Top 10 probability.,2025,15,Dutch Grand Prix,2025-08-31,sainz,Carlos Sainz,williams,Williams,0.243919,10,1.000000,0.000000,13,2.262104,0.540456,0.456522,0.062588
points_top10_hybrid,Rank by 70% normalized points and 30% raw Top 10 probability.,2025,15,Dutch Grand Prix,2025-08-31,lawson,Liam Lawson,rb,RB F1 Team,0.242325,11,0.000000,0.000000,12,2.544702,0.501088,0.456522,0.053689
points_top10_hybrid,Rank by 70% normalized points and 30% raw Top 10 probability.,2025,15,Dutch Grand Prix,2025-08-31,albon,Alexander Albon,williams,Williams,0.163991,12,0.000000,10.000000,5,1.351487,0.383768,0.293103,0.017414
points_top10_hybrid,Rank by 70% normalized points and 30% raw Top 10 probability.,2025,15,Dutch Grand Prix,2025-08-31,tsunoda,Yuki Tsunoda,red_bull,Red Bull,0.153707,13,0.000000,2.000000,9,2.424307,0.220205,0.136364,0.103735
points_top10_hybrid,Rank by 70% normalized points and 30% raw Top 10 probability.,2025,15,Dutch Grand Prix,2025-08-31,bortoleto,Gabriel Bortoleto,sauber,Sauber,0.149604,14,0.000000,0.000000,15,1.224312,0.351140,0.293103,0.135560
points_top10_hybrid,Rank by 70% normalized points and 30% raw Top 10 probability.,2025,15,Dutch Grand Prix,2025-08-31,hulkenberg,Nico Hülkenberg,sauber,Sauber,0.147201,15,0.000000,0.000000,14,1.543305,0.304687,0.293103,0.005316
points_top10_hybrid,Rank by 70% normalized points and 30% raw Top 10 probability.,2025,15,Dutch Grand Prix,2025-08-31,gasly,Pierre Gasly,alpine,Alpine F1 Team,0.128519,16,0.000000,0.000000,17,0.492119,0.369092,0.293103,0.031431
points_top10_hybrid,Rank by 70% normalized points and 30% raw Top 10 probability.,2025,15,Dutch Grand Prix,2025-08-31,stroll,Lance Stroll,aston_martin,Aston Martin,0.079488,17,0.000000,6.000000,7,0.834671,0.164373,0.166667,0.026306
points_top10_hybrid,Rank by 70% normalized points and 30% raw Top 10 probability.,2025,15,Dutch Grand Prix,2025-08-31,ocon,Esteban Ocon,haas,Haas F1 Team,0.049114,18,0.000000,1.000000,10,0.193753,0.140364,0.166667,0.002527
points_top10_hybrid,Rank by 70% normalized points and 30% raw Top 10 probability.,2025,15,Dutch Grand Prix,2025-08-31,colapinto,Franco Colapinto,alpine,Alpine F1 Team,0.032250,19,0.000000,0.000000,11,0.146605,0.089831,0.000000,0.004131
points_top10_hybrid,Rank by 70% normalized points and 30% raw Top 10 probability.,2025,15,Dutch Grand Prix,2025-08-31,bearman,Oliver Bearman,haas,Haas F1 Team,0.012664,20,0.000000,8.000000,6,0.044017,0.036908,0.000000,0.000719
points_top10_hybrid,Rank by 70% normalized points and 30% raw Top 10 probability.,2025,16,Italian Grand Prix,2025-09-07,norris,Lando Norris,mclaren,McLaren,0.982826,1,25.000000,18.000000,2,15.745578,0.957961,0.954545,0.939271
points_top10_hybrid,Rank by 70% normalized points and 30% raw Top 10 probability.,2025,16,Italian Grand Prix,2025-09-07,piastri,Oscar Piastri,mclaren,McLaren,0.955557,2,18.000000,15.000000,3,15.848875,0.851857,0.897059,0.959340
points_top10_hybrid,Rank by 70% normalized points and 30% raw Top 10 probability.,2025,16,Italian Grand Prix,2025-09-07,max_verstappen,Max Verstappen,red_bull,Red Bull,0.955059,3,15.000000,25.000000,1,15.570943,0.891114,0.897059,0.933124
points_top10_hybrid,Rank by 70% normalized points and 30% raw Top 10 probability.,2025,16,Italian Grand Prix,2025-09-07,leclerc,Charles Leclerc,ferrari,Ferrari,0.734488,4,12.000000,12.000000,4,10.867982,0.848266,0.897059,0.646756
points_top10_hybrid,Rank by 70% normalized points and 30% raw Top 10 probability.,2025,16,Italian Grand Prix,2025-09-07,hamilton,Lewis Hamilton,ferrari,Ferrari,0.617817,5,10.000000,8.000000,6,8.658724,0.784618,0.736842,0.683809
points_top10_hybrid,Rank by 70% normalized points and 30% raw Top 10 probability.,2025,16,Italian Grand Prix,2025-09-07,russell,George Russell,mercedes,Mercedes,0.611003,6,8.000000,10.000000,5,8.271818,0.818868,0.897059,0.514207
points_top10_hybrid,Rank by 70% normalized points and 30% raw Top 10 probability.,2025,16,Italian Grand Prix,2025-09-07,antonelli,Andrea Kimi Antonelli,mercedes,Mercedes,0.506488,7,6.000000,2.000000,9,6.173719,0.779375,0.736842,0.391244
points_top10_hybrid,Rank by 70% normalized points and 30% raw Top 10 probability.,2025,16,Italian Grand Prix,2025-09-07,alonso,Fernando Alonso,aston_martin,Aston Martin,0.331684,8,4.000000,0.000000,19,3.288475,0.621471,0.652174,0.023686
points_top10_hybrid,Rank by 70% normalized points and 30% raw Top 10 probability.,2025,16,Italian Grand Prix,2025-09-07,bortoleto,Gabriel Bortoleto,sauber,Sauber,0.308078,9,2.000000,4.000000,8,2.760316,0.620543,0.652174,0.054787
points_top10_hybrid,Rank by 70% normalized points and 30% raw Top 10 probability.,2025,16,Italian Grand Prix,2025-09-07,tsunoda,Yuki Tsunoda,red_bull,Red Bull,0.307743,10,1.000000,0.000000,13,3.366339,0.530203,0.446809,0.032191
points_top10_hybrid,Rank by 70% normalized points and 30% raw Top 10 probability.,2025,16,Italian Grand Prix,2025-09-07,hulkenberg,Nico Hülkenberg,sauber,Sauber,0.218860,11,0.000000,0.000000,20,1.556941,0.500316,0.446809,0.004287
points_top10_hybrid,Rank by 70% normalized points and 30% raw Top 10 probability.,2025,16,Italian Grand Prix,2025-09-07,albon,Alexander Albon,williams,Williams,0.203131,12,0.000000,6.000000,7,1.687775,0.428622,0.307692,0.038263
points_top10_hybrid,Rank by 70% normalized points and 30% raw Top 10 probability.,2025,16,Italian Grand Prix,2025-09-07,hadjar,Isack Hadjar,rb,RB F1 Team,0.167453,13,0.000000,1.000000,10,1.429319,0.347747,0.288136,0.041156
points_top10_hybrid,Rank by 70% normalized points and 30% raw Top 10 probability.,2025,16,Italian Grand Prix,2025-09-07,sainz,Carlos Sainz,williams,Williams,0.160456,14,0.000000,0.000000,11,1.077270,0.376255,0.288136,0.027963
points_top10_hybrid,Rank by 70% normalized points and 30% raw Top 10 probability.,2025,16,Italian Grand Prix,2025-09-07,bearman,Oliver Bearman,haas,Haas F1 Team,0.142438,15,0.000000,0.000000,12,1.619916,0.236302,0.162791,0.008079
points_top10_hybrid,Rank by 70% normalized points and 30% raw Top 10 probability.,2025,16,Italian Grand Prix,2025-09-07,stroll,Lance Stroll,aston_martin,Aston Martin,0.131132,16,0.000000,0.000000,18,1.034205,0.284848,0.162791,0.041509
points_top10_hybrid,Rank by 70% normalized points and 30% raw Top 10 probability.,2025,16,Italian Grand Prix,2025-09-07,ocon,Esteban Ocon,haas,Haas F1 Team,0.122540,17,0.000000,0.000000,15,0.373765,0.353440,0.288136,0.024715
points_top10_hybrid,Rank by 70% normalized points and 30% raw Top 10 probability.,2025,16,Italian Grand Prix,2025-09-07,lawson,Liam Lawson,rb,RB F1 Team,0.088066,18,0.000000,0.000000,14,0.962961,0.151781,0.200000,0.044538
points_top10_hybrid,Rank by 70% normalized points and 30% raw Top 10 probability.,2025,16,Italian Grand Prix,2025-09-07,gasly,Pierre Gasly,alpine,Alpine F1 Team,0.031173,19,0.000000,0.000000,16,0.154894,0.081105,0.050000,0.029836
points_top10_hybrid,Rank by 70% normalized points and 30% raw Top 10 probability.,2025,16,Italian Grand Prix,2025-09-07,colapinto,Franco Colapinto,alpine,Alpine F1 Team,0.026319,20,0.000000,0.000000,17,0.085988,0.075071,0.050000,0.019253
points_top10_hybrid,Rank by 70% normalized points and 30% raw Top 10 probability.,2025,17,Azerbaijan Grand Prix,2025-09-21,max_verstappen,Max Verstappen,red_bull,Red Bull,0.967334,1,25.000000,25.000000,1,17.322709,0.891114,0.897059,0.903601
points_top10_hybrid,Rank by 70% normalized points and 30% raw Top 10 probability.,2025,17,Azerbaijan Grand Prix,2025-09-21,norris,Lando Norris,mclaren,McLaren,0.699456,2,18.000000,6.000000,7,10.822299,0.873778,0.897059,0.745469
points_top10_hybrid,Rank by 70% normalized points and 30% raw Top 10 probability.,2025,17,Azerbaijan Grand Prix,2025-09-21,antonelli,Andrea Kimi Antonelli,mercedes,Mercedes,0.626640,3,15.000000,12.000000,4,9.209748,0.848266,0.897059,0.595469
points_top10_hybrid,Rank by 70% normalized points and 30% raw Top 10 probability.,2025,17,Azerbaijan Grand Prix,2025-09-21,russell,George Russell,mercedes,Mercedes,0.607345,4,12.000000,18.000000,2,8.827047,0.835499,0.897059,0.702841
points_top10_hybrid,Rank by 70% normalized points and 30% raw Top 10 probability.,2025,17,Azerbaijan Grand Prix,2025-09-21,sainz,Carlos Sainz,williams,Williams,0.592891,5,10.000000,15.000000,3,8.877428,0.780532,0.756757,0.369684
points_top10_hybrid,Rank by 70% normalized points and 30% raw Top 10 probability.,2025,17,Azerbaijan Grand Prix,2025-09-21,piastri,Oscar Piastri,mclaren,McLaren,0.585065,6,8.000000,0.000000,20,9.190452,0.712281,0.756757,0.620421
points_top10_hybrid,Rank by 70% normalized points and 30% raw Top 10 probability.,2025,17,Azerbaijan Grand Prix,2025-09-21,lawson,Liam Lawson,rb,RB F1 Team,0.515495,7,6.000000,10.000000,5,7.126227,0.758427,0.756757,0.544838
points_top10_hybrid,Rank by 70% normalized points and 30% raw Top 10 probability.,2025,17,Azerbaijan Grand Prix,2025-09-21,tsunoda,Yuki Tsunoda,red_bull,Red Bull,0.452931,8,4.000000,8.000000,6,6.380187,0.650371,0.622222,0.108090
points_top10_hybrid,Rank by 70% normalized points and 30% raw Top 10 probability.,2025,17,Azerbaijan Grand Prix,2025-09-21,leclerc,Charles Leclerc,ferrari,Ferrari,0.400951,9,2.000000,2.000000,9,4.999680,0.663057,0.622222,0.136359
points_top10_hybrid,Rank by 70% normalized points and 30% raw Top 10 probability.,2025,17,Azerbaijan Grand Prix,2025-09-21,hamilton,Lewis Hamilton,ferrari,Ferrari,0.346479,10,1.000000,4.000000,8,4.790769,0.509623,0.425532,0.149415
points_top10_hybrid,Rank by 70% normalized points and 30% raw Top 10 probability.,2025,17,Azerbaijan Grand Prix,2025-09-21,hadjar,Isack Hadjar,rb,RB F1 Team,0.331348,11,0.000000,1.000000,10,3.663341,0.611048,0.622222,0.076028
points_top10_hybrid,Rank by 70% normalized points and 30% raw Top 10 probability.,2025,17,Azerbaijan Grand Prix,2025-09-21,alonso,Fernando Alonso,aston_martin,Aston Martin,0.271551,12,0.000000,0.000000,15,2.799593,0.528071,0.425532,0.050839
points_top10_hybrid,Rank by 70% normalized points and 30% raw Top 10 probability.,2025,17,Azerbaijan Grand Prix,2025-09-21,bortoleto,Gabriel Bortoleto,sauber,Sauber,0.166418,13,0.000000,0.000000,11,1.139112,0.401290,0.333333,0.022244
points_top10_hybrid,Rank by 70% normalized points and 30% raw Top 10 probability.,2025,17,Azerbaijan Grand Prix,2025-09-21,stroll,Lance Stroll,aston_martin,Aston Martin,0.165456,14,0.000000,0.000000,17,1.159018,0.395404,0.300000,0.040894
points_top10_hybrid,Rank by 70% normalized points and 30% raw Top 10 probability.,2025,17,Azerbaijan Grand Prix,2025-09-21,albon,Alexander Albon,williams,Williams,0.154492,15,0.000000,0.000000,13,1.563980,0.304308,0.300000,0.038463
points_top10_hybrid,Rank by 70% normalized points and 30% raw Top 10 probability.,2025,17,Azerbaijan Grand Prix,2025-09-21,hulkenberg,Nico Hülkenberg,sauber,Sauber,0.099444,16,0.000000,0.000000,16,0.740952,0.231674,0.162791,0.002735
points_top10_hybrid,Rank by 70% normalized points and 30% raw Top 10 probability.,2025,17,Azerbaijan Grand Prix,2025-09-21,bearman,Oliver Bearman,haas,Haas F1 Team,0.094837,17,0.000000,0.000000,12,0.466550,0.253279,0.162791,0.002823
points_top10_hybrid,Rank by 70% normalized points and 30% raw Top 10 probability.,2025,17,Azerbaijan Grand Prix,2025-09-21,ocon,Esteban Ocon,haas,Haas F1 Team,0.050258,18,0.000000,0.000000,14,0.398284,0.113878,0.200000,0.002888
points_top10_hybrid,Rank by 70% normalized points and 30% raw Top 10 probability.,2025,17,Azerbaijan Grand Prix,2025-09-21,colapinto,Franco Colapinto,alpine,Alpine F1 Team,0.035880,19,0.000000,0.000000,19,0.220998,0.089831,0.050000,0.004768
points_top10_hybrid,Rank by 70% normalized points and 30% raw Top 10 probability.,2025,17,Azerbaijan Grand Prix,2025-09-21,gasly,Pierre Gasly,alpine,Alpine F1 Team,0.035490,20,0.000000,0.000000,18,0.219909,0.088679,0.050000,0.009756
points_top10_hybrid,Rank by 70% normalized points and 30% raw Top 10 probability.,2025,18,Singapore Grand Prix,2025-10-05,max_verstappen,Max Verstappen,red_bull,Red Bull,0.961650,1,25.000000,18.000000,2,18.058487,0.872167,0.898551,0.959323
points_top10_hybrid,Rank by 70% normalized points and 30% raw Top 10 probability.,2025,18,Singapore Grand Prix,2025-10-05,russell,George Russell,mercedes,Mercedes,0.919009,2,18.000000,25.000000,1,16.616100,0.916402,0.953488,0.930319
points_top10_hybrid,Rank by 70% normalized points and 30% raw Top 10 probability.,2025,18,Singapore Grand Prix,2025-10-05,piastri,Oscar Piastri,mclaren,McLaren,0.879264,3,15.000000,12.000000,4,15.723055,0.899308,0.898551,0.903967
points_top10_hybrid,Rank by 70% normalized points and 30% raw Top 10 probability.,2025,18,Singapore Grand Prix,2025-10-05,norris,Lando Norris,mclaren,McLaren,0.756174,4,12.000000,15.000000,3,12.537283,0.900639,0.953488,0.694923
points_top10_hybrid,Rank by 70% normalized points and 30% raw Top 10 probability.,2025,18,Singapore Grand Prix,2025-10-05,antonelli,Andrea Kimi Antonelli,mercedes,Mercedes,0.640633,5,10.000000,10.000000,5,10.063229,0.835176,0.898551,0.541933
points_top10_hybrid,Rank by 70% normalized points and 30% raw Top 10 probability.,2025,18,Singapore Grand Prix,2025-10-05,hamilton,Lewis Hamilton,ferrari,Ferrari,0.513882,6,8.000000,4.000000,8,7.348381,0.763457,0.736842,0.365033
points_top10_hybrid,Rank by 70% normalized points and 30% raw Top 10 probability.,2025,18,Singapore Grand Prix,2025-10-05,leclerc,Charles Leclerc,ferrari,Ferrari,0.472136,7,6.000000,8.000000,6,6.148238,0.779375,0.736842,0.195748
points_top10_hybrid,Rank by 70% normalized points and 30% raw Top 10 probability.,2025,18,Singapore Grand Prix,2025-10-05,hadjar,Isack Hadjar,rb,RB F1 Team,0.345966,8,4.000000,0.000000,11,3.906527,0.648457,0.659574,0.107517
points_top10_hybrid,Rank by 70% normalized points and 30% raw Top 10 probability.,2025,18,Singapore Grand Prix,2025-10-05,alonso,Fernando Alonso,aston_martin,Aston Martin,0.266827,9,2.000000,6.000000,7,2.408048,0.578281,0.425532,0.006959
points_top10_hybrid,Rank by 70% normalized points and 30% raw Top 10 probability.,2025,18,Singapore Grand Prix,2025-10-05,tsunoda,Yuki Tsunoda,red_bull,Red Bull,0.232428,10,1.000000,0.000000,12,3.008018,0.386093,0.298246,0.011849
points_top10_hybrid,Rank by 70% normalized points and 30% raw Top 10 probability.,2025,18,Singapore Grand Prix,2025-10-05,hulkenberg,Nico Hülkenberg,sauber,Sauber,0.230675,11,0.000000,0.000000,20,1.692790,0.550193,0.425532,0.001300
points_top10_hybrid,Rank by 70% normalized points and 30% raw Top 10 probability.,2025,18,Singapore Grand Prix,2025-10-05,lawson,Liam Lawson,rb,RB F1 Team,0.202958,12,0.000000,0.000000,15,2.143404,0.399578,0.298246,0.055851
points_top10_hybrid,Rank by 70% normalized points and 30% raw Top 10 probability.,2025,18,Singapore Grand Prix,2025-10-05,bearman,Oliver Bearman,haas,Haas F1 Team,0.177788,13,0.000000,2.000000,9,2.014302,0.332360,0.298246,0.003013
points_top10_hybrid,Rank by 70% normalized points and 30% raw Top 10 probability.,2025,18,Singapore Grand Prix,2025-10-05,albon,Alexander Albon,williams,Williams,0.155188,14,0.000000,0.000000,14,1.726344,0.294233,0.139535,0.063641
points_top10_hybrid,Rank by 70% normalized points and 30% raw Top 10 probability.,2025,18,Singapore Grand Prix,2025-10-05,sainz,Carlos Sainz,williams,Williams,0.140462,15,0.000000,1.000000,10,1.770661,0.239419,0.139535,0.068940
points_top10_hybrid,Rank by 70% normalized points and 30% raw Top 10 probability.,2025,18,Singapore Grand Prix,2025-10-05,stroll,Lance Stroll,aston_martin,Aston Martin,0.134563,16,0.000000,0.000000,13,0.682133,0.360404,0.298246,0.014459
points_top10_hybrid,Rank by 70% normalized points and 30% raw Top 10 probability.,2025,18,Singapore Grand Prix,2025-10-05,bortoleto,Gabriel Bortoleto,sauber,Sauber,0.125594,17,0.000000,0.000000,17,0.449692,0.360543,0.298246,0.015291
points_top10_hybrid,Rank by 70% normalized points and 30% raw Top 10 probability.,2025,18,Singapore Grand Prix,2025-10-05,ocon,Esteban Ocon,haas,Haas F1 Team,0.066499,18,0.000000,0.000000,18,0.270666,0.186689,0.200000,0.001079
points_top10_hybrid,Rank by 70% normalized points and 30% raw Top 10 probability.,2025,18,Singapore Grand Prix,2025-10-05,colapinto,Franco Colapinto,alpine,Alpine F1 Team,0.031205,19,0.000000,0.000000,16,0.109788,0.089831,0.050000,0.001832
points_top10_hybrid,Rank by 70% normalized points and 30% raw Top 10 probability.,2025,18,Singapore Grand Prix,2025-10-05,gasly,Pierre Gasly,alpine,Alpine F1 Team,0.030889,20,0.000000,0.000000,19,0.128439,0.086369,0.050000,0.003752
points_top10_hybrid,Rank by 70% normalized points and 30% raw Top 10 probability.,2025,19,United States Grand Prix,2025-10-19,max_verstappen,Max Verstappen,red_bull,Red Bull,0.984371,1,25.000000,25.000000,1,19.308968,0.947902,0.952381,0.964418
points_top10_hybrid,Rank by 70% normalized points and 30% raw Top 10 probability.,2025,19,United States Grand Prix,2025-10-19,norris,Lando Norris,mclaren,McLaren,0.906320,2,18.000000,18.000000,2,17.096173,0.955131,0.952381,0.933877
points_top10_hybrid,Rank by 70% normalized points and 30% raw Top 10 probability.,2025,19,United States Grand Prix,2025-10-19,russell,George Russell,mercedes,Mercedes,0.741270,3,15.000000,8.000000,6,12.983223,0.901982,0.952381,0.861960
points_top10_hybrid,Rank by 70% normalized points and 30% raw Top 10 probability.,2025,19,United States Grand Prix,2025-10-19,piastri,Oscar Piastri,mclaren,McLaren,0.661151,4,12.000000,10.000000,5,11.491942,0.815129,0.900000,0.659607
points_top10_hybrid,Rank by 70% normalized points and 30% raw Top 10 probability.,2025,19,United States Grand Prix,2025-10-19,leclerc,Charles Leclerc,ferrari,Ferrari,0.645096,5,10.000000,15.000000,3,10.635820,0.865068,0.900000,0.770291
points_top10_hybrid,Rank by 70% normalized points and 30% raw Top 10 probability.,2025,19,United States Grand Prix,2025-10-19,hamilton,Lewis Hamilton,ferrari,Ferrari,0.564892,6,8.000000,12.000000,4,8.984516,0.797267,0.763158,0.480660
points_top10_hybrid,Rank by 70% normalized points and 30% raw Top 10 probability.,2025,19,United States Grand Prix,2025-10-19,antonelli,Andrea Kimi Antonelli,mercedes,Mercedes,0.495129,7,6.000000,0.000000,13,7.625761,0.728919,0.763158,0.250138
points_top10_hybrid,Rank by 70% normalized points and 30% raw Top 10 probability.,2025,19,United States Grand Prix,2025-10-19,sainz,Carlos Sainz,williams,Williams,0.305785,8,4.000000,0.000000,20,3.370929,0.611935,0.659574,0.019901
points_top10_hybrid,Rank by 70% normalized points and 30% raw Top 10 probability.,2025,19,United States Grand Prix,2025-10-19,alonso,Fernando Alonso,aston_martin,Aston Martin,0.254835,9,2.000000,1.000000,10,2.532917,0.543366,0.404255,0.007289
points_top10_hybrid,Rank by 70% normalized points and 30% raw Top 10 probability.,2025,19,United States Grand Prix,2025-10-19,tsunoda,Yuki Tsunoda,red_bull,Red Bull,0.233631,10,1.000000,6.000000,7,3.338545,0.375334,0.283333,0.007076
points_top10_hybrid,Rank by 70% normalized points and 30% raw Top 10 probability.,2025,19,United States Grand Prix,2025-10-19,hulkenberg,Nico Hülkenberg,sauber,Sauber,0.224804,11,0.000000,4.000000,8,1.688262,0.545333,0.404255,0.001234
points_top10_hybrid,Rank by 70% normalized points and 30% raw Top 10 probability.,2025,19,United States Grand Prix,2025-10-19,lawson,Liam Lawson,rb,RB F1 Team,0.205680,12,0.000000,0.000000,11,1.812818,0.466537,0.333333,0.017257
points_top10_hybrid,Rank by 70% normalized points and 30% raw Top 10 probability.,2025,19,United States Grand Prix,2025-10-19,bearman,Oliver Bearman,haas,Haas F1 Team,0.155174,13,0.000000,2.000000,9,2.198772,0.251543,0.142857,0.003333
points_top10_hybrid,Rank by 70% normalized points and 30% raw Top 10 probability.,2025,19,United States Grand Prix,2025-10-19,albon,Alexander Albon,williams,Williams,0.139025,14,0.000000,0.000000,14,1.473747,0.285327,0.142857,0.008370
points_top10_hybrid,Rank by 70% normalized points and 30% raw Top 10 probability.,2025,19,United States Grand Prix,2025-10-19,gasly,Pierre Gasly,alpine,Alpine F1 Team,0.114601,15,0.000000,0.000000,19,0.162359,0.362382,0.283333,0.005939
points_top10_hybrid,Rank by 70% normalized points and 30% raw Top 10 probability.,2025,19,United States Grand Prix,2025-10-19,hadjar,Isack Hadjar,rb,RB F1 Team,0.097413,16,0.000000,0.000000,16,0.949820,0.209933,0.142857,0.012866
points_top10_hybrid,Rank by 70% normalized points and 30% raw Top 10 probability.,2025,19,United States Grand Prix,2025-10-19,stroll,Lance Stroll,aston_martin,Aston Martin,0.071069,17,0.000000,0.000000,12,0.409134,0.187456,0.207547,0.008885
points_top10_hybrid,Rank by 70% normalized points and 30% raw Top 10 probability.,2025,19,United States Grand Prix,2025-10-19,bortoleto,Gabriel Bortoleto,sauber,Sauber,0.065487,18,0.000000,0.000000,18,0.380500,0.172310,0.207547,0.006777
points_top10_hybrid,Rank by 70% normalized points and 30% raw Top 10 probability.,2025,19,United States Grand Prix,2025-10-19,ocon,Esteban Ocon,haas,Haas F1 Team,0.061761,19,0.000000,0.000000,15,0.132118,0.189904,0.207547,0.001280
points_top10_hybrid,Rank by 70% normalized points and 30% raw Top 10 probability.,2025,19,United States Grand Prix,2025-10-19,colapinto,Franco Colapinto,alpine,Alpine F1 Team,0.032997,20,0.000000,0.000000,17,0.090728,0.099026,0.047619,0.003047
points_top10_hybrid,Rank by 70% normalized points and 30% raw Top 10 probability.,2025,20,Mexico City Grand Prix,2025-10-26,norris,Lando Norris,mclaren,McLaren,0.989255,1,25.000000,25.000000,1,18.400394,0.964184,0.954545,0.922459
points_top10_hybrid,Rank by 70% normalized points and 30% raw Top 10 probability.,2025,20,Mexico City Grand Prix,2025-10-26,max_verstappen,Max Verstappen,red_bull,Red Bull,0.811664,2,18.000000,15.000000,3,14.746984,0.835499,0.895522,0.852584
points_top10_hybrid,Rank by 70% normalized points and 30% raw Top 10 probability.,2025,20,Mexico City Grand Prix,2025-10-26,leclerc,Charles Leclerc,ferrari,Ferrari,0.766463,3,15.000000,18.000000,2,13.229819,0.877217,0.895522,0.816149
points_top10_hybrid,Rank by 70% normalized points and 30% raw Top 10 probability.,2025,20,Mexico City Grand Prix,2025-10-26,russell,George Russell,mercedes,Mercedes,0.743019,4,12.000000,6.000000,7,12.891787,0.841937,0.895522,0.855793
points_top10_hybrid,Rank by 70% normalized points and 30% raw Top 10 probability.,2025,20,Mexico City Grand Prix,2025-10-26,hamilton,Lewis Hamilton,ferrari,Ferrari,0.686246,5,10.000000,4.000000,8,11.332907,0.850375,0.895522,0.792436
points_top10_hybrid,Rank by 70% normalized points and 30% raw Top 10 probability.,2025,20,Mexico City Grand Prix,2025-10-26,piastri,Oscar Piastri,mclaren,McLaren,0.562506,6,8.000000,10.000000,5,8.870235,0.750197,0.743590,0.626131
points_top10_hybrid,Rank by 70% normalized points and 30% raw Top 10 probability.,2025,20,Mexico City Grand Prix,2025-10-26,antonelli,Andrea Kimi Antonelli,mercedes,Mercedes,0.558055,7,6.000000,8.000000,6,8.248025,0.814260,0.895522,0.428618
points_top10_hybrid,Rank by 70% normalized points and 30% raw Top 10 probability.,2025,20,Mexico City Grand Prix,2025-10-26,sainz,Carlos Sainz,williams,Williams,0.358627,8,4.000000,0.000000,17,4.113931,0.673739,0.659574,0.062378
points_top10_hybrid,Rank by 70% normalized points and 30% raw Top 10 probability.,2025,20,Mexico City Grand Prix,2025-10-26,tsunoda,Yuki Tsunoda,red_bull,Red Bull,0.322760,9,2.000000,0.000000,11,4.534163,0.500893,0.446809,0.036998
points_top10_hybrid,Rank by 70% normalized points and 30% raw Top 10 probability.,2025,20,Mexico City Grand Prix,2025-10-26,hadjar,Isack Hadjar,rb,RB F1 Team,0.268470,10,1.000000,0.000000,13,2.581502,0.567544,0.446809,0.052674
points_top10_hybrid,Rank by 70% normalized points and 30% raw Top 10 probability.,2025,20,Mexico City Grand Prix,2025-10-26,ocon,Esteban Ocon,haas,Haas F1 Team,0.186369,11,0.000000,2.000000,9,1.321346,0.453670,0.315789,0.002995
points_top10_hybrid,Rank by 70% normalized points and 30% raw Top 10 probability.,2025,20,Mexico City Grand Prix,2025-10-26,hulkenberg,Nico Hülkenberg,sauber,Sauber,0.183020,12,0.000000,0.000000,19,1.212306,0.456336,0.315789,0.003357
points_top10_hybrid,Rank by 70% normalized points and 30% raw Top 10 probability.,2025,20,Mexico City Grand Prix,2025-10-26,bearman,Oliver Bearman,haas,Haas F1 Team,0.158503,13,0.000000,12.000000,4,1.880990,0.289816,0.119048,0.002085
points_top10_hybrid,Rank by 70% normalized points and 30% raw Top 10 probability.,2025,20,Mexico City Grand Prix,2025-10-26,albon,Alexander Albon,williams,Williams,0.152400,14,0.000000,0.000000,12,1.357860,0.335810,0.300000,0.016013
points_top10_hybrid,Rank by 70% normalized points and 30% raw Top 10 probability.,2025,20,Mexico City Grand Prix,2025-10-26,alonso,Fernando Alonso,aston_martin,Aston Martin,0.151035,15,0.000000,0.000000,18,1.259214,0.343771,0.300000,0.003894
points_top10_hybrid,Rank by 70% normalized points and 30% raw Top 10 probability.,2025,20,Mexico City Grand Prix,2025-10-26,lawson,Liam Lawson,rb,RB F1 Team,0.125507,16,0.000000,0.000000,20,1.061517,0.283746,0.119048,0.023918
points_top10_hybrid,Rank by 70% normalized points and 30% raw Top 10 probability.,2025,20,Mexico City Grand Prix,2025-10-26,bortoleto,Gabriel Bortoleto,sauber,Sauber,0.105172,17,0.000000,1.000000,10,0.402108,0.299584,0.119048,0.009656
points_top10_hybrid,Rank by 70% normalized points and 30% raw Top 10 probability.,2025,20,Mexico City Grand Prix,2025-10-26,stroll,Lance Stroll,aston_martin,Aston Martin,0.070447,18,0.000000,0.000000,14,0.511147,0.170004,0.200000,0.014353
points_top10_hybrid,Rank by 70% normalized points and 30% raw Top 10 probability.,2025,20,Mexico City Grand Prix,2025-10-26,gasly,Pierre Gasly,alpine,Alpine F1 Team,0.029732,19,0.000000,0.000000,15,0.118374,0.084097,0.050000,0.010500
points_top10_hybrid,Rank by 70% normalized points and 30% raw Top 10 probability.,2025,20,Mexico City Grand Prix,2025-10-26,colapinto,Franco Colapinto,alpine,Alpine F1 Team,0.021984,20,0.000000,0.000000,16,0.085445,0.062445,0.050000,0.002099
points_top10_hybrid,Rank by 70% normalized points and 30% raw Top 10 probability.,2025,21,São Paulo Grand Prix,2025-11-09,norris,Lando Norris,mclaren,McLaren,0.991404,1,25.000000,25.000000,1,17.767385,0.971348,0.954545,0.919001
points_top10_hybrid,Rank by 70% normalized points and 30% raw Top 10 probability.,2025,21,São Paulo Grand Prix,2025-11-09,leclerc,Charles Leclerc,ferrari,Ferrari,0.769279,2,18.000000,0.000000,19,12.806998,0.882363,0.911765,0.896711
points_top10_hybrid,Rank by 70% normalized points and 30% raw Top 10 probability.,2025,21,São Paulo Grand Prix,2025-11-09,antonelli,Andrea Kimi Antonelli,mercedes,Mercedes,0.759274,3,15.000000,18.000000,2,12.758264,0.855411,0.911765,0.859249
points_top10_hybrid,Rank by 70% normalized points and 30% raw Top 10 probability.,2025,21,São Paulo Grand Prix,2025-11-09,piastri,Oscar Piastri,mclaren,McLaren,0.757386,4,12.000000,10.000000,5,12.588131,0.871463,0.911765,0.813268
points_top10_hybrid,Rank by 70% normalized points and 30% raw Top 10 probability.,2025,21,São Paulo Grand Prix,2025-11-09,russell,George Russell,mercedes,Mercedes,0.624647,5,10.000000,12.000000,4,9.460887,0.839690,0.911765,0.464605
points_top10_hybrid,Rank by 70% normalized points and 30% raw Top 10 probability.,2025,21,São Paulo Grand Prix,2025-11-09,max_verstappen,Max Verstappen,red_bull,Red Bull,0.562427,6,8.000000,15.000000,3,10.939224,0.438143,0.314286,0.558931
points_top10_hybrid,Rank by 70% normalized points and 30% raw Top 10 probability.,2025,21,São Paulo Grand Prix,2025-11-09,hadjar,Isack Hadjar,rb,RB F1 Team,0.419064,7,6.000000,4.000000,8,5.064488,0.731776,0.743590,0.274573
points_top10_hybrid,Rank by 70% normalized points and 30% raw Top 10 probability.,2025,21,São Paulo Grand Prix,2025-11-09,lawson,Liam Lawson,rb,RB F1 Team,0.331630,8,4.000000,6.000000,7,3.510688,0.644385,0.638298,0.181418
points_top10_hybrid,Rank by 70% normalized points and 30% raw Top 10 probability.,2025,21,São Paulo Grand Prix,2025-11-09,hamilton,Lewis Hamilton,ferrari,Ferrari,0.331182,9,2.000000,0.000000,18,4.895028,0.461093,0.314286,0.244698
points_top10_hybrid,Rank by 70% normalized points and 30% raw Top 10 probability.,2025,21,São Paulo Grand Prix,2025-11-09,bortoleto,Gabriel Bortoleto,sauber,Sauber,0.310566,10,1.000000,0.000000,20,3.643815,0.556691,0.413043,0.048932
points_top10_hybrid,Rank by 70% normalized points and 30% raw Top 10 probability.,2025,21,São Paulo Grand Prix,2025-11-09,bearman,Oliver Bearman,haas,Haas F1 Team,0.250748,11,0.000000,8.000000,6,3.034924,0.437260,0.314286,0.042296
points_top10_hybrid,Rank by 70% normalized points and 30% raw Top 10 probability.,2025,21,São Paulo Grand Prix,2025-11-09,hulkenberg,Nico Hülkenberg,sauber,Sauber,0.238953,12,0.000000,2.000000,9,2.090304,0.521997,0.413043,0.003671
points_top10_hybrid,Rank by 70% normalized points and 30% raw Top 10 probability.,2025,21,São Paulo Grand Prix,2025-11-09,gasly,Pierre Gasly,alpine,Alpine F1 Team,0.231453,13,0.000000,1.000000,10,1.551638,0.567737,0.413043,0.072803
points_top10_hybrid,Rank by 70% normalized points and 30% raw Top 10 probability.,2025,21,São Paulo Grand Prix,2025-11-09,albon,Alexander Albon,williams,Williams,0.221151,14,0.000000,0.000000,11,1.888949,0.489099,0.314286,0.025934
points_top10_hybrid,Rank by 70% normalized points and 30% raw Top 10 probability.,2025,21,São Paulo Grand Prix,2025-11-09,alonso,Fernando Alonso,aston_martin,Aston Martin,0.220514,15,0.000000,0.000000,14,2.233245,0.441761,0.314286,0.017281
points_top10_hybrid,Rank by 70% normalized points and 30% raw Top 10 probability.,2025,21,São Paulo Grand Prix,2025-11-09,tsunoda,Yuki Tsunoda,red_bull,Red Bull,0.170353,16,0.000000,0.000000,17,2.998260,0.174093,0.203704,0.018828
points_top10_hybrid,Rank by 70% normalized points and 30% raw Top 10 probability.,2025,21,São Paulo Grand Prix,2025-11-09,stroll,Lance Stroll,aston_martin,Aston Martin,0.134950,17,0.000000,0.000000,16,0.521350,0.381366,0.300000,0.036449
points_top10_hybrid,Rank by 70% normalized points and 30% raw Top 10 probability.,2025,21,São Paulo Grand Prix,2025-11-09,sainz,Carlos Sainz,williams,Williams,0.133779,18,0.000000,0.000000,13,0.842407,0.335300,0.300000,0.041568
points_top10_hybrid,Rank by 70% normalized points and 30% raw Top 10 probability.,2025,21,São Paulo Grand Prix,2025-11-09,ocon,Esteban Ocon,haas,Haas F1 Team,0.068683,19,0.000000,0.000000,12,0.557957,0.155670,0.203704,0.022601
points_top10_hybrid,Rank by 70% normalized points and 30% raw Top 10 probability.,2025,21,São Paulo Grand Prix,2025-11-09,colapinto,Franco Colapinto,alpine,Alpine F1 Team,0.026673,20,0.000000,0.000000,15,0.105387,0.075071,0.047619,0.020974
points_top10_hybrid,Rank by 70% normalized points and 30% raw Top 10 probability.,2025,22,Las Vegas Grand Prix,2025-11-23,norris,Lando Norris,mclaren,McLaren,0.992567,1,25.000000,0.000000,19,20.137214,0.975224,0.977273,0.972371
points_top10_hybrid,Rank by 70% normalized points and 30% raw Top 10 probability.,2025,22,Las Vegas Grand Prix,2025-11-23,max_verstappen,Max Verstappen,red_bull,Red Bull,0.855462,2,18.000000,25.000000,1,17.038864,0.877217,0.913043,0.928607
points_top10_hybrid,Rank by 70% normalized points and 30% raw Top 10 probability.,2025,22,Las Vegas Grand Prix,2025-11-23,piastri,Oscar Piastri,mclaren,McLaren,0.651053,3,15.000000,0.000000,20,11.415585,0.847434,0.913043,0.813222
points_top10_hybrid,Rank by 70% normalized points and 30% raw Top 10 probability.,2025,22,Las Vegas Grand Prix,2025-11-23,russell,George Russell,mercedes,Mercedes,0.650370,4,12.000000,18.000000,2,11.455019,0.840588,0.913043,0.825052
points_top10_hybrid,Rank by 70% normalized points and 30% raw Top 10 probability.,2025,22,Las Vegas Grand Prix,2025-11-23,sainz,Carlos Sainz,williams,Williams,0.489290,5,10.000000,10.000000,5,7.411086,0.772233,0.743590,0.731154
points_top10_hybrid,Rank by 70% normalized points and 30% raw Top 10 probability.,2025,22,Las Vegas Grand Prix,2025-11-23,leclerc,Charles Leclerc,ferrari,Ferrari,0.450019,6,8.000000,12.000000,4,7.148885,0.671709,0.666667,0.460766
points_top10_hybrid,Rank by 70% normalized points and 30% raw Top 10 probability.,2025,22,Las Vegas Grand Prix,2025-11-23,lawson,Liam Lawson,rb,RB F1 Team,0.343612,7,6.000000,0.000000,14,4.606615,0.611598,0.666667,0.141632
points_top10_hybrid,Rank by 70% normalized points and 30% raw Top 10 probability.,2025,22,Las Vegas Grand Prix,2025-11-23,alonso,Fernando Alonso,aston_martin,Aston Martin,0.337501,8,4.000000,0.000000,11,3.990115,0.662663,0.666667,0.055595
points_top10_hybrid,Rank by 70% normalized points and 30% raw Top 10 probability.,2025,22,Las Vegas Grand Prix,2025-11-23,antonelli,Andrea Kimi Antonelli,mercedes,Mercedes,0.289999,9,2.000000,15.000000,3,4.121801,0.489064,0.315789,0.382461
points_top10_hybrid,Rank by 70% normalized points and 30% raw Top 10 probability.,2025,22,Las Vegas Grand Prix,2025-11-23,hadjar,Isack Hadjar,rb,RB F1 Team,0.272927,10,1.000000,8.000000,6,2.966297,0.566048,0.413043,0.080126
points_top10_hybrid,Rank by 70% normalized points and 30% raw Top 10 probability.,2025,22,Las Vegas Grand Prix,2025-11-23,hulkenberg,Nico Hülkenberg,sauber,Sauber,0.242019,11,0.000000,6.000000,7,2.169430,0.555356,0.413043,0.002192
points_top10_hybrid,Rank by 70% normalized points and 30% raw Top 10 probability.,2025,22,Las Vegas Grand Prix,2025-11-23,hamilton,Lewis Hamilton,ferrari,Ferrari,0.240988,12,0.000000,4.000000,8,4.242847,0.311667,0.275862,0.336226
points_top10_hybrid,Rank by 70% normalized points and 30% raw Top 10 probability.,2025,22,Las Vegas Grand Prix,2025-11-23,gasly,Pierre Gasly,alpine,Alpine F1 Team,0.214205,13,0.000000,0.000000,13,1.464534,0.544320,0.413043,0.048640
points_top10_hybrid,Rank by 70% normalized points and 30% raw Top 10 probability.,2025,22,Las Vegas Grand Prix,2025-11-23,tsunoda,Yuki Tsunoda,red_bull,Red Bull,0.195657,14,0.000000,0.000000,12,2.958318,0.309403,0.275862,0.057486
points_top10_hybrid,Rank by 70% normalized points and 30% raw Top 10 probability.,2025,22,Las Vegas Grand Prix,2025-11-23,stroll,Lance Stroll,aston_martin,Aston Martin,0.179055,15,0.000000,0.000000,18,1.241502,0.452996,0.315789,0.023164
points_top10_hybrid,Rank by 70% normalized points and 30% raw Top 10 probability.,2025,22,Las Vegas Grand Prix,2025-11-23,ocon,Esteban Ocon,haas,Haas F1 Team,0.156269,16,0.000000,2.000000,9,1.044257,0.399896,0.275862,0.007079
points_top10_hybrid,Rank by 70% normalized points and 30% raw Top 10 probability.,2025,22,Las Vegas Grand Prix,2025-11-23,albon,Alexander Albon,williams,Williams,0.147901,17,0.000000,0.000000,16,1.170870,0.357333,0.275862,0.014102
points_top10_hybrid,Rank by 70% normalized points and 30% raw Top 10 probability.,2025,22,Las Vegas Grand Prix,2025-11-23,bearman,Oliver Bearman,haas,Haas F1 Team,0.099440,18,0.000000,1.000000,10,1.350728,0.174957,0.185185,0.021018
points_top10_hybrid,Rank by 70% normalized points and 30% raw Top 10 probability.,2025,22,Las Vegas Grand Prix,2025-11-23,bortoleto,Gabriel Bortoleto,sauber,Sauber,0.048010,19,0.000000,0.000000,17,0.373394,0.116766,0.185185,0.005415
points_top10_hybrid,Rank by 70% normalized points and 30% raw Top 10 probability.,2025,22,Las Vegas Grand Prix,2025-11-23,colapinto,Franco Colapinto,alpine,Alpine F1 Team,0.036654,20,0.000000,0.000000,15,0.199836,0.099026,0.047619,0.004733
points_top10_hybrid,Rank by 70% normalized points and 30% raw Top 10 probability.,2025,23,Qatar Grand Prix,2025-11-30,piastri,Oscar Piastri,mclaren,McLaren,0.971600,1,25.000000,18.000000,2,19.010963,0.905335,0.953488,0.958317
points_top10_hybrid,Rank by 70% normalized points and 30% raw Top 10 probability.,2025,23,Qatar Grand Prix,2025-11-30,norris,Lando Norris,mclaren,McLaren,0.932332,2,18.000000,12.000000,4,17.481815,0.962123,0.953488,0.938820
points_top10_hybrid,Rank by 70% normalized points and 30% raw Top 10 probability.,2025,23,Qatar Grand Prix,2025-11-30,max_verstappen,Max Verstappen,red_bull,Red Bull,0.794221,3,15.000000,25.000000,1,14.558582,0.860537,0.898551,0.903099
points_top10_hybrid,Rank by 70% normalized points and 30% raw Top 10 probability.,2025,23,Qatar Grand Prix,2025-11-30,russell,George Russell,mercedes,Mercedes,0.733567,4,12.000000,8.000000,6,13.111102,0.836017,0.898551,0.858837
points_top10_hybrid,Rank by 70% normalized points and 30% raw Top 10 probability.,2025,23,Qatar Grand Prix,2025-11-30,antonelli,Andrea Kimi Antonelli,mercedes,Mercedes,0.625899,5,10.000000,10.000000,5,10.259350,0.827138,0.898551,0.641319
points_top10_hybrid,Rank by 70% normalized points and 30% raw Top 10 probability.,2025,23,Qatar Grand Prix,2025-11-30,hadjar,Isack Hadjar,rb,RB F1 Team,0.414358,6,8.000000,0.000000,18,5.288688,0.732079,0.769231,0.168079
points_top10_hybrid,Rank by 70% normalized points and 30% raw Top 10 probability.,2025,23,Qatar Grand Prix,2025-11-30,leclerc,Charles Leclerc,ferrari,Ferrari,0.410432,7,6.000000,4.000000,8,5.744429,0.663057,0.622222,0.203443
points_top10_hybrid,Rank by 70% normalized points and 30% raw Top 10 probability.,2025,23,Qatar Grand Prix,2025-11-30,sainz,Carlos Sainz,williams,Williams,0.361873,8,4.000000,15.000000,3,4.297531,0.678781,0.622222,0.154486
points_top10_hybrid,Rank by 70% normalized points and 30% raw Top 10 probability.,2025,23,Qatar Grand Prix,2025-11-30,alonso,Fernando Alonso,aston_martin,Aston Martin,0.310049,9,2.000000,6.000000,7,3.484158,0.605866,0.622222,0.022192
points_top10_hybrid,Rank by 70% normalized points and 30% raw Top 10 probability.,2025,23,Qatar Grand Prix,2025-11-30,hulkenberg,Nico Hülkenberg,sauber,Sauber,0.250539,10,1.000000,0.000000,20,2.338537,0.548106,0.446809,0.003096
points_top10_hybrid,Rank by 70% normalized points and 30% raw Top 10 probability.,2025,23,Qatar Grand Prix,2025-11-30,gasly,Pierre Gasly,alpine,Alpine F1 Team,0.241235,11,0.000000,0.000000,16,1.865926,0.575100,0.446809,0.037065
points_top10_hybrid,Rank by 70% normalized points and 30% raw Top 10 probability.,2025,23,Qatar Grand Prix,2025-11-30,hamilton,Lewis Hamilton,ferrari,Ferrari,0.226142,12,0.000000,0.000000,12,3.244620,0.355576,0.280702,0.068748
points_top10_hybrid,Rank by 70% normalized points and 30% raw Top 10 probability.,2025,23,Qatar Grand Prix,2025-11-30,tsunoda,Yuki Tsunoda,red_bull,Red Bull,0.191472,13,0.000000,1.000000,10,2.707945,0.305876,0.280702,0.086494
points_top10_hybrid,Rank by 70% normalized points and 30% raw Top 10 probability.,2025,23,Qatar Grand Prix,2025-11-30,lawson,Liam Lawson,rb,RB F1 Team,0.185888,14,0.000000,2.000000,9,1.945698,0.380820,0.280702,0.048482
points_top10_hybrid,Rank by 70% normalized points and 30% raw Top 10 probability.,2025,23,Qatar Grand Prix,2025-11-30,albon,Alexander Albon,williams,Williams,0.161475,15,0.000000,0.000000,11,1.300225,0.378665,0.280702,0.026390
points_top10_hybrid,Rank by 70% normalized points and 30% raw Top 10 probability.,2025,23,Qatar Grand Prix,2025-11-30,bearman,Oliver Bearman,haas,Haas F1 Team,0.134965,16,0.000000,0.000000,19,1.827223,0.225617,0.162791,0.023614
points_top10_hybrid,Rank by 70% normalized points and 30% raw Top 10 probability.,2025,23,Qatar Grand Prix,2025-11-30,bortoleto,Gabriel Bortoleto,sauber,Sauber,0.121821,17,0.000000,0.000000,13,0.475508,0.347708,0.280702,0.012181
points_top10_hybrid,Rank by 70% normalized points and 30% raw Top 10 probability.,2025,23,Qatar Grand Prix,2025-11-30,ocon,Esteban Ocon,haas,Haas F1 Team,0.092927,18,0.000000,0.000000,15,0.882522,0.201440,0.162791,0.011743
points_top10_hybrid,Rank by 70% normalized points and 30% raw Top 10 probability.,2025,23,Qatar Grand Prix,2025-11-30,stroll,Lance Stroll,aston_martin,Aston Martin,0.050590,19,0.000000,0.000000,17,0.384148,0.121484,0.200000,0.007389
points_top10_hybrid,Rank by 70% normalized points and 30% raw Top 10 probability.,2025,23,Qatar Grand Prix,2025-11-30,colapinto,Franco Colapinto,alpine,Alpine F1 Team,0.025711,20,0.000000,0.000000,14,0.189500,0.062445,0.047619,0.003012
points_top10_hybrid,Rank by 70% normalized points and 30% raw Top 10 probability.,2025,24,Abu Dhabi Grand Prix,2025-12-07,max_verstappen,Max Verstappen,red_bull,Red Bull,0.967260,1,25.000000,25.000000,1,21.752474,0.890867,0.897059,0.970969
points_top10_hybrid,Rank by 70% normalized points and 30% raw Top 10 probability.,2025,24,Abu Dhabi Grand Prix,2025-12-07,norris,Lando Norris,mclaren,McLaren,0.833555,2,18.000000,15.000000,3,17.012131,0.953669,0.954545,0.932349
points_top10_hybrid,Rank by 70% normalized points and 30% raw Top 10 probability.,2025,24,Abu Dhabi Grand Prix,2025-12-07,piastri,Oscar Piastri,mclaren,McLaren,0.743304,3,15.000000,18.000000,2,14.855024,0.884220,0.897059,0.923758
points_top10_hybrid,Rank by 70% normalized points and 30% raw Top 10 probability.,2025,24,Abu Dhabi Grand Prix,2025-12-07,russell,George Russell,mercedes,Mercedes,0.708400,4,12.000000,10.000000,5,14.203575,0.837753,0.897059,0.833922
points_top10_hybrid,Rank by 70% normalized points and 30% raw Top 10 probability.,2025,24,Abu Dhabi Grand Prix,2025-12-07,leclerc,Charles Leclerc,ferrari,Ferrari,0.551240,5,10.000000,12.000000,4,9.340822,0.835499,0.897059,0.728029
points_top10_hybrid,Rank by 70% normalized points and 30% raw Top 10 probability.,2025,24,Abu Dhabi Grand Prix,2025-12-07,alonso,Fernando Alonso,aston_martin,Aston Martin,0.383727,6,8.000000,8.000000,6,5.381496,0.701829,0.743590,0.013397
points_top10_hybrid,Rank by 70% normalized points and 30% raw Top 10 probability.,2025,24,Abu Dhabi Grand Prix,2025-12-07,antonelli,Andrea Kimi Antonelli,mercedes,Mercedes,0.344884,7,6.000000,0.000000,15,5.528239,0.556612,0.466667,0.396193
points_top10_hybrid,Rank by 70% normalized points and 30% raw Top 10 probability.,2025,24,Abu Dhabi Grand Prix,2025-12-07,tsunoda,Yuki Tsunoda,red_bull,Red Bull,0.298091,8,4.000000,0.000000,14,4.196181,0.543523,0.466667,0.052720
points_top10_hybrid,Rank by 70% normalized points and 30% raw Top 10 probability.,2025,24,Abu Dhabi Grand Prix,2025-12-07,bortoleto,Gabriel Bortoleto,sauber,Sauber,0.272375,9,2.000000,0.000000,11,3.341661,0.549464,0.466667,0.024937
points_top10_hybrid,Rank by 70% normalized points and 30% raw Top 10 probability.,2025,24,Abu Dhabi Grand Prix,2025-12-07,ocon,Esteban Ocon,haas,Haas F1 Team,0.271241,10,1.000000,6.000000,7,2.773898,0.606587,0.638298,0.002149
points_top10_hybrid,Rank by 70% normalized points and 30% raw Top 10 probability.,2025,24,Abu Dhabi Grand Prix,2025-12-07,sainz,Carlos Sainz,williams,Williams,0.254095,11,0.000000,0.000000,13,3.350676,0.487565,0.333333,0.031311
points_top10_hybrid,Rank by 70% normalized points and 30% raw Top 10 probability.,2025,24,Abu Dhabi Grand Prix,2025-12-07,hadjar,Isack Hadjar,rb,RB F1 Team,0.253203,12,0.000000,0.000000,17,2.941156,0.528518,0.466667,0.060790
points_top10_hybrid,Rank by 70% normalized points and 30% raw Top 10 probability.,2025,24,Abu Dhabi Grand Prix,2025-12-07,hamilton,Lewis Hamilton,ferrari,Ferrari,0.217526,13,0.000000,4.000000,8,3.254838,0.375950,0.280702,0.043123
points_top10_hybrid,Rank by 70% normalized points and 30% raw Top 10 probability.,2025,24,Abu Dhabi Grand Prix,2025-12-07,bearman,Oliver Bearman,haas,Haas F1 Team,0.161021,14,0.000000,0.000000,12,2.153506,0.305736,0.280702,0.004153
points_top10_hybrid,Rank by 70% normalized points and 30% raw Top 10 probability.,2025,24,Abu Dhabi Grand Prix,2025-12-07,albon,Alexander Albon,williams,Williams,0.149339,15,0.000000,0.000000,16,1.505284,0.336329,0.280702,0.009707
points_top10_hybrid,Rank by 70% normalized points and 30% raw Top 10 probability.,2025,24,Abu Dhabi Grand Prix,2025-12-07,lawson,Liam Lawson,rb,RB F1 Team,0.138765,16,0.000000,0.000000,18,1.487160,0.303027,0.280702,0.032651
points_top10_hybrid,Rank by 70% normalized points and 30% raw Top 10 probability.,2025,24,Abu Dhabi Grand Prix,2025-12-07,stroll,Lance Stroll,aston_martin,Aston Martin,0.118621,17,0.000000,1.000000,10,0.426081,0.349699,0.280702,0.011491
points_top10_hybrid,Rank by 70% normalized points and 30% raw Top 10 probability.,2025,24,Abu Dhabi Grand Prix,2025-12-07,hulkenberg,Nico Hülkenberg,sauber,Sauber,0.064700,18,0.000000,2.000000,9,0.812623,0.128500,0.181818,0.001015
points_top10_hybrid,Rank by 70% normalized points and 30% raw Top 10 probability.,2025,24,Abu Dhabi Grand Prix,2025-12-07,gasly,Pierre Gasly,alpine,Alpine F1 Team,0.026187,19,0.000000,0.000000,19,0.115811,0.074867,0.050000,0.006283
points_top10_hybrid,Rank by 70% normalized points and 30% raw Top 10 probability.,2025,24,Abu Dhabi Grand Prix,2025-12-07,colapinto,Franco Colapinto,alpine,Alpine F1 Team,0.021795,20,0.000000,0.000000,20,0.095128,0.062445,0.050000,0.001302
points_calibrated_top10_hybrid,Rank by 70% normalized points and 30% calibrated Top 10 probability.,2025,1,Australian Grand Prix,2025-03-16,norris,Lando Norris,mclaren,McLaren,0.986047,1,25.000000,25.000000,1,17.452167,0.961243,0.953488,0.955548
points_calibrated_top10_hybrid,Rank by 70% normalized points and 30% calibrated Top 10 probability.,2025,1,Australian Grand Prix,2025-03-16,piastri,Oscar Piastri,mclaren,McLaren,0.849369,2,18.000000,2.000000,9,14.444627,0.890570,0.900000,0.913581
points_calibrated_top10_hybrid,Rank by 70% normalized points and 30% calibrated Top 10 probability.,2025,1,Australian Grand Prix,2025-03-16,max_verstappen,Max Verstappen,red_bull,Red Bull,0.776839,3,15.000000,18.000000,2,12.236276,0.904619,0.953488,0.920246
points_calibrated_top10_hybrid,Rank by 70% normalized points and 30% calibrated Top 10 probability.,2025,1,Australian Grand Prix,2025-03-16,russell,George Russell,mercedes,Mercedes,0.760453,4,12.000000,15.000000,3,12.227821,0.872511,0.900000,0.752621
points_calibrated_top10_hybrid,Rank by 70% normalized points and 30% calibrated Top 10 probability.,2025,1,Australian Grand Prix,2025-03-16,leclerc,Charles Leclerc,ferrari,Ferrari,0.577229,5,10.000000,4.000000,8,8.621372,0.779375,0.771429,0.674385
points_calibrated_top10_hybrid,Rank by 70% normalized points and 30% calibrated Top 10 probability.,2025,1,Australian Grand Prix,2025-03-16,hamilton,Lewis Hamilton,ferrari,Ferrari,0.537741,6,8.000000,1.000000,10,7.636886,0.768465,0.771429,0.327989
points_calibrated_top10_hybrid,Rank by 70% normalized points and 30% calibrated Top 10 probability.,2025,1,Australian Grand Prix,2025-03-16,tsunoda,Yuki Tsunoda,rb,RB F1 Team,0.492319,7,6.000000,0.000000,12,6.504435,0.759156,0.771429,0.203369
points_calibrated_top10_hybrid,Rank by 70% normalized points and 30% calibrated Top 10 probability.,2025,1,Australian Grand Prix,2025-03-16,albon,Alexander Albon,williams,Williams,0.431964,8,4.000000,10.000000,5,4.999692,0.770315,0.771429,0.050035
points_calibrated_top10_hybrid,Rank by 70% normalized points and 30% calibrated Top 10 probability.,2025,1,Australian Grand Prix,2025-03-16,sainz,Carlos Sainz,williams,Williams,0.373532,9,2.000000,0.000000,18,4.272235,0.615835,0.673913,0.061788
points_calibrated_top10_hybrid,Rank by 70% normalized points and 30% calibrated Top 10 probability.,2025,1,Australian Grand Prix,2025-03-16,gasly,Pierre Gasly,alpine,Alpine F1 Team,0.356241,10,1.000000,0.000000,11,3.111780,0.713121,0.771429,0.122064
points_calibrated_top10_hybrid,Rank by 70% normalized points and 30% calibrated Top 10 probability.,2025,1,Australian Grand Prix,2025-03-16,hadjar,Isack Hadjar,rb,RB F1 Team,0.277409,11,0.000000,0.000000,20,1.875740,0.628194,0.673913,0.034258
points_calibrated_top10_hybrid,Rank by 70% normalized points and 30% calibrated Top 10 probability.,2025,1,Australian Grand Prix,2025-03-16,alonso,Fernando Alonso,aston_martin,Aston Martin,0.226651,12,0.000000,0.000000,17,3.157626,0.484736,0.333333,0.040631
points_calibrated_top10_hybrid,Rank by 70% normalized points and 30% calibrated Top 10 probability.,2025,1,Australian Grand Prix,2025-03-16,antonelli,Andrea Kimi Antonelli,mercedes,Mercedes,0.192827,13,0.000000,12.000000,4,2.314336,0.430218,0.333333,0.052565
points_calibrated_top10_hybrid,Rank by 70% normalized points and 30% calibrated Top 10 probability.,2025,1,Australian Grand Prix,2025-03-16,stroll,Lance Stroll,aston_martin,Aston Martin,0.169043,14,0.000000,8.000000,6,1.098076,0.545328,0.416667,0.010779
points_calibrated_top10_hybrid,Rank by 70% normalized points and 30% calibrated Top 10 probability.,2025,1,Australian Grand Prix,2025-03-16,lawson,Liam Lawson,red_bull,Red Bull,0.163246,15,0.000000,0.000000,15,1.950797,0.301937,0.283333,0.029344
points_calibrated_top10_hybrid,Rank by 70% normalized points and 30% calibrated Top 10 probability.,2025,1,Australian Grand Prix,2025-03-16,doohan,Jack Doohan,alpine,Alpine F1 Team,0.141649,16,0.000000,0.000000,19,1.038376,0.489098,0.333333,0.019788
points_calibrated_top10_hybrid,Rank by 70% normalized points and 30% calibrated Top 10 probability.,2025,1,Australian Grand Prix,2025-03-16,hulkenberg,Nico Hülkenberg,sauber,Sauber,0.129025,17,0.000000,6.000000,7,1.097610,0.317032,0.283333,0.002696
points_calibrated_top10_hybrid,Rank by 70% normalized points and 30% calibrated Top 10 probability.,2025,1,Australian Grand Prix,2025-03-16,bortoleto,Gabriel Bortoleto,sauber,Sauber,0.127499,18,0.000000,0.000000,16,0.685593,0.457600,0.333333,0.014756
points_calibrated_top10_hybrid,Rank by 70% normalized points and 30% calibrated Top 10 probability.,2025,1,Australian Grand Prix,2025-03-16,ocon,Esteban Ocon,haas,Haas F1 Team,0.103639,19,0.000000,0.000000,13,1.366289,0.289782,0.162791,0.008073
points_calibrated_top10_hybrid,Rank by 70% normalized points and 30% calibrated Top 10 probability.,2025,1,Australian Grand Prix,2025-03-16,bearman,Oliver Bearman,haas,Haas F1 Team,0.092862,20,0.000000,0.000000,14,1.097607,0.261959,0.162791,0.007219
points_calibrated_top10_hybrid,Rank by 70% normalized points and 30% calibrated Top 10 probability.,2025,2,Chinese Grand Prix,2025-03-23,piastri,Oscar Piastri,mclaren,McLaren,0.973529,1,25.000000,25.000000,1,16.136247,0.867501,0.911765,0.929660
points_calibrated_top10_hybrid,Rank by 70% normalized points and 30% calibrated Top 10 probability.,2025,2,Chinese Grand Prix,2025-03-23,russell,George Russell,mercedes,Mercedes,0.904030,2,18.000000,15.000000,3,14.534163,0.877217,0.911765,0.914088
points_calibrated_top10_hybrid,Rank by 70% normalized points and 30% calibrated Top 10 probability.,2025,2,Chinese Grand Prix,2025-03-23,norris,Lando Norris,mclaren,McLaren,0.843572,3,15.000000,18.000000,2,12.844645,0.953479,0.954545,0.887758
points_calibrated_top10_hybrid,Rank by 70% normalized points and 30% calibrated Top 10 probability.,2025,2,Chinese Grand Prix,2025-03-23,max_verstappen,Max Verstappen,red_bull,Red Bull,0.834576,4,12.000000,12.000000,4,12.933127,0.848266,0.911765,0.893755
points_calibrated_top10_hybrid,Rank by 70% normalized points and 30% calibrated Top 10 probability.,2025,2,Chinese Grand Prix,2025-03-23,leclerc,Charles Leclerc,ferrari,Ferrari,0.588147,5,10.000000,0.000000,18,7.252501,0.818868,0.911765,0.579255
points_calibrated_top10_hybrid,Rank by 70% normalized points and 30% calibrated Top 10 probability.,2025,2,Chinese Grand Prix,2025-03-23,hamilton,Lewis Hamilton,ferrari,Ferrari,0.543835,6,8.000000,0.000000,19,7.258710,0.758921,0.763158,0.336070
points_calibrated_top10_hybrid,Rank by 70% normalized points and 30% calibrated Top 10 probability.,2025,2,Chinese Grand Prix,2025-03-23,antonelli,Andrea Kimi Antonelli,mercedes,Mercedes,0.491901,7,6.000000,8.000000,6,6.061545,0.710544,0.763158,0.400079
points_calibrated_top10_hybrid,Rank by 70% normalized points and 30% calibrated Top 10 probability.,2025,2,Chinese Grand Prix,2025-03-23,albon,Alexander Albon,williams,Williams,0.321665,8,4.000000,6.000000,7,3.000789,0.669315,0.638298,0.022181
points_calibrated_top10_hybrid,Rank by 70% normalized points and 30% calibrated Top 10 probability.,2025,2,Chinese Grand Prix,2025-03-23,hadjar,Isack Hadjar,rb,RB F1 Team,0.241496,9,2.000000,0.000000,11,3.195863,0.470432,0.342857,0.071610
points_calibrated_top10_hybrid,Rank by 70% normalized points and 30% calibrated Top 10 probability.,2025,2,Chinese Grand Prix,2025-03-23,ocon,Esteban Ocon,haas,Haas F1 Team,0.185700,10,1.000000,10.000000,5,1.399244,0.538081,0.416667,0.007646
points_calibrated_top10_hybrid,Rank by 70% normalized points and 30% calibrated Top 10 probability.,2025,2,Chinese Grand Prix,2025-03-23,tsunoda,Yuki Tsunoda,rb,RB F1 Team,0.183281,11,0.000000,0.000000,16,1.853909,0.413460,0.342857,0.017148
points_calibrated_top10_hybrid,Rank by 70% normalized points and 30% calibrated Top 10 probability.,2025,2,Chinese Grand Prix,2025-03-23,hulkenberg,Nico Hülkenberg,sauber,Sauber,0.174507,12,0.000000,0.000000,15,1.651657,0.499716,0.342857,0.002890
points_calibrated_top10_hybrid,Rank by 70% normalized points and 30% calibrated Top 10 probability.,2025,2,Chinese Grand Prix,2025-03-23,sainz,Carlos Sainz,williams,Williams,0.173758,13,0.000000,1.000000,10,2.046031,0.370823,0.283333,0.032415
points_calibrated_top10_hybrid,Rank by 70% normalized points and 30% calibrated Top 10 probability.,2025,2,Chinese Grand Prix,2025-03-23,alonso,Fernando Alonso,aston_martin,Aston Martin,0.168473,14,0.000000,0.000000,17,1.512556,0.444776,0.342857,0.007365
points_calibrated_top10_hybrid,Rank by 70% normalized points and 30% calibrated Top 10 probability.,2025,2,Chinese Grand Prix,2025-03-23,lawson,Liam Lawson,red_bull,Red Bull,0.161400,15,0.000000,0.000000,12,2.390656,0.167736,0.192308,0.090201
points_calibrated_top10_hybrid,Rank by 70% normalized points and 30% calibrated Top 10 probability.,2025,2,Chinese Grand Prix,2025-03-23,stroll,Lance Stroll,aston_martin,Aston Martin,0.148582,16,0.000000,2.000000,9,1.054047,0.459723,0.342857,0.030013
points_calibrated_top10_hybrid,Rank by 70% normalized points and 30% calibrated Top 10 probability.,2025,2,Chinese Grand Prix,2025-03-23,gasly,Pierre Gasly,alpine,Alpine F1 Team,0.116926,17,0.000000,0.000000,20,0.735946,0.339391,0.283333,0.094790
points_calibrated_top10_hybrid,Rank by 70% normalized points and 30% calibrated Top 10 probability.,2025,2,Chinese Grand Prix,2025-03-23,doohan,Jack Doohan,alpine,Alpine F1 Team,0.074251,18,0.000000,0.000000,13,0.381700,0.164224,0.192308,0.011046
points_calibrated_top10_hybrid,Rank by 70% normalized points and 30% calibrated Top 10 probability.,2025,2,Chinese Grand Prix,2025-03-23,bearman,Oliver Bearman,haas,Haas F1 Team,0.070811,19,0.000000,4.000000,8,0.302419,0.100678,0.192308,0.004725
points_calibrated_top10_hybrid,Rank by 70% normalized points and 30% calibrated Top 10 probability.,2025,2,Chinese Grand Prix,2025-03-23,bortoleto,Gabriel Bortoleto,sauber,Sauber,0.070032,20,0.000000,0.000000,14,0.284448,0.116011,0.192308,0.010344
points_calibrated_top10_hybrid,Rank by 70% normalized points and 30% calibrated Top 10 probability.,2025,3,Japanese Grand Prix,2025-04-06,norris,Lando Norris,mclaren,McLaren,0.986047,1,25.000000,18.000000,2,17.959505,0.968872,0.953488,0.951862
points_calibrated_top10_hybrid,Rank by 70% normalized points and 30% calibrated Top 10 probability.,2025,3,Japanese Grand Prix,2025-04-06,max_verstappen,Max Verstappen,red_bull,Red Bull,0.962408,2,18.000000,25.000000,1,17.353016,0.925928,0.953488,0.944238
points_calibrated_top10_hybrid,Rank by 70% normalized points and 30% calibrated Top 10 probability.,2025,3,Japanese Grand Prix,2025-04-06,piastri,Oscar Piastri,mclaren,McLaren,0.758910,3,15.000000,15.000000,3,12.566317,0.881328,0.897059,0.875531
points_calibrated_top10_hybrid,Rank by 70% normalized points and 30% calibrated Top 10 probability.,2025,3,Japanese Grand Prix,2025-04-06,russell,George Russell,mercedes,Mercedes,0.704057,4,12.000000,10.000000,5,11.159004,0.826982,0.897059,0.779366
points_calibrated_top10_hybrid,Rank by 70% normalized points and 30% calibrated Top 10 probability.,2025,3,Japanese Grand Prix,2025-04-06,antonelli,Andrea Kimi Antonelli,mercedes,Mercedes,0.593607,5,10.000000,8.000000,6,8.325229,0.809722,0.897059,0.465560
points_calibrated_top10_hybrid,Rank by 70% normalized points and 30% calibrated Top 10 probability.,2025,3,Japanese Grand Prix,2025-04-06,leclerc,Charles Leclerc,ferrari,Ferrari,0.585610,6,8.000000,12.000000,4,8.120075,0.848266,0.897059,0.261079
points_calibrated_top10_hybrid,Rank by 70% normalized points and 30% calibrated Top 10 probability.,2025,3,Japanese Grand Prix,2025-04-06,hamilton,Lewis Hamilton,ferrari,Ferrari,0.350469,7,6.000000,6.000000,7,4.202586,0.643382,0.622222,0.112948
points_calibrated_top10_hybrid,Rank by 70% normalized points and 30% calibrated Top 10 probability.,2025,3,Japanese Grand Prix,2025-04-06,albon,Alexander Albon,williams,Williams,0.319228,8,4.000000,2.000000,9,3.401040,0.678540,0.622222,0.016340
points_calibrated_top10_hybrid,Rank by 70% normalized points and 30% calibrated Top 10 probability.,2025,3,Japanese Grand Prix,2025-04-06,hadjar,Isack Hadjar,rb,RB F1 Team,0.309127,9,2.000000,4.000000,8,3.141904,0.619597,0.622222,0.051050
points_calibrated_top10_hybrid,Rank by 70% normalized points and 30% calibrated Top 10 probability.,2025,3,Japanese Grand Prix,2025-04-06,gasly,Pierre Gasly,alpine,Alpine F1 Team,0.196693,10,1.000000,0.000000,13,1.679025,0.515396,0.437500,0.057425
points_calibrated_top10_hybrid,Rank by 70% normalized points and 30% calibrated Top 10 probability.,2025,3,Japanese Grand Prix,2025-04-06,sainz,Carlos Sainz,williams,Williams,0.185923,11,0.000000,0.000000,14,2.204477,0.478598,0.333333,0.016013
points_calibrated_top10_hybrid,Rank by 70% normalized points and 30% calibrated Top 10 probability.,2025,3,Japanese Grand Prix,2025-04-06,bearman,Oliver Bearman,haas,Haas F1 Team,0.179911,12,0.000000,1.000000,10,2.359884,0.372175,0.293103,0.019886
points_calibrated_top10_hybrid,Rank by 70% normalized points and 30% calibrated Top 10 probability.,2025,3,Japanese Grand Prix,2025-04-06,alonso,Fernando Alonso,aston_martin,Aston Martin,0.147347,13,0.000000,0.000000,11,1.524399,0.357970,0.293103,0.012460
points_calibrated_top10_hybrid,Rank by 70% normalized points and 30% calibrated Top 10 probability.,2025,3,Japanese Grand Prix,2025-04-06,tsunoda,Yuki Tsunoda,red_bull,Red Bull,0.131499,14,0.000000,0.000000,12,2.090967,0.298737,0.166667,0.049844
points_calibrated_top10_hybrid,Rank by 70% normalized points and 30% calibrated Top 10 probability.,2025,3,Japanese Grand Prix,2025-04-06,ocon,Esteban Ocon,haas,Haas F1 Team,0.127921,15,0.000000,0.000000,18,1.026010,0.326456,0.293103,0.009671
points_calibrated_top10_hybrid,Rank by 70% normalized points and 30% calibrated Top 10 probability.,2025,3,Japanese Grand Prix,2025-04-06,hulkenberg,Nico Hülkenberg,sauber,Sauber,0.115036,16,0.000000,0.000000,16,0.695411,0.360956,0.293103,0.002292
points_calibrated_top10_hybrid,Rank by 70% normalized points and 30% calibrated Top 10 probability.,2025,3,Japanese Grand Prix,2025-04-06,stroll,Lance Stroll,aston_martin,Aston Martin,0.083623,17,0.000000,0.000000,20,0.862638,0.232865,0.166667,0.019831
points_calibrated_top10_hybrid,Rank by 70% normalized points and 30% calibrated Top 10 probability.,2025,3,Japanese Grand Prix,2025-04-06,lawson,Liam Lawson,rb,RB F1 Team,0.076239,18,0.000000,0.000000,17,0.388125,0.182511,0.203704,0.009927
points_calibrated_top10_hybrid,Rank by 70% normalized points and 30% calibrated Top 10 probability.,2025,3,Japanese Grand Prix,2025-04-06,doohan,Jack Doohan,alpine,Alpine F1 Team,0.069454,19,0.000000,0.000000,15,0.214049,0.116452,0.203704,0.006775
points_calibrated_top10_hybrid,Rank by 70% normalized points and 30% calibrated Top 10 probability.,2025,3,Japanese Grand Prix,2025-04-06,bortoleto,Gabriel Bortoleto,sauber,Sauber,0.062481,20,0.000000,0.000000,19,0.320206,0.212067,0.166667,0.011509
points_calibrated_top10_hybrid,Rank by 70% normalized points and 30% calibrated Top 10 probability.,2025,4,Bahrain Grand Prix,2025-04-13,piastri,Oscar Piastri,mclaren,McLaren,0.986047,1,25.000000,25.000000,1,16.873259,0.929058,0.953488,0.945908
points_calibrated_top10_hybrid,Rank by 70% normalized points and 30% calibrated Top 10 probability.,2025,4,Bahrain Grand Prix,2025-04-13,russell,George Russell,mercedes,Mercedes,0.861703,2,18.000000,18.000000,2,14.168480,0.871961,0.913043,0.885089
points_calibrated_top10_hybrid,Rank by 70% normalized points and 30% calibrated Top 10 probability.,2025,4,Bahrain Grand Prix,2025-04-13,norris,Lando Norris,mclaren,McLaren,0.759879,3,15.000000,15.000000,3,11.421576,0.925403,0.953488,0.806592
points_calibrated_top10_hybrid,Rank by 70% normalized points and 30% calibrated Top 10 probability.,2025,4,Bahrain Grand Prix,2025-04-13,antonelli,Andrea Kimi Antonelli,mercedes,Mercedes,0.709330,4,12.000000,0.000000,11,10.495567,0.841942,0.913043,0.683185
points_calibrated_top10_hybrid,Rank by 70% normalized points and 30% calibrated Top 10 probability.,2025,4,Bahrain Grand Prix,2025-04-13,leclerc,Charles Leclerc,ferrari,Ferrari,0.704773,5,10.000000,12.000000,4,10.385719,0.862614,0.913043,0.763089
points_calibrated_top10_hybrid,Rank by 70% normalized points and 30% calibrated Top 10 probability.,2025,4,Bahrain Grand Prix,2025-04-13,max_verstappen,Max Verstappen,red_bull,Red Bull,0.614141,6,8.000000,8.000000,6,9.475265,0.779375,0.736842,0.533245
points_calibrated_top10_hybrid,Rank by 70% normalized points and 30% calibrated Top 10 probability.,2025,4,Bahrain Grand Prix,2025-04-13,gasly,Pierre Gasly,alpine,Alpine F1 Team,0.432294,7,6.000000,6.000000,7,5.091889,0.709218,0.736842,0.135804
points_calibrated_top10_hybrid,Rank by 70% normalized points and 30% calibrated Top 10 probability.,2025,4,Bahrain Grand Prix,2025-04-13,hamilton,Lewis Hamilton,ferrari,Ferrari,0.373065,8,4.000000,10.000000,5,4.376820,0.614623,0.638298,0.180979
points_calibrated_top10_hybrid,Rank by 70% normalized points and 30% calibrated Top 10 probability.,2025,4,Bahrain Grand Prix,2025-04-13,tsunoda,Yuki Tsunoda,red_bull,Red Bull,0.264359,9,2.000000,2.000000,9,4.162678,0.457411,0.305556,0.101206
points_calibrated_top10_hybrid,Rank by 70% normalized points and 30% calibrated Top 10 probability.,2025,4,Bahrain Grand Prix,2025-04-13,sainz,Carlos Sainz,williams,Williams,0.258628,10,1.000000,0.000000,19,3.070405,0.599442,0.437500,0.068497
points_calibrated_top10_hybrid,Rank by 70% normalized points and 30% calibrated Top 10 probability.,2025,4,Bahrain Grand Prix,2025-04-13,albon,Alexander Albon,williams,Williams,0.145556,11,0.000000,0.000000,12,1.298985,0.424592,0.305556,0.010799
points_calibrated_top10_hybrid,Rank by 70% normalized points and 30% calibrated Top 10 probability.,2025,4,Bahrain Grand Prix,2025-04-13,doohan,Jack Doohan,alpine,Alpine F1 Team,0.143669,12,0.000000,0.000000,14,1.253505,0.498322,0.305556,0.019739
points_calibrated_top10_hybrid,Rank by 70% normalized points and 30% calibrated Top 10 probability.,2025,4,Bahrain Grand Prix,2025-04-13,alonso,Fernando Alonso,aston_martin,Aston Martin,0.129760,13,0.000000,0.000000,15,0.958403,0.347180,0.300000,0.005149
points_calibrated_top10_hybrid,Rank by 70% normalized points and 30% calibrated Top 10 probability.,2025,4,Bahrain Grand Prix,2025-04-13,ocon,Esteban Ocon,haas,Haas F1 Team,0.129036,14,0.000000,4.000000,8,0.900779,0.415776,0.305556,0.011105
points_calibrated_top10_hybrid,Rank by 70% normalized points and 30% calibrated Top 10 probability.,2025,4,Bahrain Grand Prix,2025-04-13,hulkenberg,Nico Hülkenberg,sauber,Sauber,0.114348,15,0.000000,0.000000,20,0.586912,0.336327,0.300000,0.001711
points_calibrated_top10_hybrid,Rank by 70% normalized points and 30% calibrated Top 10 probability.,2025,4,Bahrain Grand Prix,2025-04-13,hadjar,Isack Hadjar,rb,RB F1 Team,0.103703,16,0.000000,0.000000,13,1.349278,0.250408,0.159091,0.049703
points_calibrated_top10_hybrid,Rank by 70% normalized points and 30% calibrated Top 10 probability.,2025,4,Bahrain Grand Prix,2025-04-13,bearman,Oliver Bearman,haas,Haas F1 Team,0.089300,17,0.000000,1.000000,10,0.761882,0.143632,0.192308,0.005630
points_calibrated_top10_hybrid,Rank by 70% normalized points and 30% calibrated Top 10 probability.,2025,4,Bahrain Grand Prix,2025-04-13,stroll,Lance Stroll,aston_martin,Aston Martin,0.085532,18,0.000000,0.000000,17,0.671075,0.195526,0.192308,0.014248
points_calibrated_top10_hybrid,Rank by 70% normalized points and 30% calibrated Top 10 probability.,2025,4,Bahrain Grand Prix,2025-04-13,lawson,Liam Lawson,rb,RB F1 Team,0.069103,19,0.000000,0.000000,16,0.275057,0.129603,0.192308,0.010825
points_calibrated_top10_hybrid,Rank by 70% normalized points and 30% calibrated Top 10 probability.,2025,4,Bahrain Grand Prix,2025-04-13,bortoleto,Gabriel Bortoleto,sauber,Sauber,0.068406,20,0.000000,0.000000,18,0.258244,0.129201,0.192308,0.002547
points_calibrated_top10_hybrid,Rank by 70% normalized points and 30% calibrated Top 10 probability.,2025,5,Saudi Arabian Grand Prix,2025-04-20,piastri,Oscar Piastri,mclaren,McLaren,0.986364,1,25.000000,25.000000,1,18.003469,0.937574,0.954545,0.961887
points_calibrated_top10_hybrid,Rank by 70% normalized points and 30% calibrated Top 10 probability.,2025,5,Saudi Arabian Grand Prix,2025-04-20,max_verstappen,Max Verstappen,red_bull,Red Bull,0.946320,2,18.000000,18.000000,2,17.405625,0.881798,0.898551,0.950721
points_calibrated_top10_hybrid,Rank by 70% normalized points and 30% calibrated Top 10 probability.,2025,5,Saudi Arabian Grand Prix,2025-04-20,russell,George Russell,mercedes,Mercedes,0.782692,3,15.000000,10.000000,5,13.197236,0.857430,0.898551,0.873738
points_calibrated_top10_hybrid,Rank by 70% normalized points and 30% calibrated Top 10 probability.,2025,5,Saudi Arabian Grand Prix,2025-04-20,leclerc,Charles Leclerc,ferrari,Ferrari,0.642203,4,12.000000,15.000000,3,9.583969,0.848266,0.898551,0.625444
points_calibrated_top10_hybrid,Rank by 70% normalized points and 30% calibrated Top 10 probability.,2025,5,Saudi Arabian Grand Prix,2025-04-20,antonelli,Andrea Kimi Antonelli,mercedes,Mercedes,0.568547,5,10.000000,8.000000,6,8.992162,0.736941,0.729730,0.621723
points_calibrated_top10_hybrid,Rank by 70% normalized points and 30% calibrated Top 10 probability.,2025,5,Saudi Arabian Grand Prix,2025-04-20,norris,Lando Norris,mclaren,McLaren,0.520020,6,8.000000,12.000000,4,7.744085,0.781691,0.729730,0.659533
points_calibrated_top10_hybrid,Rank by 70% normalized points and 30% calibrated Top 10 probability.,2025,5,Saudi Arabian Grand Prix,2025-04-20,hamilton,Lewis Hamilton,ferrari,Ferrari,0.441099,7,6.000000,6.000000,7,5.714309,0.703217,0.729730,0.294794
points_calibrated_top10_hybrid,Rank by 70% normalized points and 30% calibrated Top 10 probability.,2025,5,Saudi Arabian Grand Prix,2025-04-20,sainz,Carlos Sainz,williams,Williams,0.352343,8,4.000000,4.000000,8,4.029958,0.660348,0.652174,0.112827
points_calibrated_top10_hybrid,Rank by 70% normalized points and 30% calibrated Top 10 probability.,2025,5,Saudi Arabian Grand Prix,2025-04-20,tsunoda,Yuki Tsunoda,red_bull,Red Bull,0.304795,9,2.000000,0.000000,19,4.555793,0.596051,0.425532,0.164035
points_calibrated_top10_hybrid,Rank by 70% normalized points and 30% calibrated Top 10 probability.,2025,5,Saudi Arabian Grand Prix,2025-04-20,gasly,Pierre Gasly,alpine,Alpine F1 Team,0.278925,10,1.000000,0.000000,20,2.141713,0.619242,0.652174,0.031455
points_calibrated_top10_hybrid,Rank by 70% normalized points and 30% calibrated Top 10 probability.,2025,5,Saudi Arabian Grand Prix,2025-04-20,albon,Alexander Albon,williams,Williams,0.208336,11,0.000000,2.000000,9,2.074941,0.562203,0.425532,0.017064
points_calibrated_top10_hybrid,Rank by 70% normalized points and 30% calibrated Top 10 probability.,2025,5,Saudi Arabian Grand Prix,2025-04-20,bearman,Oliver Bearman,haas,Haas F1 Team,0.135772,12,0.000000,0.000000,13,1.137978,0.357412,0.305085,0.024944
points_calibrated_top10_hybrid,Rank by 70% normalized points and 30% calibrated Top 10 probability.,2025,5,Saudi Arabian Grand Prix,2025-04-20,alonso,Fernando Alonso,aston_martin,Aston Martin,0.126648,13,0.000000,0.000000,11,0.903317,0.318641,0.305085,0.002595
points_calibrated_top10_hybrid,Rank by 70% normalized points and 30% calibrated Top 10 probability.,2025,5,Saudi Arabian Grand Prix,2025-04-20,stroll,Lance Stroll,aston_martin,Aston Martin,0.110155,14,0.000000,0.000000,16,0.479147,0.352970,0.305085,0.014347
points_calibrated_top10_hybrid,Rank by 70% normalized points and 30% calibrated Top 10 probability.,2025,5,Saudi Arabian Grand Prix,2025-04-20,lawson,Liam Lawson,rb,RB F1 Team,0.101263,15,0.000000,0.000000,12,1.091514,0.161092,0.196078,0.001462
points_calibrated_top10_hybrid,Rank by 70% normalized points and 30% calibrated Top 10 probability.,2025,5,Saudi Arabian Grand Prix,2025-04-20,ocon,Esteban Ocon,haas,Haas F1 Team,0.091420,16,0.000000,0.000000,14,1.123755,0.292118,0.159091,0.019694
points_calibrated_top10_hybrid,Rank by 70% normalized points and 30% calibrated Top 10 probability.,2025,5,Saudi Arabian Grand Prix,2025-04-20,hadjar,Isack Hadjar,rb,RB F1 Team,0.078435,17,0.000000,1.000000,10,0.504383,0.128926,0.196078,0.005946
points_calibrated_top10_hybrid,Rank by 70% normalized points and 30% calibrated Top 10 probability.,2025,5,Saudi Arabian Grand Prix,2025-04-20,doohan,Jack Doohan,alpine,Alpine F1 Team,0.068196,18,0.000000,0.000000,17,0.241065,0.185413,0.196078,0.006198
points_calibrated_top10_hybrid,Rank by 70% normalized points and 30% calibrated Top 10 probability.,2025,5,Saudi Arabian Grand Prix,2025-04-20,hulkenberg,Nico Hülkenberg,sauber,Sauber,0.066518,19,0.000000,0.000000,15,0.197888,0.168180,0.196078,0.000747
points_calibrated_top10_hybrid,Rank by 70% normalized points and 30% calibrated Top 10 probability.,2025,5,Saudi Arabian Grand Prix,2025-04-20,bortoleto,Gabriel Bortoleto,sauber,Sauber,0.061942,20,0.000000,0.000000,18,0.080207,0.119587,0.196078,0.001537
points_calibrated_top10_hybrid,Rank by 70% normalized points and 30% calibrated Top 10 probability.,2025,6,Miami Grand Prix,2025-05-04,max_verstappen,Max Verstappen,red_bull,Red Bull,0.985714,1,25.000000,12.000000,4,18.369568,0.937716,0.952381,0.917158
points_calibrated_top10_hybrid,Rank by 70% normalized points and 30% calibrated Top 10 probability.,2025,6,Miami Grand Prix,2025-05-04,norris,Lando Norris,mclaren,McLaren,0.893885,2,18.000000,18.000000,2,15.959769,0.954522,0.952381,0.938484
points_calibrated_top10_hybrid,Rank by 70% normalized points and 30% calibrated Top 10 probability.,2025,6,Miami Grand Prix,2025-05-04,piastri,Oscar Piastri,mclaren,McLaren,0.851307,3,15.000000,25.000000,1,14.842419,0.913460,0.952381,0.907494
points_calibrated_top10_hybrid,Rank by 70% normalized points and 30% calibrated Top 10 probability.,2025,6,Miami Grand Prix,2025-05-04,antonelli,Andrea Kimi Antonelli,mercedes,Mercedes,0.669189,4,12.000000,8.000000,6,10.475625,0.846677,0.900000,0.825318
points_calibrated_top10_hybrid,Rank by 70% normalized points and 30% calibrated Top 10 probability.,2025,6,Miami Grand Prix,2025-05-04,russell,George Russell,mercedes,Mercedes,0.649835,5,10.000000,15.000000,3,9.967729,0.859730,0.900000,0.663489
points_calibrated_top10_hybrid,Rank by 70% normalized points and 30% calibrated Top 10 probability.,2025,6,Miami Grand Prix,2025-05-04,leclerc,Charles Leclerc,ferrari,Ferrari,0.492370,6,8.000000,6.000000,7,7.066853,0.779803,0.743590,0.396362
points_calibrated_top10_hybrid,Rank by 70% normalized points and 30% calibrated Top 10 probability.,2025,6,Miami Grand Prix,2025-05-04,sainz,Carlos Sainz,williams,Williams,0.353707,7,6.000000,2.000000,9,4.318857,0.682705,0.630435,0.101081
points_calibrated_top10_hybrid,Rank by 70% normalized points and 30% calibrated Top 10 probability.,2025,6,Miami Grand Prix,2025-05-04,albon,Alexander Albon,williams,Williams,0.330590,8,4.000000,10.000000,5,3.712210,0.681540,0.630435,0.070219
points_calibrated_top10_hybrid,Rank by 70% normalized points and 30% calibrated Top 10 probability.,2025,6,Miami Grand Prix,2025-05-04,hamilton,Lewis Hamilton,ferrari,Ferrari,0.309534,9,2.000000,4.000000,8,4.940308,0.518658,0.404255,0.155909
points_calibrated_top10_hybrid,Rank by 70% normalized points and 30% calibrated Top 10 probability.,2025,6,Miami Grand Prix,2025-05-04,tsunoda,Yuki Tsunoda,red_bull,Red Bull,0.277944,10,1.000000,1.000000,10,4.111316,0.553427,0.404255,0.103581
points_calibrated_top10_hybrid,Rank by 70% normalized points and 30% calibrated Top 10 probability.,2025,6,Miami Grand Prix,2025-05-04,ocon,Esteban Ocon,haas,Haas F1 Team,0.182359,11,0.000000,0.000000,12,2.161280,0.455027,0.333333,0.033964
points_calibrated_top10_hybrid,Rank by 70% normalized points and 30% calibrated Top 10 probability.,2025,6,Miami Grand Prix,2025-05-04,hadjar,Isack Hadjar,rb,RB F1 Team,0.115896,12,0.000000,0.000000,11,1.759773,0.207201,0.162791,0.012842
points_calibrated_top10_hybrid,Rank by 70% normalized points and 30% calibrated Top 10 probability.,2025,6,Miami Grand Prix,2025-05-04,doohan,Jack Doohan,alpine,Alpine F1 Team,0.101358,13,0.000000,0.000000,20,0.336771,0.346742,0.295082,0.009099
points_calibrated_top10_hybrid,Rank by 70% normalized points and 30% calibrated Top 10 probability.,2025,6,Miami Grand Prix,2025-05-04,alonso,Fernando Alonso,aston_martin,Aston Martin,0.089928,14,0.000000,0.000000,15,0.627933,0.175347,0.220000,0.008592
points_calibrated_top10_hybrid,Rank by 70% normalized points and 30% calibrated Top 10 probability.,2025,6,Miami Grand Prix,2025-05-04,bearman,Oliver Bearman,haas,Haas F1 Team,0.088948,15,0.000000,0.000000,19,0.602207,0.198443,0.220000,0.008477
points_calibrated_top10_hybrid,Rank by 70% normalized points and 30% calibrated Top 10 probability.,2025,6,Miami Grand Prix,2025-05-04,gasly,Pierre Gasly,alpine,Alpine F1 Team,0.086911,16,0.000000,0.000000,13,0.548741,0.164224,0.220000,0.019416
points_calibrated_top10_hybrid,Rank by 70% normalized points and 30% calibrated Top 10 probability.,2025,6,Miami Grand Prix,2025-05-04,stroll,Lance Stroll,aston_martin,Aston Martin,0.078335,17,0.000000,0.000000,16,0.323708,0.177556,0.220000,0.006813
points_calibrated_top10_hybrid,Rank by 70% normalized points and 30% calibrated Top 10 probability.,2025,6,Miami Grand Prix,2025-05-04,lawson,Liam Lawson,rb,RB F1 Team,0.077136,18,0.000000,0.000000,17,0.292239,0.106790,0.220000,0.002886
points_calibrated_top10_hybrid,Rank by 70% normalized points and 30% calibrated Top 10 probability.,2025,6,Miami Grand Prix,2025-05-04,hulkenberg,Nico Hülkenberg,sauber,Sauber,0.076514,19,0.000000,0.000000,14,0.275923,0.192857,0.220000,0.000572
points_calibrated_top10_hybrid,Rank by 70% normalized points and 30% calibrated Top 10 probability.,2025,6,Miami Grand Prix,2025-05-04,bortoleto,Gabriel Bortoleto,sauber,Sauber,0.065932,20,0.000000,0.000000,18,0.448609,0.228695,0.162791,0.003032
points_calibrated_top10_hybrid,Rank by 70% normalized points and 30% calibrated Top 10 probability.,2025,7,Emilia Romagna Grand Prix,2025-05-18,piastri,Oscar Piastri,mclaren,McLaren,0.985366,1,25.000000,15.000000,3,19.294477,0.949714,0.951220,0.966933
points_calibrated_top10_hybrid,Rank by 70% normalized points and 30% calibrated Top 10 probability.,2025,7,Emilia Romagna Grand Prix,2025-05-18,max_verstappen,Max Verstappen,red_bull,Red Bull,0.813378,2,18.000000,25.000000,1,14.553887,0.912470,0.951220,0.919989
points_calibrated_top10_hybrid,Rank by 70% normalized points and 30% calibrated Top 10 probability.,2025,7,Emilia Romagna Grand Prix,2025-05-18,russell,George Russell,mercedes,Mercedes,0.753509,3,15.000000,6.000000,7,12.903680,0.903569,0.951220,0.880829
points_calibrated_top10_hybrid,Rank by 70% normalized points and 30% calibrated Top 10 probability.,2025,7,Emilia Romagna Grand Prix,2025-05-18,norris,Lando Norris,mclaren,McLaren,0.734494,4,12.000000,18.000000,2,12.379548,0.937965,0.951220,0.848976
points_calibrated_top10_hybrid,Rank by 70% normalized points and 30% calibrated Top 10 probability.,2025,7,Emilia Romagna Grand Prix,2025-05-18,sainz,Carlos Sainz,williams,Williams,0.400938,5,10.000000,4.000000,8,4.958266,0.707139,0.736842,0.130605
points_calibrated_top10_hybrid,Rank by 70% normalized points and 30% calibrated Top 10 probability.,2025,7,Emilia Romagna Grand Prix,2025-05-18,leclerc,Charles Leclerc,ferrari,Ferrari,0.386926,6,8.000000,8.000000,6,5.152344,0.611101,0.666667,0.315676
points_calibrated_top10_hybrid,Rank by 70% normalized points and 30% calibrated Top 10 probability.,2025,7,Emilia Romagna Grand Prix,2025-05-18,albon,Alexander Albon,williams,Williams,0.384001,7,6.000000,10.000000,5,4.491432,0.709252,0.736842,0.043975
points_calibrated_top10_hybrid,Rank by 70% normalized points and 30% calibrated Top 10 probability.,2025,7,Emilia Romagna Grand Prix,2025-05-18,alonso,Fernando Alonso,aston_martin,Aston Martin,0.371731,8,4.000000,0.000000,11,4.733526,0.688756,0.666667,0.103471
points_calibrated_top10_hybrid,Rank by 70% normalized points and 30% calibrated Top 10 probability.,2025,7,Emilia Romagna Grand Prix,2025-05-18,stroll,Lance Stroll,aston_martin,Aston Martin,0.282630,9,2.000000,0.000000,15,2.277572,0.637199,0.666667,0.069353
points_calibrated_top10_hybrid,Rank by 70% normalized points and 30% calibrated Top 10 probability.,2025,7,Emilia Romagna Grand Prix,2025-05-18,hamilton,Lewis Hamilton,ferrari,Ferrari,0.281262,10,1.000000,12.000000,4,4.337107,0.505501,0.413043,0.247286
points_calibrated_top10_hybrid,Rank by 70% normalized points and 30% calibrated Top 10 probability.,2025,7,Emilia Romagna Grand Prix,2025-05-18,antonelli,Andrea Kimi Antonelli,mercedes,Mercedes,0.240841,11,0.000000,0.000000,19,3.882088,0.451285,0.333333,0.248822
points_calibrated_top10_hybrid,Rank by 70% normalized points and 30% calibrated Top 10 probability.,2025,7,Emilia Romagna Grand Prix,2025-05-18,gasly,Pierre Gasly,alpine,Alpine F1 Team,0.195390,12,0.000000,0.000000,13,1.970146,0.577908,0.413043,0.107290
points_calibrated_top10_hybrid,Rank by 70% normalized points and 30% calibrated Top 10 probability.,2025,7,Emilia Romagna Grand Prix,2025-05-18,hadjar,Isack Hadjar,rb,RB F1 Team,0.189837,13,0.000000,2.000000,9,1.817109,0.558637,0.413043,0.010114
points_calibrated_top10_hybrid,Rank by 70% normalized points and 30% calibrated Top 10 probability.,2025,7,Emilia Romagna Grand Prix,2025-05-18,tsunoda,Yuki Tsunoda,red_bull,Red Bull,0.113879,14,0.000000,1.000000,10,1.957616,0.280440,0.142857,0.014214
points_calibrated_top10_hybrid,Rank by 70% normalized points and 30% calibrated Top 10 probability.,2025,7,Emilia Romagna Grand Prix,2025-05-18,ocon,Esteban Ocon,haas,Haas F1 Team,0.085341,15,0.000000,0.000000,20,0.636089,0.160949,0.207547,0.006413
points_calibrated_top10_hybrid,Rank by 70% normalized points and 30% calibrated Top 10 probability.,2025,7,Emilia Romagna Grand Prix,2025-05-18,colapinto,Franco Colapinto,alpine,Alpine F1 Team,0.070561,16,0.000000,0.000000,16,0.228679,0.182258,0.207547,0.007442
points_calibrated_top10_hybrid,Rank by 70% normalized points and 30% calibrated Top 10 probability.,2025,7,Emilia Romagna Grand Prix,2025-05-18,hulkenberg,Nico Hülkenberg,sauber,Sauber,0.070382,17,0.000000,0.000000,12,0.223751,0.173453,0.207547,0.000944
points_calibrated_top10_hybrid,Rank by 70% normalized points and 30% calibrated Top 10 probability.,2025,7,Emilia Romagna Grand Prix,2025-05-18,bearman,Oliver Bearman,haas,Haas F1 Team,0.059061,18,0.000000,0.000000,17,0.446646,0.209705,0.142857,0.008085
points_calibrated_top10_hybrid,Rank by 70% normalized points and 30% calibrated Top 10 probability.,2025,7,Emilia Romagna Grand Prix,2025-05-18,bortoleto,Gabriel Bortoleto,sauber,Sauber,0.049212,19,0.000000,0.000000,18,0.175154,0.201840,0.142857,0.003341
points_calibrated_top10_hybrid,Rank by 70% normalized points and 30% calibrated Top 10 probability.,2025,7,Emilia Romagna Grand Prix,2025-05-18,lawson,Liam Lawson,rb,RB F1 Team,0.019230,20,0.000000,0.000000,14,0.136288,0.096951,0.047619,0.002736
points_calibrated_top10_hybrid,Rank by 70% normalized points and 30% calibrated Top 10 probability.,2025,8,Monaco Grand Prix,2025-05-25,norris,Lando Norris,mclaren,McLaren,0.986047,1,25.000000,25.000000,1,16.710382,0.968978,0.953488,0.944802
points_calibrated_top10_hybrid,Rank by 70% normalized points and 30% calibrated Top 10 probability.,2025,8,Monaco Grand Prix,2025-05-25,piastri,Oscar Piastri,mclaren,McLaren,0.911195,2,18.000000,15.000000,3,14.923521,0.925834,0.953488,0.942944
points_calibrated_top10_hybrid,Rank by 70% normalized points and 30% calibrated Top 10 probability.,2025,8,Monaco Grand Prix,2025-05-25,leclerc,Charles Leclerc,ferrari,Ferrari,0.843719,3,15.000000,18.000000,2,13.706184,0.877217,0.898551,0.875662
points_calibrated_top10_hybrid,Rank by 70% normalized points and 30% calibrated Top 10 probability.,2025,8,Monaco Grand Prix,2025-05-25,max_verstappen,Max Verstappen,red_bull,Red Bull,0.767338,4,12.000000,12.000000,4,11.882826,0.835499,0.898551,0.804182
points_calibrated_top10_hybrid,Rank by 70% normalized points and 30% calibrated Top 10 probability.,2025,8,Monaco Grand Prix,2025-05-25,hamilton,Lewis Hamilton,ferrari,Ferrari,0.664536,5,10.000000,10.000000,5,9.428729,0.806804,0.898551,0.463131
points_calibrated_top10_hybrid,Rank by 70% normalized points and 30% calibrated Top 10 probability.,2025,8,Monaco Grand Prix,2025-05-25,hadjar,Isack Hadjar,rb,RB F1 Team,0.370632,6,8.000000,8.000000,6,4.290340,0.698697,0.636364,0.100383
points_calibrated_top10_hybrid,Rank by 70% normalized points and 30% calibrated Top 10 probability.,2025,8,Monaco Grand Prix,2025-05-25,alonso,Fernando Alonso,aston_martin,Aston Martin,0.341840,7,6.000000,0.000000,19,3.603007,0.628743,0.636364,0.020366
points_calibrated_top10_hybrid,Rank by 70% normalized points and 30% calibrated Top 10 probability.,2025,8,Monaco Grand Prix,2025-05-25,albon,Alexander Albon,williams,Williams,0.322097,8,4.000000,2.000000,9,3.131722,0.619368,0.636364,0.011302
points_calibrated_top10_hybrid,Rank by 70% normalized points and 30% calibrated Top 10 probability.,2025,8,Monaco Grand Prix,2025-05-25,russell,George Russell,mercedes,Mercedes,0.308804,9,2.000000,0.000000,11,4.347977,0.556612,0.422222,0.184913
points_calibrated_top10_hybrid,Rank by 70% normalized points and 30% calibrated Top 10 probability.,2025,8,Monaco Grand Prix,2025-05-25,ocon,Esteban Ocon,haas,Haas F1 Team,0.293689,10,1.000000,6.000000,7,2.453555,0.642835,0.636364,0.018980
points_calibrated_top10_hybrid,Rank by 70% normalized points and 30% calibrated Top 10 probability.,2025,8,Monaco Grand Prix,2025-05-25,antonelli,Andrea Kimi Antonelli,mercedes,Mercedes,0.260020,11,0.000000,0.000000,18,3.183406,0.527621,0.422222,0.079894
points_calibrated_top10_hybrid,Rank by 70% normalized points and 30% calibrated Top 10 probability.,2025,8,Monaco Grand Prix,2025-05-25,tsunoda,Yuki Tsunoda,red_bull,Red Bull,0.252267,12,0.000000,0.000000,17,3.572100,0.442453,0.342105,0.019587
points_calibrated_top10_hybrid,Rank by 70% normalized points and 30% calibrated Top 10 probability.,2025,8,Monaco Grand Prix,2025-05-25,sainz,Carlos Sainz,williams,Williams,0.233777,13,0.000000,1.000000,10,2.556933,0.533140,0.422222,0.026911
points_calibrated_top10_hybrid,Rank by 70% normalized points and 30% calibrated Top 10 probability.,2025,8,Monaco Grand Prix,2025-05-25,lawson,Liam Lawson,rb,RB F1 Team,0.195711,14,0.000000,4.000000,8,1.648219,0.541190,0.422222,0.008114
points_calibrated_top10_hybrid,Rank by 70% normalized points and 30% calibrated Top 10 probability.,2025,8,Monaco Grand Prix,2025-05-25,hulkenberg,Nico Hülkenberg,sauber,Sauber,0.126010,15,0.000000,0.000000,16,0.558078,0.426608,0.342105,0.002013
points_calibrated_top10_hybrid,Rank by 70% normalized points and 30% calibrated Top 10 probability.,2025,8,Monaco Grand Prix,2025-05-25,bortoleto,Gabriel Bortoleto,sauber,Sauber,0.091703,16,0.000000,0.000000,14,0.075872,0.306340,0.295082,0.003141
points_calibrated_top10_hybrid,Rank by 70% normalized points and 30% calibrated Top 10 probability.,2025,8,Monaco Grand Prix,2025-05-25,bearman,Oliver Bearman,haas,Haas F1 Team,0.072758,17,0.000000,0.000000,12,0.250514,0.138487,0.207547,0.002976
points_calibrated_top10_hybrid,Rank by 70% normalized points and 30% calibrated Top 10 probability.,2025,8,Monaco Grand Prix,2025-05-25,gasly,Pierre Gasly,alpine,Alpine F1 Team,0.070241,18,0.000000,0.000000,20,0.190431,0.134662,0.207547,0.048881
points_calibrated_top10_hybrid,Rank by 70% normalized points and 30% calibrated Top 10 probability.,2025,8,Monaco Grand Prix,2025-05-25,stroll,Lance Stroll,aston_martin,Aston Martin,0.069571,19,0.000000,0.000000,15,0.174431,0.183221,0.207547,0.005088
points_calibrated_top10_hybrid,Rank by 70% normalized points and 30% calibrated Top 10 probability.,2025,8,Monaco Grand Prix,2025-05-25,colapinto,Franco Colapinto,alpine,Alpine F1 Team,0.015704,20,0.000000,0.000000,13,0.033846,0.098518,0.047619,0.003891
points_calibrated_top10_hybrid,Rank by 70% normalized points and 30% calibrated Top 10 probability.,2025,9,Spanish Grand Prix,2025-06-01,norris,Lando Norris,mclaren,McLaren,0.985714,1,25.000000,18.000000,2,16.890375,0.966777,0.952381,0.966692
points_calibrated_top10_hybrid,Rank by 70% normalized points and 30% calibrated Top 10 probability.,2025,9,Spanish Grand Prix,2025-06-01,piastri,Oscar Piastri,mclaren,McLaren,0.956529,2,18.000000,25.000000,1,16.186159,0.940596,0.952381,0.949905
points_calibrated_top10_hybrid,Rank by 70% normalized points and 30% calibrated Top 10 probability.,2025,9,Spanish Grand Prix,2025-06-01,max_verstappen,Max Verstappen,red_bull,Red Bull,0.828499,3,15.000000,1.000000,10,13.096909,0.913733,0.952381,0.896135
points_calibrated_top10_hybrid,Rank by 70% normalized points and 30% calibrated Top 10 probability.,2025,9,Spanish Grand Prix,2025-06-01,russell,George Russell,mercedes,Mercedes,0.705497,4,12.000000,12.000000,4,10.508159,0.852124,0.900000,0.743629
points_calibrated_top10_hybrid,Rank by 70% normalized points and 30% calibrated Top 10 probability.,2025,9,Spanish Grand Prix,2025-06-01,hamilton,Lewis Hamilton,ferrari,Ferrari,0.651108,5,10.000000,8.000000,6,9.195802,0.813380,0.900000,0.570974
points_calibrated_top10_hybrid,Rank by 70% normalized points and 30% calibrated Top 10 probability.,2025,9,Spanish Grand Prix,2025-06-01,leclerc,Charles Leclerc,ferrari,Ferrari,0.536791,6,8.000000,15.000000,3,7.427987,0.779375,0.763158,0.352415
points_calibrated_top10_hybrid,Rank by 70% normalized points and 30% calibrated Top 10 probability.,2025,9,Spanish Grand Prix,2025-06-01,antonelli,Andrea Kimi Antonelli,mercedes,Mercedes,0.526929,7,6.000000,0.000000,18,7.190023,0.737402,0.763158,0.327612
points_calibrated_top10_hybrid,Rank by 70% normalized points and 30% calibrated Top 10 probability.,2025,9,Spanish Grand Prix,2025-06-01,hadjar,Isack Hadjar,rb,RB F1 Team,0.295018,8,4.000000,6.000000,7,2.554962,0.621152,0.630435,0.168076
points_calibrated_top10_hybrid,Rank by 70% normalized points and 30% calibrated Top 10 probability.,2025,9,Spanish Grand Prix,2025-06-01,gasly,Pierre Gasly,alpine,Alpine F1 Team,0.286951,9,2.000000,4.000000,8,2.360318,0.619202,0.630435,0.134209
points_calibrated_top10_hybrid,Rank by 70% normalized points and 30% calibrated Top 10 probability.,2025,9,Spanish Grand Prix,2025-06-01,albon,Alexander Albon,williams,Williams,0.254576,10,1.000000,0.000000,19,2.975746,0.544249,0.437500,0.067515
points_calibrated_top10_hybrid,Rank by 70% normalized points and 30% calibrated Top 10 probability.,2025,9,Spanish Grand Prix,2025-06-01,alonso,Fernando Alonso,aston_martin,Aston Martin,0.166961,11,0.000000,2.000000,9,1.801306,0.415206,0.307692,0.004530
points_calibrated_top10_hybrid,Rank by 70% normalized points and 30% calibrated Top 10 probability.,2025,9,Spanish Grand Prix,2025-06-01,tsunoda,Yuki Tsunoda,red_bull,Red Bull,0.158411,12,0.000000,0.000000,13,2.555537,0.272531,0.175000,0.021314
points_calibrated_top10_hybrid,Rank by 70% normalized points and 30% calibrated Top 10 probability.,2025,9,Spanish Grand Prix,2025-06-01,ocon,Esteban Ocon,haas,Haas F1 Team,0.116529,13,0.000000,0.000000,16,0.675719,0.310952,0.295082,0.013221
points_calibrated_top10_hybrid,Rank by 70% normalized points and 30% calibrated Top 10 probability.,2025,9,Spanish Grand Prix,2025-06-01,sainz,Carlos Sainz,williams,Williams,0.108754,14,0.000000,0.000000,14,1.357365,0.289566,0.175000,0.064428
points_calibrated_top10_hybrid,Rank by 70% normalized points and 30% calibrated Top 10 probability.,2025,9,Spanish Grand Prix,2025-06-01,bortoleto,Gabriel Bortoleto,sauber,Sauber,0.090359,15,0.000000,0.000000,12,0.913503,0.224599,0.175000,0.011104
points_calibrated_top10_hybrid,Rank by 70% normalized points and 30% calibrated Top 10 probability.,2025,9,Spanish Grand Prix,2025-06-01,lawson,Liam Lawson,rb,RB F1 Team,0.086875,16,0.000000,0.000000,11,0.829445,0.269318,0.175000,0.036093
points_calibrated_top10_hybrid,Rank by 70% normalized points and 30% calibrated Top 10 probability.,2025,9,Spanish Grand Prix,2025-06-01,bearman,Oliver Bearman,haas,Haas F1 Team,0.070440,17,0.000000,0.000000,17,0.432872,0.220602,0.175000,0.011549
points_calibrated_top10_hybrid,Rank by 70% normalized points and 30% calibrated Top 10 probability.,2025,9,Spanish Grand Prix,2025-06-01,hulkenberg,Nico Hülkenberg,sauber,Sauber,0.067480,18,0.000000,10.000000,5,0.287717,0.157874,0.185185,0.003234
points_calibrated_top10_hybrid,Rank by 70% normalized points and 30% calibrated Top 10 probability.,2025,9,Spanish Grand Prix,2025-06-01,colapinto,Franco Colapinto,alpine,Alpine F1 Team,0.058625,19,0.000000,0.000000,15,0.074052,0.107778,0.185185,0.009547
points_calibrated_top10_hybrid,Rank by 70% normalized points and 30% calibrated Top 10 probability.,2025,10,Canadian Grand Prix,2025-06-15,russell,George Russell,mercedes,Mercedes,0.973913,1,25.000000,25.000000,1,14.863006,0.896706,0.913043,0.944180
points_calibrated_top10_hybrid,Rank by 70% normalized points and 30% calibrated Top 10 probability.,2025,10,Canadian Grand Prix,2025-06-15,max_verstappen,Max Verstappen,red_bull,Red Bull,0.971078,2,18.000000,18.000000,2,14.545186,0.912470,0.953488,0.914289
points_calibrated_top10_hybrid,Rank by 70% normalized points and 30% calibrated Top 10 probability.,2025,10,Canadian Grand Prix,2025-06-15,piastri,Oscar Piastri,mclaren,McLaren,0.903425,3,15.000000,12.000000,4,13.108704,0.918121,0.953488,0.849969
points_calibrated_top10_hybrid,Rank by 70% normalized points and 30% calibrated Top 10 probability.,2025,10,Canadian Grand Prix,2025-06-15,norris,Lando Norris,mclaren,McLaren,0.773905,4,12.000000,0.000000,18,10.616261,0.898375,0.913043,0.720244
points_calibrated_top10_hybrid,Rank by 70% normalized points and 30% calibrated Top 10 probability.,2025,10,Canadian Grand Prix,2025-06-15,hamilton,Lewis Hamilton,ferrari,Ferrari,0.745422,5,10.000000,8.000000,6,10.011489,0.820253,0.913043,0.666663
points_calibrated_top10_hybrid,Rank by 70% normalized points and 30% calibrated Top 10 probability.,2025,10,Canadian Grand Prix,2025-06-15,antonelli,Andrea Kimi Antonelli,mercedes,Mercedes,0.642074,6,8.000000,15.000000,3,8.939481,0.781210,0.736842,0.682009
points_calibrated_top10_hybrid,Rank by 70% normalized points and 30% calibrated Top 10 probability.,2025,10,Canadian Grand Prix,2025-06-15,leclerc,Charles Leclerc,ferrari,Ferrari,0.599219,7,6.000000,10.000000,5,8.029557,0.710544,0.736842,0.406868
points_calibrated_top10_hybrid,Rank by 70% normalized points and 30% calibrated Top 10 probability.,2025,10,Canadian Grand Prix,2025-06-15,alonso,Fernando Alonso,aston_martin,Aston Martin,0.393146,8,4.000000,6.000000,7,4.101035,0.650670,0.666667,0.023492
points_calibrated_top10_hybrid,Rank by 70% normalized points and 30% calibrated Top 10 probability.,2025,10,Canadian Grand Prix,2025-06-15,albon,Alexander Albon,williams,Williams,0.338764,9,2.000000,0.000000,20,2.946351,0.601978,0.666667,0.033402
points_calibrated_top10_hybrid,Rank by 70% normalized points and 30% calibrated Top 10 probability.,2025,10,Canadian Grand Prix,2025-06-15,hadjar,Isack Hadjar,rb,RB F1 Team,0.300956,10,1.000000,0.000000,16,2.143576,0.638910,0.666667,0.083105
points_calibrated_top10_hybrid,Rank by 70% normalized points and 30% calibrated Top 10 probability.,2025,10,Canadian Grand Prix,2025-06-15,tsunoda,Yuki Tsunoda,red_bull,Red Bull,0.223671,11,0.000000,0.000000,12,2.737647,0.424799,0.315789,0.029503
points_calibrated_top10_hybrid,Rank by 70% normalized points and 30% calibrated Top 10 probability.,2025,10,Canadian Grand Prix,2025-06-15,hulkenberg,Nico Hülkenberg,sauber,Sauber,0.163113,12,0.000000,4.000000,8,1.451817,0.440395,0.315789,0.001873
points_calibrated_top10_hybrid,Rank by 70% normalized points and 30% calibrated Top 10 probability.,2025,10,Canadian Grand Prix,2025-06-15,sainz,Carlos Sainz,williams,Williams,0.141003,13,0.000000,1.000000,10,1.295266,0.303282,0.266667,0.030729
points_calibrated_top10_hybrid,Rank by 70% normalized points and 30% calibrated Top 10 probability.,2025,10,Canadian Grand Prix,2025-06-15,colapinto,Franco Colapinto,alpine,Alpine F1 Team,0.115840,14,0.000000,0.000000,13,1.397969,0.258280,0.166667,0.006204
points_calibrated_top10_hybrid,Rank by 70% normalized points and 30% calibrated Top 10 probability.,2025,10,Canadian Grand Prix,2025-06-15,ocon,Esteban Ocon,haas,Haas F1 Team,0.115387,15,0.000000,2.000000,9,0.751376,0.376568,0.266667,0.019378
points_calibrated_top10_hybrid,Rank by 70% normalized points and 30% calibrated Top 10 probability.,2025,10,Canadian Grand Prix,2025-06-15,lawson,Liam Lawson,rb,RB F1 Team,0.090707,16,0.000000,0.000000,19,0.628396,0.152750,0.203704,0.032791
points_calibrated_top10_hybrid,Rank by 70% normalized points and 30% calibrated Top 10 probability.,2025,10,Canadian Grand Prix,2025-06-15,bearman,Oliver Bearman,haas,Haas F1 Team,0.077613,17,0.000000,0.000000,11,0.586300,0.234385,0.166667,0.003731
points_calibrated_top10_hybrid,Rank by 70% normalized points and 30% calibrated Top 10 probability.,2025,10,Canadian Grand Prix,2025-06-15,stroll,Lance Stroll,aston_martin,Aston Martin,0.077399,18,0.000000,0.000000,17,0.345838,0.139418,0.203704,0.010083
points_calibrated_top10_hybrid,Rank by 70% normalized points and 30% calibrated Top 10 probability.,2025,10,Canadian Grand Prix,2025-06-15,bortoleto,Gabriel Bortoleto,sauber,Sauber,0.066559,19,0.000000,0.000000,14,0.351605,0.209976,0.166667,0.006683
points_calibrated_top10_hybrid,Rank by 70% normalized points and 30% calibrated Top 10 probability.,2025,10,Canadian Grand Prix,2025-06-15,gasly,Pierre Gasly,alpine,Alpine F1 Team,0.038018,20,0.000000,0.000000,15,0.503911,0.078051,0.047619,0.031275
points_calibrated_top10_hybrid,Rank by 70% normalized points and 30% calibrated Top 10 probability.,2025,11,Austrian Grand Prix,2025-06-29,norris,Lando Norris,mclaren,McLaren,0.986047,1,25.000000,25.000000,1,16.238284,0.966464,0.953488,0.941458
points_calibrated_top10_hybrid,Rank by 70% normalized points and 30% calibrated Top 10 probability.,2025,11,Austrian Grand Prix,2025-06-29,leclerc,Charles Leclerc,ferrari,Ferrari,0.904539,2,18.000000,15.000000,3,14.729834,0.872672,0.898551,0.878834
points_calibrated_top10_hybrid,Rank by 70% normalized points and 30% calibrated Top 10 probability.,2025,11,Austrian Grand Prix,2025-06-29,piastri,Oscar Piastri,mclaren,McLaren,0.850839,3,15.000000,18.000000,2,13.101794,0.915042,0.953488,0.905831
points_calibrated_top10_hybrid,Rank by 70% normalized points and 30% calibrated Top 10 probability.,2025,11,Austrian Grand Prix,2025-06-29,hamilton,Lewis Hamilton,ferrari,Ferrari,0.742328,4,12.000000,12.000000,4,10.966931,0.838056,0.898551,0.761329
points_calibrated_top10_hybrid,Rank by 70% normalized points and 30% calibrated Top 10 probability.,2025,11,Austrian Grand Prix,2025-06-29,russell,George Russell,mercedes,Mercedes,0.680608,5,10.000000,10.000000,5,9.535196,0.857703,0.898551,0.699936
points_calibrated_top10_hybrid,Rank by 70% normalized points and 30% calibrated Top 10 probability.,2025,11,Austrian Grand Prix,2025-06-29,max_verstappen,Max Verstappen,red_bull,Red Bull,0.563003,6,8.000000,0.000000,18,7.707000,0.799858,0.769231,0.222977
points_calibrated_top10_hybrid,Rank by 70% normalized points and 30% calibrated Top 10 probability.,2025,11,Austrian Grand Prix,2025-06-29,antonelli,Andrea Kimi Antonelli,mercedes,Mercedes,0.424318,7,6.000000,0.000000,19,5.304489,0.651032,0.652174,0.304952
points_calibrated_top10_hybrid,Rank by 70% normalized points and 30% calibrated Top 10 probability.,2025,11,Austrian Grand Prix,2025-06-29,lawson,Liam Lawson,rb,RB F1 Team,0.380232,8,4.000000,8.000000,6,4.281804,0.663527,0.652174,0.112701
points_calibrated_top10_hybrid,Rank by 70% normalized points and 30% calibrated Top 10 probability.,2025,11,Austrian Grand Prix,2025-06-29,bortoleto,Gabriel Bortoleto,sauber,Sauber,0.230157,9,2.000000,4.000000,8,2.377679,0.560647,0.425532,0.033204
points_calibrated_top10_hybrid,Rank by 70% normalized points and 30% calibrated Top 10 probability.,2025,11,Austrian Grand Prix,2025-06-29,gasly,Pierre Gasly,alpine,Alpine F1 Team,0.206929,10,1.000000,0.000000,13,1.838851,0.573042,0.425532,0.106316
points_calibrated_top10_hybrid,Rank by 70% normalized points and 30% calibrated Top 10 probability.,2025,11,Austrian Grand Prix,2025-06-29,albon,Alexander Albon,williams,Williams,0.179380,11,0.000000,0.000000,17,1.841427,0.489099,0.333333,0.017849
points_calibrated_top10_hybrid,Rank by 70% normalized points and 30% calibrated Top 10 probability.,2025,11,Austrian Grand Prix,2025-06-29,hadjar,Isack Hadjar,rb,RB F1 Team,0.134986,12,0.000000,0.000000,12,1.159558,0.300102,0.283333,0.034061
points_calibrated_top10_hybrid,Rank by 70% normalized points and 30% calibrated Top 10 probability.,2025,11,Austrian Grand Prix,2025-06-29,alonso,Fernando Alonso,aston_martin,Aston Martin,0.128966,13,0.000000,6.000000,7,1.973276,0.276893,0.146341,0.003863
points_calibrated_top10_hybrid,Rank by 70% normalized points and 30% calibrated Top 10 probability.,2025,11,Austrian Grand Prix,2025-06-29,tsunoda,Yuki Tsunoda,red_bull,Red Bull,0.118575,14,0.000000,0.000000,16,1.732216,0.267165,0.146341,0.020179
points_calibrated_top10_hybrid,Rank by 70% normalized points and 30% calibrated Top 10 probability.,2025,11,Austrian Grand Prix,2025-06-29,ocon,Esteban Ocon,haas,Haas F1 Team,0.114460,15,0.000000,1.000000,10,0.683394,0.313089,0.283333,0.006177
points_calibrated_top10_hybrid,Rank by 70% normalized points and 30% calibrated Top 10 probability.,2025,11,Austrian Grand Prix,2025-06-29,hulkenberg,Nico Hülkenberg,sauber,Sauber,0.085819,16,0.000000,2.000000,9,0.677724,0.138853,0.188679,0.002100
points_calibrated_top10_hybrid,Rank by 70% normalized points and 30% calibrated Top 10 probability.,2025,11,Austrian Grand Prix,2025-06-29,sainz,Carlos Sainz,williams,Williams,0.081039,17,0.000000,0.000000,20,0.861475,0.263888,0.146341,0.023381
points_calibrated_top10_hybrid,Rank by 70% normalized points and 30% calibrated Top 10 probability.,2025,11,Austrian Grand Prix,2025-06-29,stroll,Lance Stroll,aston_martin,Aston Martin,0.069133,18,0.000000,0.000000,14,0.290656,0.181344,0.188679,0.009703
points_calibrated_top10_hybrid,Rank by 70% normalized points and 30% calibrated Top 10 probability.,2025,11,Austrian Grand Prix,2025-06-29,colapinto,Franco Colapinto,alpine,Alpine F1 Team,0.067297,19,0.000000,0.000000,15,0.248062,0.113603,0.188679,0.005244
points_calibrated_top10_hybrid,Rank by 70% normalized points and 30% calibrated Top 10 probability.,2025,11,Austrian Grand Prix,2025-06-29,bearman,Oliver Bearman,haas,Haas F1 Team,0.059345,20,0.000000,0.000000,11,0.358241,0.260536,0.146341,0.003632
points_calibrated_top10_hybrid,Rank by 70% normalized points and 30% calibrated Top 10 probability.,2025,12,British Grand Prix,2025-07-06,max_verstappen,Max Verstappen,red_bull,Red Bull,0.985714,1,25.000000,10.000000,5,16.402736,0.906095,0.952381,0.933644
points_calibrated_top10_hybrid,Rank by 70% normalized points and 30% calibrated Top 10 probability.,2025,12,British Grand Prix,2025-07-06,piastri,Oscar Piastri,mclaren,McLaren,0.934973,2,18.000000,18.000000,2,15.213735,0.929615,0.952381,0.936317
points_calibrated_top10_hybrid,Rank by 70% normalized points and 30% calibrated Top 10 probability.,2025,12,British Grand Prix,2025-07-06,norris,Lando Norris,mclaren,McLaren,0.824052,3,15.000000,25.000000,1,12.614586,0.947737,0.952381,0.892274
points_calibrated_top10_hybrid,Rank by 70% normalized points and 30% calibrated Top 10 probability.,2025,12,British Grand Prix,2025-07-06,russell,George Russell,mercedes,Mercedes,0.751112,4,12.000000,1.000000,10,11.181951,0.835541,0.913043,0.723322
points_calibrated_top10_hybrid,Rank by 70% normalized points and 30% calibrated Top 10 probability.,2025,12,British Grand Prix,2025-07-06,hamilton,Lewis Hamilton,ferrari,Ferrari,0.714920,5,10.000000,12.000000,4,10.333887,0.816592,0.913043,0.644777
points_calibrated_top10_hybrid,Rank by 70% normalized points and 30% calibrated Top 10 probability.,2025,12,British Grand Prix,2025-07-06,leclerc,Charles Leclerc,ferrari,Ferrari,0.683447,6,8.000000,0.000000,14,9.596406,0.818868,0.913043,0.575102
points_calibrated_top10_hybrid,Rank by 70% normalized points and 30% calibrated Top 10 probability.,2025,12,British Grand Prix,2025-07-06,antonelli,Andrea Kimi Antonelli,mercedes,Mercedes,0.515616,7,6.000000,0.000000,16,6.674661,0.768279,0.769231,0.275782
points_calibrated_top10_hybrid,Rank by 70% normalized points and 30% calibrated Top 10 probability.,2025,12,British Grand Prix,2025-07-06,alonso,Fernando Alonso,aston_martin,Aston Martin,0.322426,8,4.000000,2.000000,9,3.068161,0.612388,0.638298,0.059072
points_calibrated_top10_hybrid,Rank by 70% normalized points and 30% calibrated Top 10 probability.,2025,12,British Grand Prix,2025-07-06,tsunoda,Yuki Tsunoda,red_bull,Red Bull,0.214232,9,2.000000,0.000000,15,2.838347,0.346470,0.310345,0.009261
points_calibrated_top10_hybrid,Rank by 70% normalized points and 30% calibrated Top 10 probability.,2025,12,British Grand Prix,2025-07-06,sainz,Carlos Sainz,williams,Williams,0.213750,10,1.000000,0.000000,12,2.017317,0.509983,0.425532,0.056714
points_calibrated_top10_hybrid,Rank by 70% normalized points and 30% calibrated Top 10 probability.,2025,12,British Grand Prix,2025-07-06,gasly,Pierre Gasly,alpine,Alpine F1 Team,0.212526,11,0.000000,8.000000,6,1.988642,0.558683,0.425532,0.097212
points_calibrated_top10_hybrid,Rank by 70% normalized points and 30% calibrated Top 10 probability.,2025,12,British Grand Prix,2025-07-06,hadjar,Isack Hadjar,rb,RB F1 Team,0.151161,12,0.000000,0.000000,17,1.360442,0.329948,0.310345,0.029908
points_calibrated_top10_hybrid,Rank by 70% normalized points and 30% calibrated Top 10 probability.,2025,12,British Grand Prix,2025-07-06,bearman,Oliver Bearman,haas,Haas F1 Team,0.150622,13,0.000000,0.000000,11,1.347800,0.347169,0.310345,0.003381
points_calibrated_top10_hybrid,Rank by 70% normalized points and 30% calibrated Top 10 probability.,2025,12,British Grand Prix,2025-07-06,albon,Alexander Albon,williams,Williams,0.135142,14,0.000000,4.000000,8,1.003704,0.403611,0.307692,0.006421
points_calibrated_top10_hybrid,Rank by 70% normalized points and 30% calibrated Top 10 probability.,2025,12,British Grand Prix,2025-07-06,ocon,Esteban Ocon,haas,Haas F1 Team,0.116156,15,0.000000,0.000000,13,0.540173,0.385018,0.310345,0.004847
points_calibrated_top10_hybrid,Rank by 70% normalized points and 30% calibrated Top 10 probability.,2025,12,British Grand Prix,2025-07-06,hulkenberg,Nico Hülkenberg,sauber,Sauber,0.091569,16,0.000000,15.000000,3,0.951953,0.162581,0.169811,0.004703
points_calibrated_top10_hybrid,Rank by 70% normalized points and 30% calibrated Top 10 probability.,2025,12,British Grand Prix,2025-07-06,lawson,Liam Lawson,rb,RB F1 Team,0.079460,17,0.000000,0.000000,19,0.743583,0.251098,0.159091,0.030876
points_calibrated_top10_hybrid,Rank by 70% normalized points and 30% calibrated Top 10 probability.,2025,12,British Grand Prix,2025-07-06,bortoleto,Gabriel Bortoleto,sauber,Sauber,0.075530,18,0.000000,0.000000,18,0.576129,0.189625,0.169811,0.022336
points_calibrated_top10_hybrid,Rank by 70% normalized points and 30% calibrated Top 10 probability.,2025,12,British Grand Prix,2025-07-06,stroll,Lance Stroll,aston_martin,Aston Martin,0.066700,19,0.000000,6.000000,7,0.369225,0.132395,0.169811,0.016212
points_calibrated_top10_hybrid,Rank by 70% normalized points and 30% calibrated Top 10 probability.,2025,12,British Grand Prix,2025-07-06,colapinto,Franco Colapinto,alpine,Alpine F1 Team,0.023580,20,0.000000,0.000000,20,0.217782,0.062445,0.047619,0.006600
points_calibrated_top10_hybrid,Rank by 70% normalized points and 30% calibrated Top 10 probability.,2025,13,Belgian Grand Prix,2025-07-27,norris,Lando Norris,mclaren,McLaren,0.986047,1,25.000000,18.000000,2,17.739589,0.969810,0.953488,0.959669
points_calibrated_top10_hybrid,Rank by 70% normalized points and 30% calibrated Top 10 probability.,2025,13,Belgian Grand Prix,2025-07-27,piastri,Oscar Piastri,mclaren,McLaren,0.930794,2,18.000000,25.000000,1,16.339358,0.923079,0.953488,0.940574
points_calibrated_top10_hybrid,Rank by 70% normalized points and 30% calibrated Top 10 probability.,2025,13,Belgian Grand Prix,2025-07-27,leclerc,Charles Leclerc,ferrari,Ferrari,0.734041,3,15.000000,15.000000,3,11.770864,0.862614,0.898551,0.767433
points_calibrated_top10_hybrid,Rank by 70% normalized points and 30% calibrated Top 10 probability.,2025,13,Belgian Grand Prix,2025-07-27,max_verstappen,Max Verstappen,red_bull,Red Bull,0.713586,4,12.000000,12.000000,4,11.252503,0.865908,0.898551,0.815837
points_calibrated_top10_hybrid,Rank by 70% normalized points and 30% calibrated Top 10 probability.,2025,13,Belgian Grand Prix,2025-07-27,russell,George Russell,mercedes,Mercedes,0.610620,5,10.000000,10.000000,5,8.643106,0.809560,0.898551,0.454202
points_calibrated_top10_hybrid,Rank by 70% normalized points and 30% calibrated Top 10 probability.,2025,13,Belgian Grand Prix,2025-07-27,albon,Alexander Albon,williams,Williams,0.452900,6,8.000000,8.000000,6,5.824244,0.755950,0.743590,0.099778
points_calibrated_top10_hybrid,Rank by 70% normalized points and 30% calibrated Top 10 probability.,2025,13,Belgian Grand Prix,2025-07-27,tsunoda,Yuki Tsunoda,red_bull,Red Bull,0.396108,7,6.000000,0.000000,13,4.914723,0.606792,0.673913,0.062419
points_calibrated_top10_hybrid,Rank by 70% normalized points and 30% calibrated Top 10 probability.,2025,13,Belgian Grand Prix,2025-07-27,hadjar,Isack Hadjar,rb,RB F1 Team,0.294814,8,4.000000,0.000000,20,2.347712,0.617218,0.673913,0.052219
points_calibrated_top10_hybrid,Rank by 70% normalized points and 30% calibrated Top 10 probability.,2025,13,Belgian Grand Prix,2025-07-27,hamilton,Lewis Hamilton,ferrari,Ferrari,0.280887,9,2.000000,6.000000,7,4.964226,0.356974,0.283333,0.335536
points_calibrated_top10_hybrid,Rank by 70% normalized points and 30% calibrated Top 10 probability.,2025,13,Belgian Grand Prix,2025-07-27,antonelli,Andrea Kimi Antonelli,mercedes,Mercedes,0.232744,10,1.000000,0.000000,16,3.432531,0.468324,0.324324,0.132598
points_calibrated_top10_hybrid,Rank by 70% normalized points and 30% calibrated Top 10 probability.,2025,13,Belgian Grand Prix,2025-07-27,bortoleto,Gabriel Bortoleto,sauber,Sauber,0.200986,11,0.000000,2.000000,9,1.953203,0.539712,0.413043,0.078555
points_calibrated_top10_hybrid,Rank by 70% normalized points and 30% calibrated Top 10 probability.,2025,13,Belgian Grand Prix,2025-07-27,lawson,Liam Lawson,rb,RB F1 Team,0.199989,12,0.000000,4.000000,8,1.927943,0.573662,0.413043,0.031134
points_calibrated_top10_hybrid,Rank by 70% normalized points and 30% calibrated Top 10 probability.,2025,13,Belgian Grand Prix,2025-07-27,ocon,Esteban Ocon,haas,Haas F1 Team,0.185579,13,0.000000,0.000000,15,1.562749,0.548013,0.413043,0.013530
points_calibrated_top10_hybrid,Rank by 70% normalized points and 30% calibrated Top 10 probability.,2025,13,Belgian Grand Prix,2025-07-27,hulkenberg,Nico Hülkenberg,sauber,Sauber,0.165939,14,0.000000,0.000000,12,1.739537,0.414286,0.324324,0.005598
points_calibrated_top10_hybrid,Rank by 70% normalized points and 30% calibrated Top 10 probability.,2025,13,Belgian Grand Prix,2025-07-27,gasly,Pierre Gasly,alpine,Alpine F1 Team,0.130896,15,0.000000,1.000000,10,0.851475,0.428331,0.324324,0.081008
points_calibrated_top10_hybrid,Rank by 70% normalized points and 30% calibrated Top 10 probability.,2025,13,Belgian Grand Prix,2025-07-27,sainz,Carlos Sainz,williams,Williams,0.114464,16,0.000000,0.000000,18,0.746680,0.328844,0.283333,0.010143
points_calibrated_top10_hybrid,Rank by 70% normalized points and 30% calibrated Top 10 probability.,2025,13,Belgian Grand Prix,2025-07-27,alonso,Fernando Alonso,aston_martin,Aston Martin,0.105021,17,0.000000,0.000000,17,1.112779,0.144292,0.203704,0.014850
points_calibrated_top10_hybrid,Rank by 70% normalized points and 30% calibrated Top 10 probability.,2025,13,Belgian Grand Prix,2025-07-27,stroll,Lance Stroll,aston_martin,Aston Martin,0.088063,18,0.000000,0.000000,14,0.683023,0.142046,0.203704,0.027927
points_calibrated_top10_hybrid,Rank by 70% normalized points and 30% calibrated Top 10 probability.,2025,13,Belgian Grand Prix,2025-07-27,bearman,Oliver Bearman,haas,Haas F1 Team,0.085900,19,0.000000,0.000000,11,0.967386,0.271516,0.159091,0.006329
points_calibrated_top10_hybrid,Rank by 70% normalized points and 30% calibrated Top 10 probability.,2025,13,Belgian Grand Prix,2025-07-27,colapinto,Franco Colapinto,alpine,Alpine F1 Team,0.021605,20,0.000000,0.000000,19,0.185484,0.082059,0.047619,0.014151
points_calibrated_top10_hybrid,Rank by 70% normalized points and 30% calibrated Top 10 probability.,2025,14,Hungarian Grand Prix,2025-08-03,piastri,Oscar Piastri,mclaren,McLaren,0.972101,1,25.000000,18.000000,2,16.746460,0.933944,0.953488,0.973803
points_calibrated_top10_hybrid,Rank by 70% normalized points and 30% calibrated Top 10 probability.,2025,14,Hungarian Grand Prix,2025-08-03,leclerc,Charles Leclerc,ferrari,Ferrari,0.970000,2,18.000000,12.000000,4,17.086869,0.890109,0.900000,0.940765
points_calibrated_top10_hybrid,Rank by 70% normalized points and 30% calibrated Top 10 probability.,2025,14,Hungarian Grand Prix,2025-08-03,norris,Lando Norris,mclaren,McLaren,0.900540,3,15.000000,25.000000,1,14.999677,0.929150,0.953488,0.955866
points_calibrated_top10_hybrid,Rank by 70% normalized points and 30% calibrated Top 10 probability.,2025,14,Hungarian Grand Prix,2025-08-03,russell,George Russell,mercedes,Mercedes,0.667716,4,12.000000,15.000000,3,9.708172,0.852124,0.900000,0.729132
points_calibrated_top10_hybrid,Rank by 70% normalized points and 30% calibrated Top 10 probability.,2025,14,Hungarian Grand Prix,2025-08-03,max_verstappen,Max Verstappen,red_bull,Red Bull,0.479934,5,10.000000,2.000000,9,6.371328,0.754811,0.729730,0.209898
points_calibrated_top10_hybrid,Rank by 70% normalized points and 30% calibrated Top 10 probability.,2025,14,Hungarian Grand Prix,2025-08-03,alonso,Fernando Alonso,aston_martin,Aston Martin,0.451027,6,8.000000,10.000000,5,5.665710,0.734256,0.729730,0.138007
points_calibrated_top10_hybrid,Rank by 70% normalized points and 30% calibrated Top 10 probability.,2025,14,Hungarian Grand Prix,2025-08-03,stroll,Lance Stroll,aston_martin,Aston Martin,0.406122,7,6.000000,6.000000,7,4.569591,0.713551,0.729730,0.148884
points_calibrated_top10_hybrid,Rank by 70% normalized points and 30% calibrated Top 10 probability.,2025,14,Hungarian Grand Prix,2025-08-03,hamilton,Lewis Hamilton,ferrari,Ferrari,0.383232,8,4.000000,0.000000,12,6.150836,0.532102,0.437500,0.334784
points_calibrated_top10_hybrid,Rank by 70% normalized points and 30% calibrated Top 10 probability.,2025,14,Hungarian Grand Prix,2025-08-03,bortoleto,Gabriel Bortoleto,sauber,Sauber,0.344532,9,2.000000,8.000000,6,3.793318,0.629973,0.630435,0.110194
points_calibrated_top10_hybrid,Rank by 70% normalized points and 30% calibrated Top 10 probability.,2025,14,Hungarian Grand Prix,2025-08-03,lawson,Liam Lawson,rb,RB F1 Team,0.281903,10,1.000000,4.000000,8,2.264560,0.602448,0.630435,0.080236
points_calibrated_top10_hybrid,Rank by 70% normalized points and 30% calibrated Top 10 probability.,2025,14,Hungarian Grand Prix,2025-08-03,antonelli,Andrea Kimi Antonelli,mercedes,Mercedes,0.175617,11,0.000000,1.000000,10,2.211936,0.391414,0.283333,0.090326
points_calibrated_top10_hybrid,Rank by 70% normalized points and 30% calibrated Top 10 probability.,2025,14,Hungarian Grand Prix,2025-08-03,hadjar,Isack Hadjar,rb,RB F1 Team,0.167609,12,0.000000,0.000000,11,1.650314,0.488688,0.333333,0.052608
points_calibrated_top10_hybrid,Rank by 70% normalized points and 30% calibrated Top 10 probability.,2025,14,Hungarian Grand Prix,2025-08-03,sainz,Carlos Sainz,williams,Williams,0.127085,13,0.000000,0.000000,14,1.027276,0.387719,0.283333,0.009266
points_calibrated_top10_hybrid,Rank by 70% normalized points and 30% calibrated Top 10 probability.,2025,14,Hungarian Grand Prix,2025-08-03,hulkenberg,Nico Hülkenberg,sauber,Sauber,0.117113,14,0.000000,0.000000,13,1.608448,0.227028,0.170732,0.004469
points_calibrated_top10_hybrid,Rank by 70% normalized points and 30% calibrated Top 10 probability.,2025,14,Hungarian Grand Prix,2025-08-03,tsunoda,Yuki Tsunoda,red_bull,Red Bull,0.116093,15,0.000000,0.000000,17,1.583560,0.295198,0.170732,0.008999
points_calibrated_top10_hybrid,Rank by 70% normalized points and 30% calibrated Top 10 probability.,2025,14,Hungarian Grand Prix,2025-08-03,albon,Alexander Albon,williams,Williams,0.105098,16,0.000000,0.000000,15,1.315171,0.265349,0.170732,0.028351
points_calibrated_top10_hybrid,Rank by 70% normalized points and 30% calibrated Top 10 probability.,2025,14,Hungarian Grand Prix,2025-08-03,bearman,Oliver Bearman,haas,Haas F1 Team,0.101080,17,0.000000,0.000000,20,1.217074,0.253787,0.170732,0.007992
points_calibrated_top10_hybrid,Rank by 70% normalized points and 30% calibrated Top 10 probability.,2025,14,Hungarian Grand Prix,2025-08-03,gasly,Pierre Gasly,alpine,Alpine F1 Team,0.085232,18,0.000000,0.000000,19,0.588795,0.184778,0.203704,0.062696
points_calibrated_top10_hybrid,Rank by 70% normalized points and 30% calibrated Top 10 probability.,2025,14,Hungarian Grand Prix,2025-08-03,colapinto,Franco Colapinto,alpine,Alpine F1 Team,0.070460,19,0.000000,0.000000,18,0.228201,0.110878,0.203704,0.013770
points_calibrated_top10_hybrid,Rank by 70% normalized points and 30% calibrated Top 10 probability.,2025,14,Hungarian Grand Prix,2025-08-03,ocon,Esteban Ocon,haas,Haas F1 Team,0.026855,20,0.000000,0.000000,16,0.306814,0.070156,0.047619,0.007183
points_calibrated_top10_hybrid,Rank by 70% normalized points and 30% calibrated Top 10 probability.,2025,15,Dutch Grand Prix,2025-08-31,piastri,Oscar Piastri,mclaren,McLaren,0.993023,1,25.000000,25.000000,1,19.362183,0.943164,0.976744,0.968870
points_calibrated_top10_hybrid,Rank by 70% normalized points and 30% calibrated Top 10 probability.,2025,15,Dutch Grand Prix,2025-08-31,norris,Lando Norris,mclaren,McLaren,0.946300,2,18.000000,0.000000,18,18.069802,0.968872,0.976744,0.974171
points_calibrated_top10_hybrid,Rank by 70% normalized points and 30% calibrated Top 10 probability.,2025,15,Dutch Grand Prix,2025-08-31,max_verstappen,Max Verstappen,red_bull,Red Bull,0.692489,3,15.000000,18.000000,2,11.577934,0.883079,0.913043,0.817805
points_calibrated_top10_hybrid,Rank by 70% normalized points and 30% calibrated Top 10 probability.,2025,15,Dutch Grand Prix,2025-08-31,russell,George Russell,mercedes,Mercedes,0.603804,4,12.000000,12.000000,4,9.124858,0.826631,0.913043,0.739756
points_calibrated_top10_hybrid,Rank by 70% normalized points and 30% calibrated Top 10 probability.,2025,15,Dutch Grand Prix,2025-08-31,leclerc,Charles Leclerc,ferrari,Ferrari,0.582795,5,10.000000,0.000000,19,8.543742,0.818868,0.913043,0.429094
points_calibrated_top10_hybrid,Rank by 70% normalized points and 30% calibrated Top 10 probability.,2025,15,Dutch Grand Prix,2025-08-31,hamilton,Lewis Hamilton,ferrari,Ferrari,0.479302,6,8.000000,0.000000,20,6.874488,0.738077,0.769231,0.308073
points_calibrated_top10_hybrid,Rank by 70% normalized points and 30% calibrated Top 10 probability.,2025,15,Dutch Grand Prix,2025-08-31,hadjar,Isack Hadjar,rb,RB F1 Team,0.416555,7,6.000000,15.000000,3,6.290635,0.613371,0.630435,0.276408
points_calibrated_top10_hybrid,Rank by 70% normalized points and 30% calibrated Top 10 probability.,2025,15,Dutch Grand Prix,2025-08-31,alonso,Fernando Alonso,aston_martin,Aston Martin,0.289007,8,4.000000,4.000000,8,2.762619,0.601951,0.630435,0.017918
points_calibrated_top10_hybrid,Rank by 70% normalized points and 30% calibrated Top 10 probability.,2025,15,Dutch Grand Prix,2025-08-31,antonelli,Andrea Kimi Antonelli,mercedes,Mercedes,0.271108,9,2.000000,0.000000,16,3.710665,0.567686,0.456522,0.214744
points_calibrated_top10_hybrid,Rank by 70% normalized points and 30% calibrated Top 10 probability.,2025,15,Dutch Grand Prix,2025-08-31,lawson,Liam Lawson,rb,RB F1 Team,0.228955,10,1.000000,0.000000,12,2.544702,0.501088,0.456522,0.053689
points_calibrated_top10_hybrid,Rank by 70% normalized points and 30% calibrated Top 10 probability.,2025,15,Dutch Grand Prix,2025-08-31,sainz,Carlos Sainz,williams,Williams,0.218738,11,0.000000,0.000000,13,2.262104,0.540456,0.456522,0.062588
points_calibrated_top10_hybrid,Rank by 70% normalized points and 30% calibrated Top 10 probability.,2025,15,Dutch Grand Prix,2025-08-31,hulkenberg,Nico Hülkenberg,sauber,Sauber,0.143726,12,0.000000,0.000000,14,1.543305,0.304687,0.293103,0.005316
points_calibrated_top10_hybrid,Rank by 70% normalized points and 30% calibrated Top 10 probability.,2025,15,Dutch Grand Prix,2025-08-31,albon,Alexander Albon,williams,Williams,0.136791,13,0.000000,10.000000,5,1.351487,0.383768,0.293103,0.017414
points_calibrated_top10_hybrid,Rank by 70% normalized points and 30% calibrated Top 10 probability.,2025,15,Dutch Grand Prix,2025-08-31,bortoleto,Gabriel Bortoleto,sauber,Sauber,0.132194,14,0.000000,0.000000,15,1.224312,0.351140,0.293103,0.135560
points_calibrated_top10_hybrid,Rank by 70% normalized points and 30% calibrated Top 10 probability.,2025,15,Dutch Grand Prix,2025-08-31,tsunoda,Yuki Tsunoda,red_bull,Red Bull,0.128555,15,0.000000,2.000000,9,2.424307,0.220205,0.136364,0.103735
points_calibrated_top10_hybrid,Rank by 70% normalized points and 30% calibrated Top 10 probability.,2025,15,Dutch Grand Prix,2025-08-31,gasly,Pierre Gasly,alpine,Alpine F1 Team,0.105723,16,0.000000,0.000000,17,0.492119,0.369092,0.293103,0.031431
points_calibrated_top10_hybrid,Rank by 70% normalized points and 30% calibrated Top 10 probability.,2025,15,Dutch Grand Prix,2025-08-31,stroll,Lance Stroll,aston_martin,Aston Martin,0.080176,17,0.000000,6.000000,7,0.834671,0.164373,0.166667,0.026306
points_calibrated_top10_hybrid,Rank by 70% normalized points and 30% calibrated Top 10 probability.,2025,15,Dutch Grand Prix,2025-08-31,ocon,Esteban Ocon,haas,Haas F1 Team,0.057005,18,0.000000,1.000000,10,0.193753,0.140364,0.166667,0.002527
points_calibrated_top10_hybrid,Rank by 70% normalized points and 30% calibrated Top 10 probability.,2025,15,Dutch Grand Prix,2025-08-31,colapinto,Franco Colapinto,alpine,Alpine F1 Team,0.005300,19,0.000000,0.000000,11,0.146605,0.089831,0.000000,0.004131
points_calibrated_top10_hybrid,Rank by 70% normalized points and 30% calibrated Top 10 probability.,2025,15,Dutch Grand Prix,2025-08-31,bearman,Oliver Bearman,haas,Haas F1 Team,0.001591,20,0.000000,8.000000,6,0.044017,0.036908,0.000000,0.000719
points_calibrated_top10_hybrid,Rank by 70% normalized points and 30% calibrated Top 10 probability.,2025,16,Italian Grand Prix,2025-09-07,norris,Lando Norris,mclaren,McLaren,0.981801,1,25.000000,18.000000,2,15.745578,0.957961,0.954545,0.939271
points_calibrated_top10_hybrid,Rank by 70% normalized points and 30% calibrated Top 10 probability.,2025,16,Italian Grand Prix,2025-09-07,piastri,Oscar Piastri,mclaren,McLaren,0.969118,2,18.000000,15.000000,3,15.848875,0.851857,0.897059,0.959340
points_calibrated_top10_hybrid,Rank by 70% normalized points and 30% calibrated Top 10 probability.,2025,16,Italian Grand Prix,2025-09-07,max_verstappen,Max Verstappen,red_bull,Red Bull,0.956842,3,15.000000,25.000000,1,15.570943,0.891114,0.897059,0.933124
points_calibrated_top10_hybrid,Rank by 70% normalized points and 30% calibrated Top 10 probability.,2025,16,Italian Grand Prix,2025-09-07,leclerc,Charles Leclerc,ferrari,Ferrari,0.749126,4,12.000000,12.000000,4,10.867982,0.848266,0.897059,0.646756
points_calibrated_top10_hybrid,Rank by 70% normalized points and 30% calibrated Top 10 probability.,2025,16,Italian Grand Prix,2025-09-07,russell,George Russell,mercedes,Mercedes,0.634460,5,10.000000,10.000000,5,8.271818,0.818868,0.897059,0.514207
points_calibrated_top10_hybrid,Rank by 70% normalized points and 30% calibrated Top 10 probability.,2025,16,Italian Grand Prix,2025-09-07,hamilton,Lewis Hamilton,ferrari,Ferrari,0.603484,6,8.000000,8.000000,6,8.658724,0.784618,0.736842,0.683809
points_calibrated_top10_hybrid,Rank by 70% normalized points and 30% calibrated Top 10 probability.,2025,16,Italian Grand Prix,2025-09-07,antonelli,Andrea Kimi Antonelli,mercedes,Mercedes,0.493728,7,6.000000,2.000000,9,6.173719,0.779375,0.736842,0.391244
points_calibrated_top10_hybrid,Rank by 70% normalized points and 30% calibrated Top 10 probability.,2025,16,Italian Grand Prix,2025-09-07,alonso,Fernando Alonso,aston_martin,Aston Martin,0.340895,8,4.000000,0.000000,19,3.288475,0.621471,0.652174,0.023686
points_calibrated_top10_hybrid,Rank by 70% normalized points and 30% calibrated Top 10 probability.,2025,16,Italian Grand Prix,2025-09-07,bortoleto,Gabriel Bortoleto,sauber,Sauber,0.317568,9,2.000000,4.000000,8,2.760316,0.620543,0.652174,0.054787
points_calibrated_top10_hybrid,Rank by 70% normalized points and 30% calibrated Top 10 probability.,2025,16,Italian Grand Prix,2025-09-07,tsunoda,Yuki Tsunoda,red_bull,Red Bull,0.282724,10,1.000000,0.000000,13,3.366339,0.530203,0.446809,0.032191
points_calibrated_top10_hybrid,Rank by 70% normalized points and 30% calibrated Top 10 probability.,2025,16,Italian Grand Prix,2025-09-07,hulkenberg,Nico Hülkenberg,sauber,Sauber,0.202808,11,0.000000,0.000000,20,1.556941,0.500316,0.446809,0.004287
points_calibrated_top10_hybrid,Rank by 70% normalized points and 30% calibrated Top 10 probability.,2025,16,Italian Grand Prix,2025-09-07,albon,Alexander Albon,williams,Williams,0.166852,12,0.000000,6.000000,7,1.687775,0.428622,0.307692,0.038263
points_calibrated_top10_hybrid,Rank by 70% normalized points and 30% calibrated Top 10 probability.,2025,16,Italian Grand Prix,2025-09-07,hadjar,Isack Hadjar,rb,RB F1 Team,0.149570,13,0.000000,1.000000,10,1.429319,0.347747,0.288136,0.041156
points_calibrated_top10_hybrid,Rank by 70% normalized points and 30% calibrated Top 10 probability.,2025,16,Italian Grand Prix,2025-09-07,sainz,Carlos Sainz,williams,Williams,0.134021,14,0.000000,0.000000,11,1.077270,0.376255,0.288136,0.027963
points_calibrated_top10_hybrid,Rank by 70% normalized points and 30% calibrated Top 10 probability.,2025,16,Italian Grand Prix,2025-09-07,bearman,Oliver Bearman,haas,Haas F1 Team,0.120384,15,0.000000,0.000000,12,1.619916,0.236302,0.162791,0.008079
points_calibrated_top10_hybrid,Rank by 70% normalized points and 30% calibrated Top 10 probability.,2025,16,Italian Grand Prix,2025-09-07,ocon,Esteban Ocon,haas,Haas F1 Team,0.102949,16,0.000000,0.000000,15,0.373765,0.353440,0.288136,0.024715
points_calibrated_top10_hybrid,Rank by 70% normalized points and 30% calibrated Top 10 probability.,2025,16,Italian Grand Prix,2025-09-07,lawson,Liam Lawson,rb,RB F1 Team,0.102531,17,0.000000,0.000000,14,0.962961,0.151781,0.200000,0.044538
points_calibrated_top10_hybrid,Rank by 70% normalized points and 30% calibrated Top 10 probability.,2025,16,Italian Grand Prix,2025-09-07,stroll,Lance Stroll,aston_martin,Aston Martin,0.094515,18,0.000000,0.000000,18,1.034205,0.284848,0.162791,0.041509
points_calibrated_top10_hybrid,Rank by 70% normalized points and 30% calibrated Top 10 probability.,2025,16,Italian Grand Prix,2025-09-07,gasly,Pierre Gasly,alpine,Alpine F1 Team,0.021841,19,0.000000,0.000000,16,0.154894,0.081105,0.050000,0.029836
points_calibrated_top10_hybrid,Rank by 70% normalized points and 30% calibrated Top 10 probability.,2025,16,Italian Grand Prix,2025-09-07,colapinto,Franco Colapinto,alpine,Alpine F1 Team,0.018798,20,0.000000,0.000000,17,0.085988,0.075071,0.050000,0.019253
points_calibrated_top10_hybrid,Rank by 70% normalized points and 30% calibrated Top 10 probability.,2025,17,Azerbaijan Grand Prix,2025-09-21,max_verstappen,Max Verstappen,red_bull,Red Bull,0.969118,1,25.000000,25.000000,1,17.322709,0.891114,0.897059,0.903601
points_calibrated_top10_hybrid,Rank by 70% normalized points and 30% calibrated Top 10 probability.,2025,17,Azerbaijan Grand Prix,2025-09-21,norris,Lando Norris,mclaren,McLaren,0.706440,2,18.000000,6.000000,7,10.822299,0.873778,0.897059,0.745469
points_calibrated_top10_hybrid,Rank by 70% normalized points and 30% calibrated Top 10 probability.,2025,17,Azerbaijan Grand Prix,2025-09-21,antonelli,Andrea Kimi Antonelli,mercedes,Mercedes,0.641278,3,15.000000,12.000000,4,9.209748,0.848266,0.897059,0.595469
points_calibrated_top10_hybrid,Rank by 70% normalized points and 30% calibrated Top 10 probability.,2025,17,Azerbaijan Grand Prix,2025-09-21,russell,George Russell,mercedes,Mercedes,0.625813,4,12.000000,18.000000,2,8.827047,0.835499,0.897059,0.702841
points_calibrated_top10_hybrid,Rank by 70% normalized points and 30% calibrated Top 10 probability.,2025,17,Azerbaijan Grand Prix,2025-09-21,piastri,Oscar Piastri,mclaren,McLaren,0.598408,5,10.000000,0.000000,20,9.190452,0.712281,0.756757,0.620421
points_calibrated_top10_hybrid,Rank by 70% normalized points and 30% calibrated Top 10 probability.,2025,17,Azerbaijan Grand Prix,2025-09-21,sainz,Carlos Sainz,williams,Williams,0.585758,6,8.000000,15.000000,3,8.877428,0.780532,0.756757,0.369684
points_calibrated_top10_hybrid,Rank by 70% normalized points and 30% calibrated Top 10 probability.,2025,17,Azerbaijan Grand Prix,2025-09-21,lawson,Liam Lawson,rb,RB F1 Team,0.514993,7,6.000000,10.000000,5,7.126227,0.758427,0.756757,0.544838
points_calibrated_top10_hybrid,Rank by 70% normalized points and 30% calibrated Top 10 probability.,2025,17,Azerbaijan Grand Prix,2025-09-21,tsunoda,Yuki Tsunoda,red_bull,Red Bull,0.444486,8,4.000000,8.000000,6,6.380187,0.650371,0.622222,0.108090
points_calibrated_top10_hybrid,Rank by 70% normalized points and 30% calibrated Top 10 probability.,2025,17,Azerbaijan Grand Prix,2025-09-21,leclerc,Charles Leclerc,ferrari,Ferrari,0.388701,9,2.000000,2.000000,9,4.999680,0.663057,0.622222,0.136359
points_calibrated_top10_hybrid,Rank by 70% normalized points and 30% calibrated Top 10 probability.,2025,17,Azerbaijan Grand Prix,2025-09-21,hadjar,Isack Hadjar,rb,RB F1 Team,0.334700,10,1.000000,1.000000,10,3.663341,0.611048,0.622222,0.076028
points_calibrated_top10_hybrid,Rank by 70% normalized points and 30% calibrated Top 10 probability.,2025,17,Azerbaijan Grand Prix,2025-09-21,hamilton,Lewis Hamilton,ferrari,Ferrari,0.321252,11,0.000000,4.000000,8,4.790769,0.509623,0.425532,0.149415
points_calibrated_top10_hybrid,Rank by 70% normalized points and 30% calibrated Top 10 probability.,2025,17,Azerbaijan Grand Prix,2025-09-21,alonso,Fernando Alonso,aston_martin,Aston Martin,0.240789,12,0.000000,0.000000,15,2.799593,0.528071,0.425532,0.050839
points_calibrated_top10_hybrid,Rank by 70% normalized points and 30% calibrated Top 10 probability.,2025,17,Azerbaijan Grand Prix,2025-09-21,albon,Alexander Albon,williams,Williams,0.153199,13,0.000000,0.000000,13,1.563980,0.304308,0.300000,0.038463
points_calibrated_top10_hybrid,Rank by 70% normalized points and 30% calibrated Top 10 probability.,2025,17,Azerbaijan Grand Prix,2025-09-21,bortoleto,Gabriel Bortoleto,sauber,Sauber,0.146031,14,0.000000,0.000000,11,1.139112,0.401290,0.333333,0.022244
points_calibrated_top10_hybrid,Rank by 70% normalized points and 30% calibrated Top 10 probability.,2025,17,Azerbaijan Grand Prix,2025-09-21,stroll,Lance Stroll,aston_martin,Aston Martin,0.136835,15,0.000000,0.000000,17,1.159018,0.395404,0.300000,0.040894
points_calibrated_top10_hybrid,Rank by 70% normalized points and 30% calibrated Top 10 probability.,2025,17,Azerbaijan Grand Prix,2025-09-21,hulkenberg,Nico Hülkenberg,sauber,Sauber,0.078779,16,0.000000,0.000000,16,0.740952,0.231674,0.162791,0.002735
points_calibrated_top10_hybrid,Rank by 70% normalized points and 30% calibrated Top 10 probability.,2025,17,Azerbaijan Grand Prix,2025-09-21,ocon,Esteban Ocon,haas,Haas F1 Team,0.076094,17,0.000000,0.000000,14,0.398284,0.113878,0.200000,0.002888
points_calibrated_top10_hybrid,Rank by 70% normalized points and 30% calibrated Top 10 probability.,2025,17,Azerbaijan Grand Prix,2025-09-21,bearman,Oliver Bearman,haas,Haas F1 Team,0.067690,18,0.000000,0.000000,12,0.466550,0.253279,0.162791,0.002823
points_calibrated_top10_hybrid,Rank by 70% normalized points and 30% calibrated Top 10 probability.,2025,17,Azerbaijan Grand Prix,2025-09-21,colapinto,Franco Colapinto,alpine,Alpine F1 Team,0.023930,19,0.000000,0.000000,19,0.220998,0.089831,0.050000,0.004768
points_calibrated_top10_hybrid,Rank by 70% normalized points and 30% calibrated Top 10 probability.,2025,17,Azerbaijan Grand Prix,2025-09-21,gasly,Pierre Gasly,alpine,Alpine F1 Team,0.023886,20,0.000000,0.000000,18,0.219909,0.088679,0.050000,0.009756
points_calibrated_top10_hybrid,Rank by 70% normalized points and 30% calibrated Top 10 probability.,2025,18,Singapore Grand Prix,2025-10-05,max_verstappen,Max Verstappen,red_bull,Red Bull,0.969565,1,25.000000,18.000000,2,18.058487,0.872167,0.898551,0.959323
points_calibrated_top10_hybrid,Rank by 70% normalized points and 30% calibrated Top 10 probability.,2025,18,Singapore Grand Prix,2025-10-05,russell,George Russell,mercedes,Mercedes,0.930135,2,18.000000,25.000000,1,16.616100,0.916402,0.953488,0.930319
points_calibrated_top10_hybrid,Rank by 70% normalized points and 30% calibrated Top 10 probability.,2025,18,Singapore Grand Prix,2025-10-05,piastri,Oscar Piastri,mclaren,McLaren,0.879037,3,15.000000,12.000000,4,15.723055,0.899308,0.898551,0.903967
points_calibrated_top10_hybrid,Rank by 70% normalized points and 30% calibrated Top 10 probability.,2025,18,Singapore Grand Prix,2025-10-05,norris,Lando Norris,mclaren,McLaren,0.772028,4,12.000000,15.000000,3,12.537283,0.900639,0.953488,0.694923
points_calibrated_top10_hybrid,Rank by 70% normalized points and 30% calibrated Top 10 probability.,2025,18,Singapore Grand Prix,2025-10-05,antonelli,Andrea Kimi Antonelli,mercedes,Mercedes,0.659646,5,10.000000,10.000000,5,10.063229,0.835176,0.898551,0.541933
points_calibrated_top10_hybrid,Rank by 70% normalized points and 30% calibrated Top 10 probability.,2025,18,Singapore Grand Prix,2025-10-05,hamilton,Lewis Hamilton,ferrari,Ferrari,0.505897,6,8.000000,4.000000,8,7.348381,0.763457,0.736842,0.365033
points_calibrated_top10_hybrid,Rank by 70% normalized points and 30% calibrated Top 10 probability.,2025,18,Singapore Grand Prix,2025-10-05,leclerc,Charles Leclerc,ferrari,Ferrari,0.459376,7,6.000000,8.000000,6,6.148238,0.779375,0.736842,0.195748
points_calibrated_top10_hybrid,Rank by 70% normalized points and 30% calibrated Top 10 probability.,2025,18,Singapore Grand Prix,2025-10-05,hadjar,Isack Hadjar,rb,RB F1 Team,0.349301,8,4.000000,0.000000,11,3.906527,0.648457,0.659574,0.107517
points_calibrated_top10_hybrid,Rank by 70% normalized points and 30% calibrated Top 10 probability.,2025,18,Singapore Grand Prix,2025-10-05,alonso,Fernando Alonso,aston_martin,Aston Martin,0.221003,9,2.000000,6.000000,7,2.408048,0.578281,0.425532,0.006959
points_calibrated_top10_hybrid,Rank by 70% normalized points and 30% calibrated Top 10 probability.,2025,18,Singapore Grand Prix,2025-10-05,tsunoda,Yuki Tsunoda,red_bull,Red Bull,0.206073,10,1.000000,0.000000,12,3.008018,0.386093,0.298246,0.011849
points_calibrated_top10_hybrid,Rank by 70% normalized points and 30% calibrated Top 10 probability.,2025,18,Singapore Grand Prix,2025-10-05,hulkenberg,Nico Hülkenberg,sauber,Sauber,0.193277,11,0.000000,0.000000,20,1.692790,0.550193,0.425532,0.001300
points_calibrated_top10_hybrid,Rank by 70% normalized points and 30% calibrated Top 10 probability.,2025,18,Singapore Grand Prix,2025-10-05,lawson,Liam Lawson,rb,RB F1 Team,0.172558,12,0.000000,0.000000,15,2.143404,0.399578,0.298246,0.055851
points_calibrated_top10_hybrid,Rank by 70% normalized points and 30% calibrated Top 10 probability.,2025,18,Singapore Grand Prix,2025-10-05,bearman,Oliver Bearman,haas,Haas F1 Team,0.167554,13,0.000000,2.000000,9,2.014302,0.332360,0.298246,0.003013
points_calibrated_top10_hybrid,Rank by 70% normalized points and 30% calibrated Top 10 probability.,2025,18,Singapore Grand Prix,2025-10-05,stroll,Lance Stroll,aston_martin,Aston Martin,0.115915,14,0.000000,0.000000,13,0.682133,0.360404,0.298246,0.014459
points_calibrated_top10_hybrid,Rank by 70% normalized points and 30% calibrated Top 10 probability.,2025,18,Singapore Grand Prix,2025-10-05,sainz,Carlos Sainz,williams,Williams,0.110496,15,0.000000,1.000000,10,1.770661,0.239419,0.139535,0.068940
points_calibrated_top10_hybrid,Rank by 70% normalized points and 30% calibrated Top 10 probability.,2025,18,Singapore Grand Prix,2025-10-05,albon,Alexander Albon,williams,Williams,0.108779,16,0.000000,0.000000,14,1.726344,0.294233,0.139535,0.063641
points_calibrated_top10_hybrid,Rank by 70% normalized points and 30% calibrated Top 10 probability.,2025,18,Singapore Grand Prix,2025-10-05,bortoleto,Gabriel Bortoleto,sauber,Sauber,0.106905,17,0.000000,0.000000,17,0.449692,0.360543,0.298246,0.015291
points_calibrated_top10_hybrid,Rank by 70% normalized points and 30% calibrated Top 10 probability.,2025,18,Singapore Grand Prix,2025-10-05,ocon,Esteban Ocon,haas,Haas F1 Team,0.070492,18,0.000000,0.000000,18,0.270666,0.186689,0.200000,0.001079
points_calibrated_top10_hybrid,Rank by 70% normalized points and 30% calibrated Top 10 probability.,2025,18,Singapore Grand Prix,2025-10-05,gasly,Pierre Gasly,alpine,Alpine F1 Team,0.019979,19,0.000000,0.000000,19,0.128439,0.086369,0.050000,0.003752
points_calibrated_top10_hybrid,Rank by 70% normalized points and 30% calibrated Top 10 probability.,2025,18,Singapore Grand Prix,2025-10-05,colapinto,Franco Colapinto,alpine,Alpine F1 Team,0.019256,20,0.000000,0.000000,16,0.109788,0.089831,0.050000,0.001832
points_calibrated_top10_hybrid,Rank by 70% normalized points and 30% calibrated Top 10 probability.,2025,19,United States Grand Prix,2025-10-19,max_verstappen,Max Verstappen,red_bull,Red Bull,0.985714,1,25.000000,25.000000,1,19.308968,0.947902,0.952381,0.964418
points_calibrated_top10_hybrid,Rank by 70% normalized points and 30% calibrated Top 10 probability.,2025,19,United States Grand Prix,2025-10-19,norris,Lando Norris,mclaren,McLaren,0.905495,2,18.000000,18.000000,2,17.096173,0.955131,0.952381,0.933877
points_calibrated_top10_hybrid,Rank by 70% normalized points and 30% calibrated Top 10 probability.,2025,19,United States Grand Prix,2025-10-19,russell,George Russell,mercedes,Mercedes,0.756390,3,15.000000,8.000000,6,12.983223,0.901982,0.952381,0.861960
points_calibrated_top10_hybrid,Rank by 70% normalized points and 30% calibrated Top 10 probability.,2025,19,United States Grand Prix,2025-10-19,piastri,Oscar Piastri,mclaren,McLaren,0.686613,4,12.000000,10.000000,5,11.491942,0.815129,0.900000,0.659607
points_calibrated_top10_hybrid,Rank by 70% normalized points and 30% calibrated Top 10 probability.,2025,19,United States Grand Prix,2025-10-19,leclerc,Charles Leclerc,ferrari,Ferrari,0.655576,5,10.000000,15.000000,3,10.635820,0.865068,0.900000,0.770291
points_calibrated_top10_hybrid,Rank by 70% normalized points and 30% calibrated Top 10 probability.,2025,19,United States Grand Prix,2025-10-19,hamilton,Lewis Hamilton,ferrari,Ferrari,0.554659,6,8.000000,12.000000,4,8.984516,0.797267,0.763158,0.480660
points_calibrated_top10_hybrid,Rank by 70% normalized points and 30% calibrated Top 10 probability.,2025,19,United States Grand Prix,2025-10-19,antonelli,Andrea Kimi Antonelli,mercedes,Mercedes,0.505401,7,6.000000,0.000000,13,7.625761,0.728919,0.763158,0.250138
points_calibrated_top10_hybrid,Rank by 70% normalized points and 30% calibrated Top 10 probability.,2025,19,United States Grand Prix,2025-10-19,sainz,Carlos Sainz,williams,Williams,0.320077,8,4.000000,0.000000,20,3.370929,0.611935,0.659574,0.019901
points_calibrated_top10_hybrid,Rank by 70% normalized points and 30% calibrated Top 10 probability.,2025,19,United States Grand Prix,2025-10-19,alonso,Fernando Alonso,aston_martin,Aston Martin,0.213101,9,2.000000,1.000000,10,2.532917,0.543366,0.404255,0.007289
points_calibrated_top10_hybrid,Rank by 70% normalized points and 30% calibrated Top 10 probability.,2025,19,United States Grand Prix,2025-10-19,tsunoda,Yuki Tsunoda,red_bull,Red Bull,0.206031,10,1.000000,6.000000,7,3.338545,0.375334,0.283333,0.007076
points_calibrated_top10_hybrid,Rank by 70% normalized points and 30% calibrated Top 10 probability.,2025,19,United States Grand Prix,2025-10-19,hulkenberg,Nico Hülkenberg,sauber,Sauber,0.182480,11,0.000000,4.000000,8,1.688262,0.545333,0.404255,0.001234
points_calibrated_top10_hybrid,Rank by 70% normalized points and 30% calibrated Top 10 probability.,2025,19,United States Grand Prix,2025-10-19,lawson,Liam Lawson,rb,RB F1 Team,0.165719,12,0.000000,0.000000,11,1.812818,0.466537,0.333333,0.017257
points_calibrated_top10_hybrid,Rank by 70% normalized points and 30% calibrated Top 10 probability.,2025,19,United States Grand Prix,2025-10-19,bearman,Oliver Bearman,haas,Haas F1 Team,0.122568,13,0.000000,2.000000,9,2.198772,0.251543,0.142857,0.003333
points_calibrated_top10_hybrid,Rank by 70% normalized points and 30% calibrated Top 10 probability.,2025,19,United States Grand Prix,2025-10-19,albon,Alexander Albon,williams,Williams,0.096284,14,0.000000,0.000000,14,1.473747,0.285327,0.142857,0.008370
points_calibrated_top10_hybrid,Rank by 70% normalized points and 30% calibrated Top 10 probability.,2025,19,United States Grand Prix,2025-10-19,gasly,Pierre Gasly,alpine,Alpine F1 Team,0.090886,15,0.000000,0.000000,19,0.162359,0.362382,0.283333,0.005939
points_calibrated_top10_hybrid,Rank by 70% normalized points and 30% calibrated Top 10 probability.,2025,19,United States Grand Prix,2025-10-19,hadjar,Isack Hadjar,rb,RB F1 Team,0.077291,16,0.000000,0.000000,16,0.949820,0.209933,0.142857,0.012866
points_calibrated_top10_hybrid,Rank by 70% normalized points and 30% calibrated Top 10 probability.,2025,19,United States Grand Prix,2025-10-19,stroll,Lance Stroll,aston_martin,Aston Martin,0.077096,17,0.000000,0.000000,12,0.409134,0.187456,0.207547,0.008885
points_calibrated_top10_hybrid,Rank by 70% normalized points and 30% calibrated Top 10 probability.,2025,19,United States Grand Prix,2025-10-19,bortoleto,Gabriel Bortoleto,sauber,Sauber,0.076058,18,0.000000,0.000000,18,0.380500,0.172310,0.207547,0.006777
points_calibrated_top10_hybrid,Rank by 70% normalized points and 30% calibrated Top 10 probability.,2025,19,United States Grand Prix,2025-10-19,ocon,Esteban Ocon,haas,Haas F1 Team,0.067054,19,0.000000,0.000000,15,0.132118,0.189904,0.207547,0.001280
points_calibrated_top10_hybrid,Rank by 70% normalized points and 30% calibrated Top 10 probability.,2025,19,United States Grand Prix,2025-10-19,colapinto,Franco Colapinto,alpine,Alpine F1 Team,0.017575,20,0.000000,0.000000,17,0.090728,0.099026,0.047619,0.003047
points_calibrated_top10_hybrid,Rank by 70% normalized points and 30% calibrated Top 10 probability.,2025,20,Mexico City Grand Prix,2025-10-26,norris,Lando Norris,mclaren,McLaren,0.986364,1,25.000000,25.000000,1,18.400394,0.964184,0.954545,0.922459
points_calibrated_top10_hybrid,Rank by 70% normalized points and 30% calibrated Top 10 probability.,2025,20,Mexico City Grand Prix,2025-10-26,max_verstappen,Max Verstappen,red_bull,Red Bull,0.829671,2,18.000000,15.000000,3,14.746984,0.835499,0.895522,0.852584
points_calibrated_top10_hybrid,Rank by 70% normalized points and 30% calibrated Top 10 probability.,2025,20,Mexico City Grand Prix,2025-10-26,leclerc,Charles Leclerc,ferrari,Ferrari,0.771954,3,15.000000,18.000000,2,13.229819,0.877217,0.895522,0.816149
points_calibrated_top10_hybrid,Rank by 70% normalized points and 30% calibrated Top 10 probability.,2025,20,Mexico City Grand Prix,2025-10-26,russell,George Russell,mercedes,Mercedes,0.759095,4,12.000000,6.000000,7,12.891787,0.841937,0.895522,0.855793
points_calibrated_top10_hybrid,Rank by 70% normalized points and 30% calibrated Top 10 probability.,2025,20,Mexico City Grand Prix,2025-10-26,hamilton,Lewis Hamilton,ferrari,Ferrari,0.699791,5,10.000000,4.000000,8,11.332907,0.850375,0.895522,0.792436
points_calibrated_top10_hybrid,Rank by 70% normalized points and 30% calibrated Top 10 probability.,2025,20,Mexico City Grand Prix,2025-10-26,antonelli,Andrea Kimi Antonelli,mercedes,Mercedes,0.582434,6,8.000000,8.000000,6,8.248025,0.814260,0.895522,0.428618
points_calibrated_top10_hybrid,Rank by 70% normalized points and 30% calibrated Top 10 probability.,2025,20,Mexico City Grand Prix,2025-10-26,piastri,Oscar Piastri,mclaren,McLaren,0.560524,7,6.000000,10.000000,5,8.870235,0.750197,0.743590,0.626131
points_calibrated_top10_hybrid,Rank by 70% normalized points and 30% calibrated Top 10 probability.,2025,20,Mexico City Grand Prix,2025-10-26,sainz,Carlos Sainz,williams,Williams,0.354377,8,4.000000,0.000000,17,4.113931,0.673739,0.659574,0.062378
points_calibrated_top10_hybrid,Rank by 70% normalized points and 30% calibrated Top 10 probability.,2025,20,Mexico City Grand Prix,2025-10-26,tsunoda,Yuki Tsunoda,red_bull,Red Bull,0.306534,9,2.000000,0.000000,11,4.534163,0.500893,0.446809,0.036998
points_calibrated_top10_hybrid,Rank by 70% normalized points and 30% calibrated Top 10 probability.,2025,20,Mexico City Grand Prix,2025-10-26,hadjar,Isack Hadjar,rb,RB F1 Team,0.232250,10,1.000000,0.000000,13,2.581502,0.567544,0.446809,0.052674
points_calibrated_top10_hybrid,Rank by 70% normalized points and 30% calibrated Top 10 probability.,2025,20,Mexico City Grand Prix,2025-10-26,ocon,Esteban Ocon,haas,Haas F1 Team,0.145004,11,0.000000,2.000000,9,1.321346,0.453670,0.315789,0.002995
points_calibrated_top10_hybrid,Rank by 70% normalized points and 30% calibrated Top 10 probability.,2025,20,Mexico City Grand Prix,2025-10-26,albon,Alexander Albon,williams,Williams,0.141657,12,0.000000,0.000000,12,1.357860,0.335810,0.300000,0.016013
points_calibrated_top10_hybrid,Rank by 70% normalized points and 30% calibrated Top 10 probability.,2025,20,Mexico City Grand Prix,2025-10-26,hulkenberg,Nico Hülkenberg,sauber,Sauber,0.140856,13,0.000000,0.000000,19,1.212306,0.456336,0.315789,0.003357
points_calibrated_top10_hybrid,Rank by 70% normalized points and 30% calibrated Top 10 probability.,2025,20,Mexico City Grand Prix,2025-10-26,alonso,Fernando Alonso,aston_martin,Aston Martin,0.137904,14,0.000000,0.000000,18,1.259214,0.343771,0.300000,0.003894
points_calibrated_top10_hybrid,Rank by 70% normalized points and 30% calibrated Top 10 probability.,2025,20,Mexico City Grand Prix,2025-10-26,bearman,Oliver Bearman,haas,Haas F1 Team,0.107272,15,0.000000,12.000000,4,1.880990,0.289816,0.119048,0.002085
points_calibrated_top10_hybrid,Rank by 70% normalized points and 30% calibrated Top 10 probability.,2025,20,Mexico City Grand Prix,2025-10-26,stroll,Lance Stroll,aston_martin,Aston Martin,0.079445,16,0.000000,0.000000,14,0.511147,0.170004,0.200000,0.014353
points_calibrated_top10_hybrid,Rank by 70% normalized points and 30% calibrated Top 10 probability.,2025,20,Mexico City Grand Prix,2025-10-26,lawson,Liam Lawson,rb,RB F1 Team,0.076097,17,0.000000,0.000000,20,1.061517,0.283746,0.119048,0.023918
points_calibrated_top10_hybrid,Rank by 70% normalized points and 30% calibrated Top 10 probability.,2025,20,Mexico City Grand Prix,2025-10-26,bortoleto,Gabriel Bortoleto,sauber,Sauber,0.051012,18,0.000000,1.000000,10,0.402108,0.299584,0.119048,0.009656
points_calibrated_top10_hybrid,Rank by 70% normalized points and 30% calibrated Top 10 probability.,2025,20,Mexico City Grand Prix,2025-10-26,gasly,Pierre Gasly,alpine,Alpine F1 Team,0.019503,19,0.000000,0.000000,15,0.118374,0.084097,0.050000,0.010500
points_calibrated_top10_hybrid,Rank by 70% normalized points and 30% calibrated Top 10 probability.,2025,20,Mexico City Grand Prix,2025-10-26,colapinto,Franco Colapinto,alpine,Alpine F1 Team,0.018251,20,0.000000,0.000000,16,0.085445,0.062445,0.050000,0.002099
points_calibrated_top10_hybrid,Rank by 70% normalized points and 30% calibrated Top 10 probability.,2025,21,São Paulo Grand Prix,2025-11-09,norris,Lando Norris,mclaren,McLaren,0.986364,1,25.000000,25.000000,1,17.767385,0.971348,0.954545,0.919001
points_calibrated_top10_hybrid,Rank by 70% normalized points and 30% calibrated Top 10 probability.,2025,21,São Paulo Grand Prix,2025-11-09,leclerc,Charles Leclerc,ferrari,Ferrari,0.778100,2,18.000000,0.000000,19,12.806998,0.882363,0.911765,0.896711
points_calibrated_top10_hybrid,Rank by 70% normalized points and 30% calibrated Top 10 probability.,2025,21,São Paulo Grand Prix,2025-11-09,antonelli,Andrea Kimi Antonelli,mercedes,Mercedes,0.776180,3,15.000000,18.000000,2,12.758264,0.855411,0.911765,0.859249
points_calibrated_top10_hybrid,Rank by 70% normalized points and 30% calibrated Top 10 probability.,2025,21,São Paulo Grand Prix,2025-11-09,piastri,Oscar Piastri,mclaren,McLaren,0.769477,4,12.000000,10.000000,5,12.588131,0.871463,0.911765,0.813268
points_calibrated_top10_hybrid,Rank by 70% normalized points and 30% calibrated Top 10 probability.,2025,21,São Paulo Grand Prix,2025-11-09,russell,George Russell,mercedes,Mercedes,0.646270,5,10.000000,12.000000,4,9.460887,0.839690,0.911765,0.464605
points_calibrated_top10_hybrid,Rank by 70% normalized points and 30% calibrated Top 10 probability.,2025,21,São Paulo Grand Prix,2025-11-09,max_verstappen,Max Verstappen,red_bull,Red Bull,0.525270,6,8.000000,15.000000,3,10.939224,0.438143,0.314286,0.558931
points_calibrated_top10_hybrid,Rank by 70% normalized points and 30% calibrated Top 10 probability.,2025,21,São Paulo Grand Prix,2025-11-09,hadjar,Isack Hadjar,rb,RB F1 Team,0.422608,7,6.000000,4.000000,8,5.064488,0.731776,0.743590,0.274573
points_calibrated_top10_hybrid,Rank by 70% normalized points and 30% calibrated Top 10 probability.,2025,21,São Paulo Grand Prix,2025-11-09,lawson,Liam Lawson,rb,RB F1 Team,0.329804,8,4.000000,6.000000,7,3.510688,0.644385,0.638298,0.181418
points_calibrated_top10_hybrid,Rank by 70% normalized points and 30% calibrated Top 10 probability.,2025,21,São Paulo Grand Prix,2025-11-09,hamilton,Lewis Hamilton,ferrari,Ferrari,0.287140,9,2.000000,0.000000,18,4.895028,0.461093,0.314286,0.244698
points_calibrated_top10_hybrid,Rank by 70% normalized points and 30% calibrated Top 10 probability.,2025,21,São Paulo Grand Prix,2025-11-09,bortoleto,Gabriel Bortoleto,sauber,Sauber,0.267472,10,1.000000,0.000000,20,3.643815,0.556691,0.413043,0.048932
points_calibrated_top10_hybrid,Rank by 70% normalized points and 30% calibrated Top 10 probability.,2025,21,São Paulo Grand Prix,2025-11-09,bearman,Oliver Bearman,haas,Haas F1 Team,0.213856,11,0.000000,8.000000,6,3.034924,0.437260,0.314286,0.042296
points_calibrated_top10_hybrid,Rank by 70% normalized points and 30% calibrated Top 10 probability.,2025,21,São Paulo Grand Prix,2025-11-09,hulkenberg,Nico Hülkenberg,sauber,Sauber,0.206267,12,0.000000,2.000000,9,2.090304,0.521997,0.413043,0.003671
points_calibrated_top10_hybrid,Rank by 70% normalized points and 30% calibrated Top 10 probability.,2025,21,São Paulo Grand Prix,2025-11-09,gasly,Pierre Gasly,alpine,Alpine F1 Team,0.185045,13,0.000000,1.000000,10,1.551638,0.567737,0.413043,0.072803
points_calibrated_top10_hybrid,Rank by 70% normalized points and 30% calibrated Top 10 probability.,2025,21,São Paulo Grand Prix,2025-11-09,alonso,Fernando Alonso,aston_martin,Aston Martin,0.182271,14,0.000000,0.000000,14,2.233245,0.441761,0.314286,0.017281
points_calibrated_top10_hybrid,Rank by 70% normalized points and 30% calibrated Top 10 probability.,2025,21,São Paulo Grand Prix,2025-11-09,tsunoda,Yuki Tsunoda,red_bull,Red Bull,0.179237,15,0.000000,0.000000,17,2.998260,0.174093,0.203704,0.018828
points_calibrated_top10_hybrid,Rank by 70% normalized points and 30% calibrated Top 10 probability.,2025,21,São Paulo Grand Prix,2025-11-09,albon,Alexander Albon,williams,Williams,0.168707,16,0.000000,0.000000,11,1.888949,0.489099,0.314286,0.025934
points_calibrated_top10_hybrid,Rank by 70% normalized points and 30% calibrated Top 10 probability.,2025,21,São Paulo Grand Prix,2025-11-09,sainz,Carlos Sainz,williams,Williams,0.123189,17,0.000000,0.000000,13,0.842407,0.335300,0.300000,0.041568
points_calibrated_top10_hybrid,Rank by 70% normalized points and 30% calibrated Top 10 probability.,2025,21,São Paulo Grand Prix,2025-11-09,stroll,Lance Stroll,aston_martin,Aston Martin,0.110540,18,0.000000,0.000000,16,0.521350,0.381366,0.300000,0.036449
points_calibrated_top10_hybrid,Rank by 70% normalized points and 30% calibrated Top 10 probability.,2025,21,São Paulo Grand Prix,2025-11-09,ocon,Esteban Ocon,haas,Haas F1 Team,0.083094,19,0.000000,0.000000,12,0.557957,0.155670,0.203704,0.022601
points_calibrated_top10_hybrid,Rank by 70% normalized points and 30% calibrated Top 10 probability.,2025,21,São Paulo Grand Prix,2025-11-09,colapinto,Franco Colapinto,alpine,Alpine F1 Team,0.018438,20,0.000000,0.000000,15,0.105387,0.075071,0.047619,0.020974
points_calibrated_top10_hybrid,Rank by 70% normalized points and 30% calibrated Top 10 probability.,2025,22,Las Vegas Grand Prix,2025-11-23,norris,Lando Norris,mclaren,McLaren,0.993182,1,25.000000,0.000000,19,20.137214,0.975224,0.977273,0.972371
points_calibrated_top10_hybrid,Rank by 70% normalized points and 30% calibrated Top 10 probability.,2025,22,Las Vegas Grand Prix,2025-11-23,max_verstappen,Max Verstappen,red_bull,Red Bull,0.866210,2,18.000000,25.000000,1,17.038864,0.877217,0.913043,0.928607
points_calibrated_top10_hybrid,Rank by 70% normalized points and 30% calibrated Top 10 probability.,2025,22,Las Vegas Grand Prix,2025-11-23,russell,George Russell,mercedes,Mercedes,0.672107,3,15.000000,18.000000,2,11.455019,0.840588,0.913043,0.825052
points_calibrated_top10_hybrid,Rank by 70% normalized points and 30% calibrated Top 10 probability.,2025,22,Las Vegas Grand Prix,2025-11-23,piastri,Oscar Piastri,mclaren,McLaren,0.670736,4,12.000000,0.000000,20,11.415585,0.847434,0.913043,0.813222
points_calibrated_top10_hybrid,Rank by 70% normalized points and 30% calibrated Top 10 probability.,2025,22,Las Vegas Grand Prix,2025-11-23,sainz,Carlos Sainz,williams,Williams,0.480697,5,10.000000,10.000000,5,7.411086,0.772233,0.743590,0.731154
points_calibrated_top10_hybrid,Rank by 70% normalized points and 30% calibrated Top 10 probability.,2025,22,Las Vegas Grand Prix,2025-11-23,leclerc,Charles Leclerc,ferrari,Ferrari,0.448506,6,8.000000,12.000000,4,7.148885,0.671709,0.666667,0.460766
points_calibrated_top10_hybrid,Rank by 70% normalized points and 30% calibrated Top 10 probability.,2025,22,Las Vegas Grand Prix,2025-11-23,lawson,Liam Lawson,rb,RB F1 Team,0.360133,7,6.000000,0.000000,14,4.606615,0.611598,0.666667,0.141632
points_calibrated_top10_hybrid,Rank by 70% normalized points and 30% calibrated Top 10 probability.,2025,22,Las Vegas Grand Prix,2025-11-23,alonso,Fernando Alonso,aston_martin,Aston Martin,0.338702,8,4.000000,0.000000,11,3.990115,0.662663,0.666667,0.055595
points_calibrated_top10_hybrid,Rank by 70% normalized points and 30% calibrated Top 10 probability.,2025,22,Las Vegas Grand Prix,2025-11-23,antonelli,Andrea Kimi Antonelli,mercedes,Mercedes,0.238017,9,2.000000,15.000000,3,4.121801,0.489064,0.315789,0.382461
points_calibrated_top10_hybrid,Rank by 70% normalized points and 30% calibrated Top 10 probability.,2025,22,Las Vegas Grand Prix,2025-11-23,hamilton,Lewis Hamilton,ferrari,Ferrari,0.230246,10,1.000000,4.000000,8,4.242847,0.311667,0.275862,0.336226
points_calibrated_top10_hybrid,Rank by 70% normalized points and 30% calibrated Top 10 probability.,2025,22,Las Vegas Grand Prix,2025-11-23,hadjar,Isack Hadjar,rb,RB F1 Team,0.227026,11,0.000000,8.000000,6,2.966297,0.566048,0.413043,0.080126
points_calibrated_top10_hybrid,Rank by 70% normalized points and 30% calibrated Top 10 probability.,2025,22,Las Vegas Grand Prix,2025-11-23,hulkenberg,Nico Hülkenberg,sauber,Sauber,0.199326,12,0.000000,6.000000,7,2.169430,0.555356,0.413043,0.002192
points_calibrated_top10_hybrid,Rank by 70% normalized points and 30% calibrated Top 10 probability.,2025,22,Las Vegas Grand Prix,2025-11-23,tsunoda,Yuki Tsunoda,red_bull,Red Bull,0.185594,13,0.000000,0.000000,12,2.958318,0.309403,0.275862,0.057486
points_calibrated_top10_hybrid,Rank by 70% normalized points and 30% calibrated Top 10 probability.,2025,22,Las Vegas Grand Prix,2025-11-23,gasly,Pierre Gasly,alpine,Alpine F1 Team,0.174822,14,0.000000,0.000000,13,1.464534,0.544320,0.413043,0.048640
points_calibrated_top10_hybrid,Rank by 70% normalized points and 30% calibrated Top 10 probability.,2025,22,Las Vegas Grand Prix,2025-11-23,stroll,Lance Stroll,aston_martin,Aston Martin,0.137893,15,0.000000,0.000000,18,1.241502,0.452996,0.315789,0.023164
points_calibrated_top10_hybrid,Rank by 70% normalized points and 30% calibrated Top 10 probability.,2025,22,Las Vegas Grand Prix,2025-11-23,albon,Alexander Albon,williams,Williams,0.123460,16,0.000000,0.000000,16,1.170870,0.357333,0.275862,0.014102
points_calibrated_top10_hybrid,Rank by 70% normalized points and 30% calibrated Top 10 probability.,2025,22,Las Vegas Grand Prix,2025-11-23,ocon,Esteban Ocon,haas,Haas F1 Team,0.119059,17,0.000000,2.000000,9,1.044257,0.399896,0.275862,0.007079
points_calibrated_top10_hybrid,Rank by 70% normalized points and 30% calibrated Top 10 probability.,2025,22,Las Vegas Grand Prix,2025-11-23,bearman,Oliver Bearman,haas,Haas F1 Team,0.102509,18,0.000000,1.000000,10,1.350728,0.174957,0.185185,0.021018
points_calibrated_top10_hybrid,Rank by 70% normalized points and 30% calibrated Top 10 probability.,2025,22,Las Vegas Grand Prix,2025-11-23,bortoleto,Gabriel Bortoleto,sauber,Sauber,0.068535,19,0.000000,0.000000,17,0.373394,0.116766,0.185185,0.005415
points_calibrated_top10_hybrid,Rank by 70% normalized points and 30% calibrated Top 10 probability.,2025,22,Las Vegas Grand Prix,2025-11-23,colapinto,Franco Colapinto,alpine,Alpine F1 Team,0.021232,20,0.000000,0.000000,15,0.199836,0.099026,0.047619,0.004733
points_calibrated_top10_hybrid,Rank by 70% normalized points and 30% calibrated Top 10 probability.,2025,23,Qatar Grand Prix,2025-11-30,piastri,Oscar Piastri,mclaren,McLaren,0.986047,1,25.000000,18.000000,2,19.010963,0.905335,0.953488,0.958317
points_calibrated_top10_hybrid,Rank by 70% normalized points and 30% calibrated Top 10 probability.,2025,23,Qatar Grand Prix,2025-11-30,norris,Lando Norris,mclaren,McLaren,0.929742,2,18.000000,12.000000,4,17.481815,0.962123,0.953488,0.938820
points_calibrated_top10_hybrid,Rank by 70% normalized points and 30% calibrated Top 10 probability.,2025,23,Qatar Grand Prix,2025-11-30,max_verstappen,Max Verstappen,red_bull,Red Bull,0.805625,3,15.000000,25.000000,1,14.558582,0.860537,0.898551,0.903099
points_calibrated_top10_hybrid,Rank by 70% normalized points and 30% calibrated Top 10 probability.,2025,23,Qatar Grand Prix,2025-11-30,russell,George Russell,mercedes,Mercedes,0.752327,4,12.000000,8.000000,6,13.111102,0.836017,0.898551,0.858837
points_calibrated_top10_hybrid,Rank by 70% normalized points and 30% calibrated Top 10 probability.,2025,23,Qatar Grand Prix,2025-11-30,antonelli,Andrea Kimi Antonelli,mercedes,Mercedes,0.647323,5,10.000000,10.000000,5,10.259350,0.827138,0.898551,0.641319
points_calibrated_top10_hybrid,Rank by 70% normalized points and 30% calibrated Top 10 probability.,2025,23,Qatar Grand Prix,2025-11-30,hadjar,Isack Hadjar,rb,RB F1 Team,0.425503,6,8.000000,0.000000,18,5.288688,0.732079,0.769231,0.168079
points_calibrated_top10_hybrid,Rank by 70% normalized points and 30% calibrated Top 10 probability.,2025,23,Qatar Grand Prix,2025-11-30,leclerc,Charles Leclerc,ferrari,Ferrari,0.398181,7,6.000000,4.000000,8,5.744429,0.663057,0.622222,0.203443
points_calibrated_top10_hybrid,Rank by 70% normalized points and 30% calibrated Top 10 probability.,2025,23,Qatar Grand Prix,2025-11-30,sainz,Carlos Sainz,williams,Williams,0.344905,8,4.000000,15.000000,3,4.297531,0.678781,0.622222,0.154486
points_calibrated_top10_hybrid,Rank by 70% normalized points and 30% calibrated Top 10 probability.,2025,23,Qatar Grand Prix,2025-11-30,alonso,Fernando Alonso,aston_martin,Aston Martin,0.314956,9,2.000000,6.000000,7,3.484158,0.605866,0.622222,0.022192
points_calibrated_top10_hybrid,Rank by 70% normalized points and 30% calibrated Top 10 probability.,2025,23,Qatar Grand Prix,2025-11-30,hulkenberg,Nico Hülkenberg,sauber,Sauber,0.220149,10,1.000000,0.000000,20,2.338537,0.548106,0.446809,0.003096
points_calibrated_top10_hybrid,Rank by 70% normalized points and 30% calibrated Top 10 probability.,2025,23,Qatar Grand Prix,2025-11-30,hamilton,Lewis Hamilton,ferrari,Ferrari,0.203680,11,0.000000,0.000000,12,3.244620,0.355576,0.280702,0.068748
points_calibrated_top10_hybrid,Rank by 70% normalized points and 30% calibrated Top 10 probability.,2025,23,Qatar Grand Prix,2025-11-30,gasly,Pierre Gasly,alpine,Alpine F1 Team,0.202748,12,0.000000,0.000000,16,1.865926,0.575100,0.446809,0.037065
points_calibrated_top10_hybrid,Rank by 70% normalized points and 30% calibrated Top 10 probability.,2025,23,Qatar Grand Prix,2025-11-30,tsunoda,Yuki Tsunoda,red_bull,Red Bull,0.183919,13,0.000000,1.000000,10,2.707945,0.305876,0.280702,0.086494
points_calibrated_top10_hybrid,Rank by 70% normalized points and 30% calibrated Top 10 probability.,2025,23,Qatar Grand Prix,2025-11-30,lawson,Liam Lawson,rb,RB F1 Team,0.155853,14,0.000000,2.000000,9,1.945698,0.380820,0.280702,0.048482
points_calibrated_top10_hybrid,Rank by 70% normalized points and 30% calibrated Top 10 probability.,2025,23,Qatar Grand Prix,2025-11-30,albon,Alexander Albon,williams,Williams,0.132086,15,0.000000,0.000000,11,1.300225,0.378665,0.280702,0.026390
points_calibrated_top10_hybrid,Rank by 70% normalized points and 30% calibrated Top 10 probability.,2025,23,Qatar Grand Prix,2025-11-30,bearman,Oliver Bearman,haas,Haas F1 Team,0.116117,16,0.000000,0.000000,19,1.827223,0.225617,0.162791,0.023614
points_calibrated_top10_hybrid,Rank by 70% normalized points and 30% calibrated Top 10 probability.,2025,23,Qatar Grand Prix,2025-11-30,bortoleto,Gabriel Bortoleto,sauber,Sauber,0.101719,17,0.000000,0.000000,13,0.475508,0.347708,0.280702,0.012181
points_calibrated_top10_hybrid,Rank by 70% normalized points and 30% calibrated Top 10 probability.,2025,23,Qatar Grand Prix,2025-11-30,ocon,Esteban Ocon,haas,Haas F1 Team,0.081332,18,0.000000,0.000000,15,0.882522,0.201440,0.162791,0.011743
points_calibrated_top10_hybrid,Rank by 70% normalized points and 30% calibrated Top 10 probability.,2025,23,Qatar Grand Prix,2025-11-30,stroll,Lance Stroll,aston_martin,Aston Martin,0.074145,19,0.000000,0.000000,17,0.384148,0.121484,0.200000,0.007389
points_calibrated_top10_hybrid,Rank by 70% normalized points and 30% calibrated Top 10 probability.,2025,23,Qatar Grand Prix,2025-11-30,colapinto,Franco Colapinto,alpine,Alpine F1 Team,0.021263,20,0.000000,0.000000,14,0.189500,0.062445,0.047619,0.003012
points_calibrated_top10_hybrid,Rank by 70% normalized points and 30% calibrated Top 10 probability.,2025,24,Abu Dhabi Grand Prix,2025-12-07,max_verstappen,Max Verstappen,red_bull,Red Bull,0.969118,1,25.000000,25.000000,1,21.752474,0.890867,0.897059,0.970969
points_calibrated_top10_hybrid,Rank by 70% normalized points and 30% calibrated Top 10 probability.,2025,24,Abu Dhabi Grand Prix,2025-12-07,norris,Lando Norris,mclaren,McLaren,0.833818,2,18.000000,15.000000,3,17.012131,0.953669,0.954545,0.932349
points_calibrated_top10_hybrid,Rank by 70% normalized points and 30% calibrated Top 10 probability.,2025,24,Abu Dhabi Grand Prix,2025-12-07,piastri,Oscar Piastri,mclaren,McLaren,0.747156,3,15.000000,18.000000,2,14.855024,0.884220,0.897059,0.923758
points_calibrated_top10_hybrid,Rank by 70% normalized points and 30% calibrated Top 10 probability.,2025,24,Abu Dhabi Grand Prix,2025-12-07,russell,George Russell,mercedes,Mercedes,0.726192,4,12.000000,10.000000,5,14.203575,0.837753,0.897059,0.833922
points_calibrated_top10_hybrid,Rank by 70% normalized points and 30% calibrated Top 10 probability.,2025,24,Abu Dhabi Grand Prix,2025-12-07,leclerc,Charles Leclerc,ferrari,Ferrari,0.569708,5,10.000000,12.000000,4,9.340822,0.835499,0.897059,0.728029
points_calibrated_top10_hybrid,Rank by 70% normalized points and 30% calibrated Top 10 probability.,2025,24,Abu Dhabi Grand Prix,2025-12-07,alonso,Fernando Alonso,aston_martin,Aston Martin,0.396255,6,8.000000,8.000000,6,5.381496,0.701829,0.743590,0.013397
points_calibrated_top10_hybrid,Rank by 70% normalized points and 30% calibrated Top 10 probability.,2025,24,Abu Dhabi Grand Prix,2025-12-07,antonelli,Andrea Kimi Antonelli,mercedes,Mercedes,0.317900,7,6.000000,0.000000,15,5.528239,0.556612,0.466667,0.396193
points_calibrated_top10_hybrid,Rank by 70% normalized points and 30% calibrated Top 10 probability.,2025,24,Abu Dhabi Grand Prix,2025-12-07,ocon,Esteban Ocon,haas,Haas F1 Team,0.280754,8,4.000000,6.000000,7,2.773898,0.606587,0.638298,0.002149
points_calibrated_top10_hybrid,Rank by 70% normalized points and 30% calibrated Top 10 probability.,2025,24,Abu Dhabi Grand Prix,2025-12-07,tsunoda,Yuki Tsunoda,red_bull,Red Bull,0.275034,9,2.000000,0.000000,14,4.196181,0.543523,0.466667,0.052720
points_calibrated_top10_hybrid,Rank by 70% normalized points and 30% calibrated Top 10 probability.,2025,24,Abu Dhabi Grand Prix,2025-12-07,bortoleto,Gabriel Bortoleto,sauber,Sauber,0.247535,10,1.000000,0.000000,11,3.341661,0.549464,0.466667,0.024937
points_calibrated_top10_hybrid,Rank by 70% normalized points and 30% calibrated Top 10 probability.,2025,24,Abu Dhabi Grand Prix,2025-12-07,hadjar,Isack Hadjar,rb,RB F1 Team,0.234647,11,0.000000,0.000000,17,2.941156,0.528518,0.466667,0.060790
points_calibrated_top10_hybrid,Rank by 70% normalized points and 30% calibrated Top 10 probability.,2025,24,Abu Dhabi Grand Prix,2025-12-07,sainz,Carlos Sainz,williams,Williams,0.207826,12,0.000000,0.000000,13,3.350676,0.487565,0.333333,0.031311
points_calibrated_top10_hybrid,Rank by 70% normalized points and 30% calibrated Top 10 probability.,2025,24,Abu Dhabi Grand Prix,2025-12-07,hamilton,Lewis Hamilton,ferrari,Ferrari,0.188952,13,0.000000,4.000000,8,3.254838,0.375950,0.280702,0.043123
points_calibrated_top10_hybrid,Rank by 70% normalized points and 30% calibrated Top 10 probability.,2025,24,Abu Dhabi Grand Prix,2025-12-07,bearman,Oliver Bearman,haas,Haas F1 Team,0.153511,14,0.000000,0.000000,12,2.153506,0.305736,0.280702,0.004153
points_calibrated_top10_hybrid,Rank by 70% normalized points and 30% calibrated Top 10 probability.,2025,24,Abu Dhabi Grand Prix,2025-12-07,albon,Alexander Albon,williams,Williams,0.132651,15,0.000000,0.000000,16,1.505284,0.336329,0.280702,0.009707
points_calibrated_top10_hybrid,Rank by 70% normalized points and 30% calibrated Top 10 probability.,2025,24,Abu Dhabi Grand Prix,2025-12-07,lawson,Liam Lawson,rb,RB F1 Team,0.132068,16,0.000000,0.000000,18,1.487160,0.303027,0.280702,0.032651
points_calibrated_top10_hybrid,Rank by 70% normalized points and 30% calibrated Top 10 probability.,2025,24,Abu Dhabi Grand Prix,2025-12-07,stroll,Lance Stroll,aston_martin,Aston Martin,0.097922,17,0.000000,1.000000,10,0.426081,0.349699,0.280702,0.011491
points_calibrated_top10_hybrid,Rank by 70% normalized points and 30% calibrated Top 10 probability.,2025,24,Abu Dhabi Grand Prix,2025-12-07,hulkenberg,Nico Hülkenberg,sauber,Sauber,0.080696,18,0.000000,2.000000,9,0.812623,0.128500,0.181818,0.001015
points_calibrated_top10_hybrid,Rank by 70% normalized points and 30% calibrated Top 10 probability.,2025,24,Abu Dhabi Grand Prix,2025-12-07,gasly,Pierre Gasly,alpine,Alpine F1 Team,0.018727,19,0.000000,0.000000,19,0.115811,0.074867,0.050000,0.006283
points_calibrated_top10_hybrid,Rank by 70% normalized points and 30% calibrated Top 10 probability.,2025,24,Abu Dhabi Grand Prix,2025-12-07,colapinto,Franco Colapinto,alpine,Alpine F1 Team,0.018061,20,0.000000,0.000000,20,0.095128,0.062445,0.050000,0.001302
podium_top10_points_hybrid,"Rank by 50% normalized points, 30% podium probability, and 20% calibrated Top 10 probability.",2025,1,Australian Grand Prix,2025-03-16,norris,Lando Norris,mclaren,McLaren,0.977362,1,25.000000,25.000000,1,17.452167,0.961243,0.953488,0.955548
podium_top10_points_hybrid,"Rank by 50% normalized points, 30% podium probability, and 20% calibrated Top 10 probability.",2025,1,Australian Grand Prix,2025-03-16,piastri,Oscar Piastri,mclaren,McLaren,0.867909,2,18.000000,2.000000,9,14.444627,0.890570,0.900000,0.913581
podium_top10_points_hybrid,"Rank by 50% normalized points, 30% podium probability, and 20% calibrated Top 10 probability.",2025,1,Australian Grand Prix,2025-03-16,max_verstappen,Max Verstappen,red_bull,Red Bull,0.817338,3,15.000000,18.000000,2,12.236276,0.904619,0.953488,0.920246
podium_top10_points_hybrid,"Rank by 50% normalized points, 30% podium probability, and 20% calibrated Top 10 probability.",2025,1,Australian Grand Prix,2025-03-16,russell,George Russell,mercedes,Mercedes,0.756110,4,12.000000,15.000000,3,12.227821,0.872511,0.900000,0.752621
podium_top10_points_hybrid,"Rank by 50% normalized points, 30% podium probability, and 20% calibrated Top 10 probability.",2025,1,Australian Grand Prix,2025-03-16,leclerc,Charles Leclerc,ferrari,Ferrari,0.603601,5,10.000000,4.000000,8,8.621372,0.779375,0.771429,0.674385
podium_top10_points_hybrid,"Rank by 50% normalized points, 30% podium probability, and 20% calibrated Top 10 probability.",2025,1,Australian Grand Prix,2025-03-16,hamilton,Lewis Hamilton,ferrari,Ferrari,0.471477,6,8.000000,1.000000,10,7.636886,0.768465,0.771429,0.327989
podium_top10_points_hybrid,"Rank by 50% normalized points, 30% podium probability, and 20% calibrated Top 10 probability.",2025,1,Australian Grand Prix,2025-03-16,tsunoda,Yuki Tsunoda,rb,RB F1 Team,0.401647,7,6.000000,0.000000,12,6.504435,0.759156,0.771429,0.203369
podium_top10_points_hybrid,"Rank by 50% normalized points, 30% podium probability, and 20% calibrated Top 10 probability.",2025,1,Australian Grand Prix,2025-03-16,albon,Alexander Albon,williams,Williams,0.312536,8,4.000000,10.000000,5,4.999692,0.770315,0.771429,0.050035
podium_top10_points_hybrid,"Rank by 50% normalized points, 30% podium probability, and 20% calibrated Top 10 probability.",2025,1,Australian Grand Prix,2025-03-16,gasly,Pierre Gasly,alpine,Alpine F1 Team,0.280057,9,2.000000,0.000000,11,3.111780,0.713121,0.771429,0.122064
podium_top10_points_hybrid,"Rank by 50% normalized points, 30% podium probability, and 20% calibrated Top 10 probability.",2025,1,Australian Grand Prix,2025-03-16,sainz,Carlos Sainz,williams,Williams,0.275717,10,1.000000,0.000000,18,4.272235,0.615835,0.673913,0.061788
podium_top10_points_hybrid,"Rank by 50% normalized points, 30% podium probability, and 20% calibrated Top 10 probability.",2025,1,Australian Grand Prix,2025-03-16,hadjar,Isack Hadjar,rb,RB F1 Team,0.198799,11,0.000000,0.000000,20,1.875740,0.628194,0.673913,0.034258
podium_top10_points_hybrid,"Rank by 50% normalized points, 30% podium probability, and 20% calibrated Top 10 probability.",2025,1,Australian Grand Prix,2025-03-16,alonso,Fernando Alonso,aston_martin,Aston Martin,0.169321,12,0.000000,0.000000,17,3.157626,0.484736,0.333333,0.040631
podium_top10_points_hybrid,"Rank by 50% normalized points, 30% podium probability, and 20% calibrated Top 10 probability.",2025,1,Australian Grand Prix,2025-03-16,antonelli,Andrea Kimi Antonelli,mercedes,Mercedes,0.148741,13,0.000000,12.000000,4,2.314336,0.430218,0.333333,0.052565
podium_top10_points_hybrid,"Rank by 50% normalized points, 30% podium probability, and 20% calibrated Top 10 probability.",2025,1,Australian Grand Prix,2025-03-16,lawson,Liam Lawson,red_bull,Red Bull,0.121360,14,0.000000,0.000000,15,1.950797,0.301937,0.283333,0.029344
podium_top10_points_hybrid,"Rank by 50% normalized points, 30% podium probability, and 20% calibrated Top 10 probability.",2025,1,Australian Grand Prix,2025-03-16,stroll,Lance Stroll,aston_martin,Aston Martin,0.118027,15,0.000000,8.000000,6,1.098076,0.545328,0.416667,0.010779
podium_top10_points_hybrid,"Rank by 50% normalized points, 30% podium probability, and 20% calibrated Top 10 probability.",2025,1,Australian Grand Prix,2025-03-16,doohan,Jack Doohan,alpine,Alpine F1 Team,0.102352,16,0.000000,0.000000,19,1.038376,0.489098,0.333333,0.019788
podium_top10_points_hybrid,"Rank by 50% normalized points, 30% podium probability, and 20% calibrated Top 10 probability.",2025,1,Australian Grand Prix,2025-03-16,bortoleto,Gabriel Bortoleto,sauber,Sauber,0.090736,17,0.000000,0.000000,16,0.685593,0.457600,0.333333,0.014756
podium_top10_points_hybrid,"Rank by 50% normalized points, 30% podium probability, and 20% calibrated Top 10 probability.",2025,1,Australian Grand Prix,2025-03-16,hulkenberg,Nico Hülkenberg,sauber,Sauber,0.088922,18,0.000000,6.000000,7,1.097610,0.317032,0.283333,0.002696
podium_top10_points_hybrid,"Rank by 50% normalized points, 30% podium probability, and 20% calibrated Top 10 probability.",2025,1,Australian Grand Prix,2025-03-16,ocon,Esteban Ocon,haas,Haas F1 Team,0.074124,19,0.000000,0.000000,13,1.366289,0.289782,0.162791,0.008073
podium_top10_points_hybrid,"Rank by 50% normalized points, 30% podium probability, and 20% calibrated Top 10 probability.",2025,1,Australian Grand Prix,2025-03-16,bearman,Oliver Bearman,haas,Haas F1 Team,0.066170,20,0.000000,0.000000,14,1.097607,0.261959,0.162791,0.007219
podium_top10_points_hybrid,"Rank by 50% normalized points, 30% podium probability, and 20% calibrated Top 10 probability.",2025,2,Chinese Grand Prix,2025-03-23,piastri,Oscar Piastri,mclaren,McLaren,0.961251,1,25.000000,25.000000,1,16.136247,0.867501,0.911765,0.929660
podium_top10_points_hybrid,"Rank by 50% normalized points, 30% podium probability, and 20% calibrated Top 10 probability.",2025,2,Chinese Grand Prix,2025-03-23,russell,George Russell,mercedes,Mercedes,0.906937,2,18.000000,15.000000,3,14.534163,0.877217,0.911765,0.914088
podium_top10_points_hybrid,"Rank by 50% normalized points, 30% podium probability, and 20% calibrated Top 10 probability.",2025,2,Chinese Grand Prix,2025-03-23,norris,Lando Norris,mclaren,McLaren,0.855242,3,15.000000,18.000000,2,12.844645,0.953479,0.954545,0.887758
podium_top10_points_hybrid,"Rank by 50% normalized points, 30% podium probability, and 20% calibrated Top 10 probability.",2025,2,Chinese Grand Prix,2025-03-23,max_verstappen,Max Verstappen,red_bull,Red Bull,0.851227,4,12.000000,12.000000,4,12.933127,0.848266,0.911765,0.893755
podium_top10_points_hybrid,"Rank by 50% normalized points, 30% podium probability, and 20% calibrated Top 10 probability.",2025,2,Chinese Grand Prix,2025-03-23,leclerc,Charles Leclerc,ferrari,Ferrari,0.580856,5,10.000000,0.000000,18,7.252501,0.818868,0.911765,0.579255
podium_top10_points_hybrid,"Rank by 50% normalized points, 30% podium probability, and 20% calibrated Top 10 probability.",2025,2,Chinese Grand Prix,2025-03-23,hamilton,Lewis Hamilton,ferrari,Ferrari,0.478372,6,8.000000,0.000000,19,7.258710,0.758921,0.763158,0.336070
podium_top10_points_hybrid,"Rank by 50% normalized points, 30% podium probability, and 20% calibrated Top 10 probability.",2025,2,Chinese Grand Prix,2025-03-23,antonelli,Andrea Kimi Antonelli,mercedes,Mercedes,0.460479,7,6.000000,8.000000,6,6.061545,0.710544,0.763158,0.400079
podium_top10_points_hybrid,"Rank by 50% normalized points, 30% podium probability, and 20% calibrated Top 10 probability.",2025,2,Chinese Grand Prix,2025-03-23,albon,Alexander Albon,williams,Williams,0.227297,8,4.000000,6.000000,7,3.000789,0.669315,0.638298,0.022181
podium_top10_points_hybrid,"Rank by 50% normalized points, 30% podium probability, and 20% calibrated Top 10 probability.",2025,2,Chinese Grand Prix,2025-03-23,hadjar,Isack Hadjar,rb,RB F1 Team,0.189082,9,2.000000,0.000000,11,3.195863,0.470432,0.342857,0.071610
podium_top10_points_hybrid,"Rank by 50% normalized points, 30% podium probability, and 20% calibrated Top 10 probability.",2025,2,Chinese Grand Prix,2025-03-23,lawson,Liam Lawson,red_bull,Red Bull,0.139599,10,1.000000,0.000000,12,2.390656,0.167736,0.192308,0.090201
podium_top10_points_hybrid,"Rank by 50% normalized points, 30% podium probability, and 20% calibrated Top 10 probability.",2025,2,Chinese Grand Prix,2025-03-23,tsunoda,Yuki Tsunoda,rb,RB F1 Team,0.131161,11,0.000000,0.000000,16,1.853909,0.413460,0.342857,0.017148
podium_top10_points_hybrid,"Rank by 50% normalized points, 30% podium probability, and 20% calibrated Top 10 probability.",2025,2,Chinese Grand Prix,2025-03-23,sainz,Carlos Sainz,williams,Williams,0.129790,12,0.000000,1.000000,10,2.046031,0.370823,0.283333,0.032415
podium_top10_points_hybrid,"Rank by 50% normalized points, 30% podium probability, and 20% calibrated Top 10 probability.",2025,2,Chinese Grand Prix,2025-03-23,ocon,Esteban Ocon,haas,Haas F1 Team,0.128984,13,0.000000,10.000000,5,1.399244,0.538081,0.416667,0.007646
podium_top10_points_hybrid,"Rank by 50% normalized points, 30% podium probability, and 20% calibrated Top 10 probability.",2025,2,Chinese Grand Prix,2025-03-23,hulkenberg,Nico Hülkenberg,sauber,Sauber,0.120617,14,0.000000,0.000000,15,1.651657,0.499716,0.342857,0.002890
podium_top10_points_hybrid,"Rank by 50% normalized points, 30% podium probability, and 20% calibrated Top 10 probability.",2025,2,Chinese Grand Prix,2025-03-23,alonso,Fernando Alonso,aston_martin,Aston Martin,0.117649,15,0.000000,0.000000,17,1.512556,0.444776,0.342857,0.007365
podium_top10_points_hybrid,"Rank by 50% normalized points, 30% podium probability, and 20% calibrated Top 10 probability.",2025,2,Chinese Grand Prix,2025-03-23,stroll,Lance Stroll,aston_martin,Aston Martin,0.110236,16,0.000000,2.000000,9,1.054047,0.459723,0.342857,0.030013
podium_top10_points_hybrid,"Rank by 50% normalized points, 30% podium probability, and 20% calibrated Top 10 probability.",2025,2,Chinese Grand Prix,2025-03-23,gasly,Pierre Gasly,alpine,Alpine F1 Team,0.107908,17,0.000000,0.000000,20,0.735946,0.339391,0.283333,0.094790
podium_top10_points_hybrid,"Rank by 50% normalized points, 30% podium probability, and 20% calibrated Top 10 probability.",2025,2,Chinese Grand Prix,2025-03-23,doohan,Jack Doohan,alpine,Alpine F1 Team,0.053603,18,0.000000,0.000000,13,0.381700,0.164224,0.192308,0.011046
podium_top10_points_hybrid,"Rank by 50% normalized points, 30% podium probability, and 20% calibrated Top 10 probability.",2025,2,Chinese Grand Prix,2025-03-23,bortoleto,Gabriel Bortoleto,sauber,Sauber,0.050379,19,0.000000,0.000000,14,0.284448,0.116011,0.192308,0.010344
podium_top10_points_hybrid,"Rank by 50% normalized points, 30% podium probability, and 20% calibrated Top 10 probability.",2025,2,Chinese Grand Prix,2025-03-23,bearman,Oliver Bearman,haas,Haas F1 Team,0.049250,20,0.000000,4.000000,8,0.302419,0.100678,0.192308,0.004725
podium_top10_points_hybrid,"Rank by 50% normalized points, 30% podium probability, and 20% calibrated Top 10 probability.",2025,3,Japanese Grand Prix,2025-04-06,norris,Lando Norris,mclaren,McLaren,0.976256,1,25.000000,18.000000,2,17.959505,0.968872,0.953488,0.951862
podium_top10_points_hybrid,"Rank by 50% normalized points, 30% podium probability, and 20% calibrated Top 10 probability.",2025,3,Japanese Grand Prix,2025-04-06,max_verstappen,Max Verstappen,red_bull,Red Bull,0.957084,2,18.000000,25.000000,1,17.353016,0.925928,0.953488,0.944238
podium_top10_points_hybrid,"Rank by 50% normalized points, 30% podium probability, and 20% calibrated Top 10 probability.",2025,3,Japanese Grand Prix,2025-04-06,piastri,Oscar Piastri,mclaren,McLaren,0.791922,3,15.000000,15.000000,3,12.566317,0.881328,0.897059,0.875531
podium_top10_points_hybrid,"Rank by 50% normalized points, 30% podium probability, and 20% calibrated Top 10 probability.",2025,3,Japanese Grand Prix,2025-04-06,russell,George Russell,mercedes,Mercedes,0.723893,4,12.000000,10.000000,5,11.159004,0.826982,0.897059,0.779366
podium_top10_points_hybrid,"Rank by 50% normalized points, 30% podium probability, and 20% calibrated Top 10 probability.",2025,3,Japanese Grand Prix,2025-04-06,antonelli,Andrea Kimi Antonelli,mercedes,Mercedes,0.550858,5,10.000000,8.000000,6,8.325229,0.809722,0.897059,0.465560
podium_top10_points_hybrid,"Rank by 50% normalized points, 30% podium probability, and 20% calibrated Top 10 probability.",2025,3,Japanese Grand Prix,2025-04-06,leclerc,Charles Leclerc,ferrari,Ferrari,0.483802,6,8.000000,12.000000,4,8.120075,0.848266,0.897059,0.261079
podium_top10_points_hybrid,"Rank by 50% normalized points, 30% podium probability, and 20% calibrated Top 10 probability.",2025,3,Japanese Grand Prix,2025-04-06,hamilton,Lewis Hamilton,ferrari,Ferrari,0.275331,7,6.000000,6.000000,7,4.202586,0.643382,0.622222,0.112948
podium_top10_points_hybrid,"Rank by 50% normalized points, 30% podium probability, and 20% calibrated Top 10 probability.",2025,3,Japanese Grand Prix,2025-04-06,hadjar,Isack Hadjar,rb,RB F1 Team,0.227231,8,4.000000,4.000000,8,3.141904,0.619597,0.622222,0.051050
podium_top10_points_hybrid,"Rank by 50% normalized points, 30% podium probability, and 20% calibrated Top 10 probability.",2025,3,Japanese Grand Prix,2025-04-06,albon,Alexander Albon,williams,Williams,0.224033,9,2.000000,2.000000,9,3.401040,0.678540,0.622222,0.016340
podium_top10_points_hybrid,"Rank by 50% normalized points, 30% podium probability, and 20% calibrated Top 10 probability.",2025,3,Japanese Grand Prix,2025-04-06,gasly,Pierre Gasly,alpine,Alpine F1 Team,0.151472,10,1.000000,0.000000,13,1.679025,0.515396,0.437500,0.057425
podium_top10_points_hybrid,"Rank by 50% normalized points, 30% podium probability, and 20% calibrated Top 10 probability.",2025,3,Japanese Grand Prix,2025-04-06,sainz,Carlos Sainz,williams,Williams,0.132844,11,0.000000,0.000000,14,2.204477,0.478598,0.333333,0.016013
podium_top10_points_hybrid,"Rank by 50% normalized points, 30% podium probability, and 20% calibrated Top 10 probability.",2025,3,Japanese Grand Prix,2025-04-06,bearman,Oliver Bearman,haas,Haas F1 Team,0.130287,12,0.000000,1.000000,10,2.359884,0.372175,0.293103,0.019886
podium_top10_points_hybrid,"Rank by 50% normalized points, 30% podium probability, and 20% calibrated Top 10 probability.",2025,3,Japanese Grand Prix,2025-04-06,tsunoda,Yuki Tsunoda,red_bull,Red Bull,0.106500,13,0.000000,0.000000,12,2.090967,0.298737,0.166667,0.049844
podium_top10_points_hybrid,"Rank by 50% normalized points, 30% podium probability, and 20% calibrated Top 10 probability.",2025,3,Japanese Grand Prix,2025-04-06,alonso,Fernando Alonso,aston_martin,Aston Martin,0.104799,14,0.000000,0.000000,11,1.524399,0.357970,0.293103,0.012460
podium_top10_points_hybrid,"Rank by 50% normalized points, 30% podium probability, and 20% calibrated Top 10 probability.",2025,3,Japanese Grand Prix,2025-04-06,ocon,Esteban Ocon,haas,Haas F1 Team,0.090087,15,0.000000,0.000000,18,1.026010,0.326456,0.293103,0.009671
podium_top10_points_hybrid,"Rank by 50% normalized points, 30% podium probability, and 20% calibrated Top 10 probability.",2025,3,Japanese Grand Prix,2025-04-06,hulkenberg,Nico Hülkenberg,sauber,Sauber,0.078669,16,0.000000,0.000000,16,0.695411,0.360956,0.293103,0.002292
podium_top10_points_hybrid,"Rank by 50% normalized points, 30% podium probability, and 20% calibrated Top 10 probability.",2025,3,Japanese Grand Prix,2025-04-06,stroll,Lance Stroll,aston_martin,Aston Martin,0.063299,17,0.000000,0.000000,20,0.862638,0.232865,0.166667,0.019831
podium_top10_points_hybrid,"Rank by 50% normalized points, 30% podium probability, and 20% calibrated Top 10 probability.",2025,3,Japanese Grand Prix,2025-04-06,lawson,Liam Lawson,rb,RB F1 Team,0.054524,18,0.000000,0.000000,17,0.388125,0.182511,0.203704,0.009927
podium_top10_points_hybrid,"Rank by 50% normalized points, 30% podium probability, and 20% calibrated Top 10 probability.",2025,3,Japanese Grand Prix,2025-04-06,doohan,Jack Doohan,alpine,Alpine F1 Team,0.048732,19,0.000000,0.000000,15,0.214049,0.116452,0.203704,0.006775
podium_top10_points_hybrid,"Rank by 50% normalized points, 30% podium probability, and 20% calibrated Top 10 probability.",2025,3,Japanese Grand Prix,2025-04-06,bortoleto,Gabriel Bortoleto,sauber,Sauber,0.045701,20,0.000000,0.000000,19,0.320206,0.212067,0.166667,0.011509
podium_top10_points_hybrid,"Rank by 50% normalized points, 30% podium probability, and 20% calibrated Top 10 probability.",2025,4,Bahrain Grand Prix,2025-04-13,piastri,Oscar Piastri,mclaren,McLaren,0.974470,1,25.000000,25.000000,1,16.873259,0.929058,0.953488,0.945908
podium_top10_points_hybrid,"Rank by 50% normalized points, 30% podium probability, and 20% calibrated Top 10 probability.",2025,4,Bahrain Grand Prix,2025-04-13,russell,George Russell,mercedes,Mercedes,0.867986,2,18.000000,18.000000,2,14.168480,0.871961,0.913043,0.885089
podium_top10_points_hybrid,"Rank by 50% normalized points, 30% podium probability, and 20% calibrated Top 10 probability.",2025,4,Bahrain Grand Prix,2025-04-13,norris,Lando Norris,mclaren,McLaren,0.771127,3,15.000000,15.000000,3,11.421576,0.925403,0.953488,0.806592
podium_top10_points_hybrid,"Rank by 50% normalized points, 30% podium probability, and 20% calibrated Top 10 probability.",2025,4,Bahrain Grand Prix,2025-04-13,leclerc,Charles Leclerc,ferrari,Ferrari,0.719292,4,12.000000,12.000000,4,10.385719,0.862614,0.913043,0.763089
podium_top10_points_hybrid,"Rank by 50% normalized points, 30% podium probability, and 20% calibrated Top 10 probability.",2025,4,Bahrain Grand Prix,2025-04-13,antonelli,Andrea Kimi Antonelli,mercedes,Mercedes,0.698576,5,10.000000,0.000000,11,10.495567,0.841942,0.913043,0.683185
podium_top10_points_hybrid,"Rank by 50% normalized points, 30% podium probability, and 20% calibrated Top 10 probability.",2025,4,Bahrain Grand Prix,2025-04-13,max_verstappen,Max Verstappen,red_bull,Red Bull,0.588119,6,8.000000,8.000000,6,9.475265,0.779375,0.736842,0.533245
podium_top10_points_hybrid,"Rank by 50% normalized points, 30% podium probability, and 20% calibrated Top 10 probability.",2025,4,Bahrain Grand Prix,2025-04-13,gasly,Pierre Gasly,alpine,Alpine F1 Team,0.338996,7,6.000000,6.000000,7,5.091889,0.709218,0.736842,0.135804
podium_top10_points_hybrid,"Rank by 50% normalized points, 30% podium probability, and 20% calibrated Top 10 probability.",2025,4,Bahrain Grand Prix,2025-04-13,hamilton,Lewis Hamilton,ferrari,Ferrari,0.311650,8,4.000000,10.000000,5,4.376820,0.614623,0.638298,0.180979
podium_top10_points_hybrid,"Rank by 50% normalized points, 30% podium probability, and 20% calibrated Top 10 probability.",2025,4,Bahrain Grand Prix,2025-04-13,tsunoda,Yuki Tsunoda,red_bull,Red Bull,0.214824,9,2.000000,2.000000,9,4.162678,0.457411,0.305556,0.101206
podium_top10_points_hybrid,"Rank by 50% normalized points, 30% podium probability, and 20% calibrated Top 10 probability.",2025,4,Bahrain Grand Prix,2025-04-13,sainz,Carlos Sainz,williams,Williams,0.199033,10,1.000000,0.000000,19,3.070405,0.599442,0.437500,0.068497
podium_top10_points_hybrid,"Rank by 50% normalized points, 30% podium probability, and 20% calibrated Top 10 probability.",2025,4,Bahrain Grand Prix,2025-04-13,doohan,Jack Doohan,alpine,Alpine F1 Team,0.104178,11,0.000000,0.000000,14,1.253505,0.498322,0.305556,0.019739
podium_top10_points_hybrid,"Rank by 50% normalized points, 30% podium probability, and 20% calibrated Top 10 probability.",2025,4,Bahrain Grand Prix,2025-04-13,albon,Alexander Albon,williams,Williams,0.102843,12,0.000000,0.000000,12,1.298985,0.424592,0.305556,0.010799
podium_top10_points_hybrid,"Rank by 50% normalized points, 30% podium probability, and 20% calibrated Top 10 probability.",2025,4,Bahrain Grand Prix,2025-04-13,ocon,Esteban Ocon,haas,Haas F1 Team,0.091135,13,0.000000,4.000000,8,0.900779,0.415776,0.305556,0.011105
podium_top10_points_hybrid,"Rank by 50% normalized points, 30% podium probability, and 20% calibrated Top 10 probability.",2025,4,Bahrain Grand Prix,2025-04-13,alonso,Fernando Alonso,aston_martin,Aston Martin,0.089945,14,0.000000,0.000000,15,0.958403,0.347180,0.300000,0.005149
podium_top10_points_hybrid,"Rank by 50% normalized points, 30% podium probability, and 20% calibrated Top 10 probability.",2025,4,Bahrain Grand Prix,2025-04-13,hadjar,Isack Hadjar,rb,RB F1 Team,0.086712,15,0.000000,0.000000,13,1.349278,0.250408,0.159091,0.049703
podium_top10_points_hybrid,"Rank by 50% normalized points, 30% podium probability, and 20% calibrated Top 10 probability.",2025,4,Bahrain Grand Prix,2025-04-13,hulkenberg,Nico Hülkenberg,sauber,Sauber,0.077905,16,0.000000,0.000000,20,0.586912,0.336327,0.300000,0.001711
podium_top10_points_hybrid,"Rank by 50% normalized points, 30% podium probability, and 20% calibrated Top 10 probability.",2025,4,Bahrain Grand Prix,2025-04-13,bearman,Oliver Bearman,haas,Haas F1 Team,0.062727,17,0.000000,1.000000,10,0.761882,0.143632,0.192308,0.005630
podium_top10_points_hybrid,"Rank by 50% normalized points, 30% podium probability, and 20% calibrated Top 10 probability.",2025,4,Bahrain Grand Prix,2025-04-13,stroll,Lance Stroll,aston_martin,Aston Martin,0.062622,18,0.000000,0.000000,17,0.671075,0.195526,0.192308,0.014248
podium_top10_points_hybrid,"Rank by 50% normalized points, 30% podium probability, and 20% calibrated Top 10 probability.",2025,4,Bahrain Grand Prix,2025-04-13,lawson,Liam Lawson,rb,RB F1 Team,0.049860,19,0.000000,0.000000,16,0.275057,0.129603,0.192308,0.010825
podium_top10_points_hybrid,"Rank by 50% normalized points, 30% podium probability, and 20% calibrated Top 10 probability.",2025,4,Bahrain Grand Prix,2025-04-13,bortoleto,Gabriel Bortoleto,sauber,Sauber,0.046878,20,0.000000,0.000000,18,0.258244,0.129201,0.192308,0.002547
podium_top10_points_hybrid,"Rank by 50% normalized points, 30% podium probability, and 20% calibrated Top 10 probability.",2025,5,Saudi Arabian Grand Prix,2025-04-20,piastri,Oscar Piastri,mclaren,McLaren,0.979475,1,25.000000,25.000000,1,18.003469,0.937574,0.954545,0.961887
podium_top10_points_hybrid,"Rank by 50% normalized points, 30% podium probability, and 20% calibrated Top 10 probability.",2025,5,Saudi Arabian Grand Prix,2025-04-20,max_verstappen,Max Verstappen,red_bull,Red Bull,0.948323,2,18.000000,18.000000,2,17.405625,0.881798,0.898551,0.950721
podium_top10_points_hybrid,"Rank by 50% normalized points, 30% podium probability, and 20% calibrated Top 10 probability.",2025,5,Saudi Arabian Grand Prix,2025-04-20,russell,George Russell,mercedes,Mercedes,0.808351,3,15.000000,10.000000,5,13.197236,0.857430,0.898551,0.873738
podium_top10_points_hybrid,"Rank by 50% normalized points, 30% podium probability, and 20% calibrated Top 10 probability.",2025,5,Saudi Arabian Grand Prix,2025-04-20,leclerc,Charles Leclerc,ferrari,Ferrari,0.633513,4,12.000000,15.000000,3,9.583969,0.848266,0.898551,0.625444
podium_top10_points_hybrid,"Rank by 50% normalized points, 30% podium probability, and 20% calibrated Top 10 probability.",2025,5,Saudi Arabian Grand Prix,2025-04-20,antonelli,Andrea Kimi Antonelli,mercedes,Mercedes,0.582197,5,10.000000,8.000000,6,8.992162,0.736941,0.729730,0.621723
podium_top10_points_hybrid,"Rank by 50% normalized points, 30% podium probability, and 20% calibrated Top 10 probability.",2025,5,Saudi Arabian Grand Prix,2025-04-20,norris,Lando Norris,mclaren,McLaren,0.558878,6,8.000000,12.000000,4,7.744085,0.781691,0.729730,0.659533
podium_top10_points_hybrid,"Rank by 50% normalized points, 30% podium probability, and 20% calibrated Top 10 probability.",2025,5,Saudi Arabian Grand Prix,2025-04-20,hamilton,Lewis Hamilton,ferrari,Ferrari,0.393084,7,6.000000,6.000000,7,5.714309,0.703217,0.729730,0.294794
podium_top10_points_hybrid,"Rank by 50% normalized points, 30% podium probability, and 20% calibrated Top 10 probability.",2025,5,Saudi Arabian Grand Prix,2025-04-20,sainz,Carlos Sainz,williams,Williams,0.276205,8,4.000000,4.000000,8,4.029958,0.660348,0.652174,0.112827
podium_top10_points_hybrid,"Rank by 50% normalized points, 30% podium probability, and 20% calibrated Top 10 probability.",2025,5,Saudi Arabian Grand Prix,2025-04-20,tsunoda,Yuki Tsunoda,red_bull,Red Bull,0.260842,9,2.000000,0.000000,19,4.555793,0.596051,0.425532,0.164035
podium_top10_points_hybrid,"Rank by 50% normalized points, 30% podium probability, and 20% calibrated Top 10 probability.",2025,5,Saudi Arabian Grand Prix,2025-04-20,gasly,Pierre Gasly,alpine,Alpine F1 Team,0.199352,10,1.000000,0.000000,20,2.141713,0.619242,0.652174,0.031455
podium_top10_points_hybrid,"Rank by 50% normalized points, 30% podium probability, and 20% calibrated Top 10 probability.",2025,5,Saudi Arabian Grand Prix,2025-04-20,albon,Alexander Albon,williams,Williams,0.147852,11,0.000000,2.000000,9,2.074941,0.562203,0.425532,0.017064
podium_top10_points_hybrid,"Rank by 50% normalized points, 30% podium probability, and 20% calibrated Top 10 probability.",2025,5,Saudi Arabian Grand Prix,2025-04-20,bearman,Oliver Bearman,haas,Haas F1 Team,0.100105,12,0.000000,0.000000,13,1.137978,0.357412,0.305085,0.024944
podium_top10_points_hybrid,"Rank by 50% normalized points, 30% podium probability, and 20% calibrated Top 10 probability.",2025,5,Saudi Arabian Grand Prix,2025-04-20,alonso,Fernando Alonso,aston_martin,Aston Martin,0.086883,13,0.000000,0.000000,11,0.903317,0.318641,0.305085,0.002595
podium_top10_points_hybrid,"Rank by 50% normalized points, 30% podium probability, and 20% calibrated Top 10 probability.",2025,5,Saudi Arabian Grand Prix,2025-04-20,stroll,Lance Stroll,aston_martin,Aston Martin,0.078628,14,0.000000,0.000000,16,0.479147,0.352970,0.305085,0.014347
podium_top10_points_hybrid,"Rank by 50% normalized points, 30% podium probability, and 20% calibrated Top 10 probability.",2025,5,Saudi Arabian Grand Prix,2025-04-20,lawson,Liam Lawson,rb,RB F1 Team,0.069968,15,0.000000,0.000000,12,1.091514,0.161092,0.196078,0.001462
podium_top10_points_hybrid,"Rank by 50% normalized points, 30% podium probability, and 20% calibrated Top 10 probability.",2025,5,Saudi Arabian Grand Prix,2025-04-20,ocon,Esteban Ocon,haas,Haas F1 Team,0.068936,16,0.000000,0.000000,14,1.123755,0.292118,0.159091,0.019694
podium_top10_points_hybrid,"Rank by 50% normalized points, 30% podium probability, and 20% calibrated Top 10 probability.",2025,5,Saudi Arabian Grand Prix,2025-04-20,hadjar,Isack Hadjar,rb,RB F1 Team,0.055007,17,0.000000,1.000000,10,0.504383,0.128926,0.196078,0.005946
podium_top10_points_hybrid,"Rank by 50% normalized points, 30% podium probability, and 20% calibrated Top 10 probability.",2025,5,Saudi Arabian Grand Prix,2025-04-20,doohan,Jack Doohan,alpine,Alpine F1 Team,0.047770,18,0.000000,0.000000,17,0.241065,0.185413,0.196078,0.006198
podium_top10_points_hybrid,"Rank by 50% normalized points, 30% podium probability, and 20% calibrated Top 10 probability.",2025,5,Saudi Arabian Grand Prix,2025-04-20,hulkenberg,Nico Hülkenberg,sauber,Sauber,0.044936,19,0.000000,0.000000,15,0.197888,0.168180,0.196078,0.000747
podium_top10_points_hybrid,"Rank by 50% normalized points, 30% podium probability, and 20% calibrated Top 10 probability.",2025,5,Saudi Arabian Grand Prix,2025-04-20,bortoleto,Gabriel Bortoleto,sauber,Sauber,0.041904,20,0.000000,0.000000,18,0.080207,0.119587,0.196078,0.001537
podium_top10_points_hybrid,"Rank by 50% normalized points, 30% podium probability, and 20% calibrated Top 10 probability.",2025,6,Miami Grand Prix,2025-05-04,max_verstappen,Max Verstappen,red_bull,Red Bull,0.965624,1,25.000000,12.000000,4,18.369568,0.937716,0.952381,0.917158
podium_top10_points_hybrid,"Rank by 50% normalized points, 30% podium probability, and 20% calibrated Top 10 probability.",2025,6,Miami Grand Prix,2025-05-04,norris,Lando Norris,mclaren,McLaren,0.906429,2,18.000000,18.000000,2,15.959769,0.954522,0.952381,0.938484
podium_top10_points_hybrid,"Rank by 50% normalized points, 30% podium probability, and 20% calibrated Top 10 probability.",2025,6,Miami Grand Prix,2025-05-04,piastri,Oscar Piastri,mclaren,McLaren,0.866719,3,15.000000,25.000000,1,14.842419,0.913460,0.952381,0.907494
podium_top10_points_hybrid,"Rank by 50% normalized points, 30% podium probability, and 20% calibrated Top 10 probability.",2025,6,Miami Grand Prix,2025-05-04,antonelli,Andrea Kimi Antonelli,mercedes,Mercedes,0.712731,4,12.000000,8.000000,6,10.475625,0.846677,0.900000,0.825318
podium_top10_points_hybrid,"Rank by 50% normalized points, 30% podium probability, and 20% calibrated Top 10 probability.",2025,6,Miami Grand Prix,2025-05-04,russell,George Russell,mercedes,Mercedes,0.650358,5,10.000000,15.000000,3,9.967729,0.859730,0.900000,0.663489
podium_top10_points_hybrid,"Rank by 50% normalized points, 30% podium probability, and 20% calibrated Top 10 probability.",2025,6,Miami Grand Prix,2025-05-04,leclerc,Charles Leclerc,ferrari,Ferrari,0.459979,6,8.000000,6.000000,7,7.066853,0.779803,0.743590,0.396362
podium_top10_points_hybrid,"Rank by 50% normalized points, 30% podium probability, and 20% calibrated Top 10 probability.",2025,6,Miami Grand Prix,2025-05-04,sainz,Carlos Sainz,williams,Williams,0.273966,7,6.000000,2.000000,9,4.318857,0.682705,0.630435,0.101081
podium_top10_points_hybrid,"Rank by 50% normalized points, 30% podium probability, and 20% calibrated Top 10 probability.",2025,6,Miami Grand Prix,2025-05-04,hamilton,Lewis Hamilton,ferrari,Ferrari,0.262094,8,4.000000,4.000000,8,4.940308,0.518658,0.404255,0.155909
podium_top10_points_hybrid,"Rank by 50% normalized points, 30% podium probability, and 20% calibrated Top 10 probability.",2025,6,Miami Grand Prix,2025-05-04,albon,Alexander Albon,williams,Williams,0.248195,9,2.000000,10.000000,5,3.712210,0.681540,0.630435,0.070219
podium_top10_points_hybrid,"Rank by 50% normalized points, 30% podium probability, and 20% calibrated Top 10 probability.",2025,6,Miami Grand Prix,2025-05-04,tsunoda,Yuki Tsunoda,red_bull,Red Bull,0.223831,10,1.000000,1.000000,10,4.111316,0.553427,0.404255,0.103581
podium_top10_points_hybrid,"Rank by 50% normalized points, 30% podium probability, and 20% calibrated Top 10 probability.",2025,6,Miami Grand Prix,2025-05-04,ocon,Esteban Ocon,haas,Haas F1 Team,0.135684,11,0.000000,0.000000,12,2.161280,0.455027,0.333333,0.033964
podium_top10_points_hybrid,"Rank by 50% normalized points, 30% podium probability, and 20% calibrated Top 10 probability.",2025,6,Miami Grand Prix,2025-05-04,hadjar,Isack Hadjar,rb,RB F1 Team,0.084310,12,0.000000,0.000000,11,1.759773,0.207201,0.162791,0.012842
podium_top10_points_hybrid,"Rank by 50% normalized points, 30% podium probability, and 20% calibrated Top 10 probability.",2025,6,Miami Grand Prix,2025-05-04,doohan,Jack Doohan,alpine,Alpine F1 Team,0.070913,13,0.000000,0.000000,20,0.336771,0.346742,0.295082,0.009099
podium_top10_points_hybrid,"Rank by 50% normalized points, 30% podium probability, and 20% calibrated Top 10 probability.",2025,6,Miami Grand Prix,2025-05-04,gasly,Pierre Gasly,alpine,Alpine F1 Team,0.064761,14,0.000000,0.000000,13,0.548741,0.164224,0.220000,0.019416
podium_top10_points_hybrid,"Rank by 50% normalized points, 30% podium probability, and 20% calibrated Top 10 probability.",2025,6,Miami Grand Prix,2025-05-04,alonso,Fernando Alonso,aston_martin,Aston Martin,0.063669,15,0.000000,0.000000,15,0.627933,0.175347,0.220000,0.008592
podium_top10_points_hybrid,"Rank by 50% normalized points, 30% podium probability, and 20% calibrated Top 10 probability.",2025,6,Miami Grand Prix,2025-05-04,bearman,Oliver Bearman,haas,Haas F1 Team,0.062935,16,0.000000,0.000000,19,0.602207,0.198443,0.220000,0.008477
podium_top10_points_hybrid,"Rank by 50% normalized points, 30% podium probability, and 20% calibrated Top 10 probability.",2025,6,Miami Grand Prix,2025-05-04,stroll,Lance Stroll,aston_martin,Aston Martin,0.054855,17,0.000000,0.000000,16,0.323708,0.177556,0.220000,0.006813
podium_top10_points_hybrid,"Rank by 50% normalized points, 30% podium probability, and 20% calibrated Top 10 probability.",2025,6,Miami Grand Prix,2025-05-04,lawson,Liam Lawson,rb,RB F1 Team,0.052820,18,0.000000,0.000000,17,0.292239,0.106790,0.220000,0.002886
podium_top10_points_hybrid,"Rank by 50% normalized points, 30% podium probability, and 20% calibrated Top 10 probability.",2025,6,Miami Grand Prix,2025-05-04,hulkenberg,Nico Hülkenberg,sauber,Sauber,0.051682,19,0.000000,0.000000,14,0.275923,0.192857,0.220000,0.000572
podium_top10_points_hybrid,"Rank by 50% normalized points, 30% podium probability, and 20% calibrated Top 10 probability.",2025,6,Miami Grand Prix,2025-05-04,bortoleto,Gabriel Bortoleto,sauber,Sauber,0.045678,20,0.000000,0.000000,18,0.448609,0.228695,0.162791,0.003032
podium_top10_points_hybrid,"Rank by 50% normalized points, 30% podium probability, and 20% calibrated Top 10 probability.",2025,7,Emilia Romagna Grand Prix,2025-05-18,piastri,Oscar Piastri,mclaren,McLaren,0.980324,1,25.000000,15.000000,3,19.294477,0.949714,0.951220,0.966933
podium_top10_points_hybrid,"Rank by 50% normalized points, 30% podium probability, and 20% calibrated Top 10 probability.",2025,7,Emilia Romagna Grand Prix,2025-05-18,max_verstappen,Max Verstappen,red_bull,Red Bull,0.843392,2,18.000000,25.000000,1,14.553887,0.912470,0.951220,0.919989
podium_top10_points_hybrid,"Rank by 50% normalized points, 30% podium probability, and 20% calibrated Top 10 probability.",2025,7,Emilia Romagna Grand Prix,2025-05-18,russell,George Russell,mercedes,Mercedes,0.788881,3,15.000000,6.000000,7,12.903680,0.903569,0.951220,0.880829
podium_top10_points_hybrid,"Rank by 50% normalized points, 30% podium probability, and 20% calibrated Top 10 probability.",2025,7,Emilia Romagna Grand Prix,2025-05-18,norris,Lando Norris,mclaren,McLaren,0.765742,4,12.000000,18.000000,2,12.379548,0.937965,0.951220,0.848976
podium_top10_points_hybrid,"Rank by 50% normalized points, 30% podium probability, and 20% calibrated Top 10 probability.",2025,7,Emilia Romagna Grand Prix,2025-05-18,leclerc,Charles Leclerc,ferrari,Ferrari,0.361555,5,10.000000,8.000000,6,5.152344,0.611101,0.666667,0.315676
podium_top10_points_hybrid,"Rank by 50% normalized points, 30% podium probability, and 20% calibrated Top 10 probability.",2025,7,Emilia Romagna Grand Prix,2025-05-18,sainz,Carlos Sainz,williams,Williams,0.315039,6,8.000000,4.000000,8,4.958266,0.707139,0.736842,0.130605
podium_top10_points_hybrid,"Rank by 50% normalized points, 30% podium probability, and 20% calibrated Top 10 probability.",2025,7,Emilia Romagna Grand Prix,2025-05-18,alonso,Fernando Alonso,aston_martin,Aston Martin,0.287040,7,6.000000,0.000000,11,4.733526,0.688756,0.666667,0.103471
podium_top10_points_hybrid,"Rank by 50% normalized points, 30% podium probability, and 20% calibrated Top 10 probability.",2025,7,Emilia Romagna Grand Prix,2025-05-18,albon,Alexander Albon,williams,Williams,0.276953,8,4.000000,10.000000,5,4.491432,0.709252,0.736842,0.043975
podium_top10_points_hybrid,"Rank by 50% normalized points, 30% podium probability, and 20% calibrated Top 10 probability.",2025,7,Emilia Romagna Grand Prix,2025-05-18,hamilton,Lewis Hamilton,ferrari,Ferrari,0.269187,9,2.000000,12.000000,4,4.337107,0.505501,0.413043,0.247286
podium_top10_points_hybrid,"Rank by 50% normalized points, 30% podium probability, and 20% calibrated Top 10 probability.",2025,7,Emilia Romagna Grand Prix,2025-05-18,antonelli,Andrea Kimi Antonelli,mercedes,Mercedes,0.241914,10,1.000000,0.000000,19,3.882088,0.451285,0.333333,0.248822
podium_top10_points_hybrid,"Rank by 50% normalized points, 30% podium probability, and 20% calibrated Top 10 probability.",2025,7,Emilia Romagna Grand Prix,2025-05-18,stroll,Lance Stroll,aston_martin,Aston Martin,0.213161,11,0.000000,0.000000,15,2.277572,0.637199,0.666667,0.069353
podium_top10_points_hybrid,"Rank by 50% normalized points, 30% podium probability, and 20% calibrated Top 10 probability.",2025,7,Emilia Romagna Grand Prix,2025-05-18,gasly,Pierre Gasly,alpine,Alpine F1 Team,0.165850,12,0.000000,0.000000,13,1.970146,0.577908,0.413043,0.107290
podium_top10_points_hybrid,"Rank by 50% normalized points, 30% podium probability, and 20% calibrated Top 10 probability.",2025,7,Emilia Romagna Grand Prix,2025-05-18,hadjar,Isack Hadjar,rb,RB F1 Team,0.132732,13,0.000000,2.000000,9,1.817109,0.558637,0.413043,0.010114
podium_top10_points_hybrid,"Rank by 50% normalized points, 30% podium probability, and 20% calibrated Top 10 probability.",2025,7,Emilia Romagna Grand Prix,2025-05-18,tsunoda,Yuki Tsunoda,red_bull,Red Bull,0.083566,14,0.000000,1.000000,10,1.957616,0.280440,0.142857,0.014214
podium_top10_points_hybrid,"Rank by 50% normalized points, 30% podium probability, and 20% calibrated Top 10 probability.",2025,7,Emilia Romagna Grand Prix,2025-05-18,ocon,Esteban Ocon,haas,Haas F1 Team,0.059917,15,0.000000,0.000000,20,0.636089,0.160949,0.207547,0.006413
podium_top10_points_hybrid,"Rank by 50% normalized points, 30% podium probability, and 20% calibrated Top 10 probability.",2025,7,Emilia Romagna Grand Prix,2025-05-18,colapinto,Franco Colapinto,alpine,Alpine F1 Team,0.049668,16,0.000000,0.000000,16,0.228679,0.182258,0.207547,0.007442
podium_top10_points_hybrid,"Rank by 50% normalized points, 30% podium probability, and 20% calibrated Top 10 probability.",2025,7,Emilia Romagna Grand Prix,2025-05-18,hulkenberg,Nico Hülkenberg,sauber,Sauber,0.047591,17,0.000000,0.000000,12,0.223751,0.173453,0.207547,0.000944
podium_top10_points_hybrid,"Rank by 50% normalized points, 30% podium probability, and 20% calibrated Top 10 probability.",2025,7,Emilia Romagna Grand Prix,2025-05-18,bearman,Oliver Bearman,haas,Haas F1 Team,0.042571,18,0.000000,0.000000,17,0.446646,0.209705,0.142857,0.008085
podium_top10_points_hybrid,"Rank by 50% normalized points, 30% podium probability, and 20% calibrated Top 10 probability.",2025,7,Emilia Romagna Grand Prix,2025-05-18,bortoleto,Gabriel Bortoleto,sauber,Sauber,0.034113,19,0.000000,0.000000,18,0.175154,0.201840,0.142857,0.003341
podium_top10_points_hybrid,"Rank by 50% normalized points, 30% podium probability, and 20% calibrated Top 10 probability.",2025,7,Emilia Romagna Grand Prix,2025-05-18,lawson,Liam Lawson,rb,RB F1 Team,0.013876,20,0.000000,0.000000,14,0.136288,0.096951,0.047619,0.002736
podium_top10_points_hybrid,"Rank by 50% normalized points, 30% podium probability, and 20% calibrated Top 10 probability.",2025,8,Monaco Grand Prix,2025-05-25,norris,Lando Norris,mclaren,McLaren,0.974138,1,25.000000,25.000000,1,16.710382,0.968978,0.953488,0.944802
podium_top10_points_hybrid,"Rank by 50% normalized points, 30% podium probability, and 20% calibrated Top 10 probability.",2025,8,Monaco Grand Prix,2025-05-25,piastri,Oscar Piastri,mclaren,McLaren,0.920115,2,18.000000,15.000000,3,14.923521,0.925834,0.953488,0.942944
podium_top10_points_hybrid,"Rank by 50% normalized points, 30% podium probability, and 20% calibrated Top 10 probability.",2025,8,Monaco Grand Prix,2025-05-25,leclerc,Charles Leclerc,ferrari,Ferrari,0.852519,3,15.000000,18.000000,2,13.706184,0.877217,0.898551,0.875662
podium_top10_points_hybrid,"Rank by 50% normalized points, 30% podium probability, and 20% calibrated Top 10 probability.",2025,8,Monaco Grand Prix,2025-05-25,max_verstappen,Max Verstappen,red_bull,Red Bull,0.776517,4,12.000000,12.000000,4,11.882826,0.835499,0.898551,0.804182
podium_top10_points_hybrid,"Rank by 50% normalized points, 30% podium probability, and 20% calibrated Top 10 probability.",2025,8,Monaco Grand Prix,2025-05-25,hamilton,Lewis Hamilton,ferrari,Ferrari,0.600771,5,10.000000,10.000000,5,9.428729,0.806804,0.898551,0.463131
podium_top10_points_hybrid,"Rank by 50% normalized points, 30% podium probability, and 20% calibrated Top 10 probability.",2025,8,Monaco Grand Prix,2025-05-25,hadjar,Isack Hadjar,rb,RB F1 Team,0.285761,6,8.000000,8.000000,6,4.290340,0.698697,0.636364,0.100383
podium_top10_points_hybrid,"Rank by 50% normalized points, 30% podium probability, and 20% calibrated Top 10 probability.",2025,8,Monaco Grand Prix,2025-05-25,russell,George Russell,mercedes,Mercedes,0.270016,7,6.000000,0.000000,11,4.347977,0.556612,0.422222,0.184913
podium_top10_points_hybrid,"Rank by 50% normalized points, 30% podium probability, and 20% calibrated Top 10 probability.",2025,8,Monaco Grand Prix,2025-05-25,alonso,Fernando Alonso,aston_martin,Aston Martin,0.241190,8,4.000000,0.000000,19,3.603007,0.628743,0.636364,0.020366
podium_top10_points_hybrid,"Rank by 50% normalized points, 30% podium probability, and 20% calibrated Top 10 probability.",2025,8,Monaco Grand Prix,2025-05-25,albon,Alexander Albon,williams,Williams,0.224369,9,2.000000,2.000000,9,3.131722,0.619368,0.636364,0.011302
podium_top10_points_hybrid,"Rank by 50% normalized points, 30% podium probability, and 20% calibrated Top 10 probability.",2025,8,Monaco Grand Prix,2025-05-25,ocon,Esteban Ocon,haas,Haas F1 Team,0.206381,10,1.000000,6.000000,7,2.453555,0.642835,0.636364,0.018980
podium_top10_points_hybrid,"Rank by 50% normalized points, 30% podium probability, and 20% calibrated Top 10 probability.",2025,8,Monaco Grand Prix,2025-05-25,antonelli,Andrea Kimi Antonelli,mercedes,Mercedes,0.203665,11,0.000000,0.000000,18,3.183406,0.527621,0.422222,0.079894
podium_top10_points_hybrid,"Rank by 50% normalized points, 30% podium probability, and 20% calibrated Top 10 probability.",2025,8,Monaco Grand Prix,2025-05-25,tsunoda,Yuki Tsunoda,red_bull,Red Bull,0.181180,12,0.000000,0.000000,17,3.572100,0.442453,0.342105,0.019587
podium_top10_points_hybrid,"Rank by 50% normalized points, 30% podium probability, and 20% calibrated Top 10 probability.",2025,8,Monaco Grand Prix,2025-05-25,sainz,Carlos Sainz,williams,Williams,0.169025,13,0.000000,1.000000,10,2.556933,0.533140,0.422222,0.026911
podium_top10_points_hybrid,"Rank by 50% normalized points, 30% podium probability, and 20% calibrated Top 10 probability.",2025,8,Monaco Grand Prix,2025-05-25,lawson,Liam Lawson,rb,RB F1 Team,0.136196,14,0.000000,4.000000,8,1.648219,0.541190,0.422222,0.008114
podium_top10_points_hybrid,"Rank by 50% normalized points, 30% podium probability, and 20% calibrated Top 10 probability.",2025,8,Monaco Grand Prix,2025-05-25,hulkenberg,Nico Hülkenberg,sauber,Sauber,0.085723,15,0.000000,0.000000,16,0.558078,0.426608,0.342105,0.002013
podium_top10_points_hybrid,"Rank by 50% normalized points, 30% podium probability, and 20% calibrated Top 10 probability.",2025,8,Monaco Grand Prix,2025-05-25,bortoleto,Gabriel Bortoleto,sauber,Sauber,0.062229,16,0.000000,0.000000,14,0.075872,0.306340,0.295082,0.003141
podium_top10_points_hybrid,"Rank by 50% normalized points, 30% podium probability, and 20% calibrated Top 10 probability.",2025,8,Monaco Grand Prix,2025-05-25,gasly,Pierre Gasly,alpine,Alpine F1 Team,0.061872,17,0.000000,0.000000,20,0.190431,0.134662,0.207547,0.048881
podium_top10_points_hybrid,"Rank by 50% normalized points, 30% podium probability, and 20% calibrated Top 10 probability.",2025,8,Monaco Grand Prix,2025-05-25,bearman,Oliver Bearman,haas,Haas F1 Team,0.049898,18,0.000000,0.000000,12,0.250514,0.138487,0.207547,0.002976
podium_top10_points_hybrid,"Rank by 50% normalized points, 30% podium probability, and 20% calibrated Top 10 probability.",2025,8,Monaco Grand Prix,2025-05-25,stroll,Lance Stroll,aston_martin,Aston Martin,0.048255,19,0.000000,0.000000,15,0.174431,0.183221,0.207547,0.005088
podium_top10_points_hybrid,"Rank by 50% normalized points, 30% podium probability, and 20% calibrated Top 10 probability.",2025,8,Monaco Grand Prix,2025-05-25,colapinto,Franco Colapinto,alpine,Alpine F1 Team,0.011704,20,0.000000,0.000000,13,0.033846,0.098518,0.047619,0.003891
podium_top10_points_hybrid,"Rank by 50% normalized points, 30% podium probability, and 20% calibrated Top 10 probability.",2025,9,Spanish Grand Prix,2025-06-01,norris,Lando Norris,mclaren,McLaren,0.980484,1,25.000000,18.000000,2,16.890375,0.966777,0.952381,0.966692
podium_top10_points_hybrid,"Rank by 50% normalized points, 30% podium probability, and 20% calibrated Top 10 probability.",2025,9,Spanish Grand Prix,2025-06-01,piastri,Oscar Piastri,mclaren,McLaren,0.954601,2,18.000000,25.000000,1,16.186159,0.940596,0.952381,0.949905
podium_top10_points_hybrid,"Rank by 50% normalized points, 30% podium probability, and 20% calibrated Top 10 probability.",2025,9,Spanish Grand Prix,2025-06-01,max_verstappen,Max Verstappen,red_bull,Red Bull,0.847020,3,15.000000,1.000000,10,13.096909,0.913733,0.952381,0.896135
podium_top10_points_hybrid,"Rank by 50% normalized points, 30% podium probability, and 20% calibrated Top 10 probability.",2025,9,Spanish Grand Prix,2025-06-01,russell,George Russell,mercedes,Mercedes,0.714158,4,12.000000,12.000000,4,10.508159,0.852124,0.900000,0.743629
podium_top10_points_hybrid,"Rank by 50% normalized points, 30% podium probability, and 20% calibrated Top 10 probability.",2025,9,Spanish Grand Prix,2025-06-01,hamilton,Lewis Hamilton,ferrari,Ferrari,0.623512,5,10.000000,8.000000,6,9.195802,0.813380,0.900000,0.570974
podium_top10_points_hybrid,"Rank by 50% normalized points, 30% podium probability, and 20% calibrated Top 10 probability.",2025,9,Spanish Grand Prix,2025-06-01,leclerc,Charles Leclerc,ferrari,Ferrari,0.478244,6,8.000000,15.000000,3,7.427987,0.779375,0.763158,0.352415
podium_top10_points_hybrid,"Rank by 50% normalized points, 30% podium probability, and 20% calibrated Top 10 probability.",2025,9,Spanish Grand Prix,2025-06-01,antonelli,Andrea Kimi Antonelli,mercedes,Mercedes,0.463759,7,6.000000,0.000000,18,7.190023,0.737402,0.763158,0.327612
podium_top10_points_hybrid,"Rank by 50% normalized points, 30% podium probability, and 20% calibrated Top 10 probability.",2025,9,Spanish Grand Prix,2025-06-01,hadjar,Isack Hadjar,rb,RB F1 Team,0.252143,8,4.000000,6.000000,7,2.554962,0.621152,0.630435,0.168076
podium_top10_points_hybrid,"Rank by 50% normalized points, 30% podium probability, and 20% calibrated Top 10 probability.",2025,9,Spanish Grand Prix,2025-06-01,gasly,Pierre Gasly,alpine,Alpine F1 Team,0.236221,9,2.000000,4.000000,8,2.360318,0.619202,0.630435,0.134209
podium_top10_points_hybrid,"Rank by 50% normalized points, 30% podium probability, and 20% calibrated Top 10 probability.",2025,9,Spanish Grand Prix,2025-06-01,albon,Alexander Albon,williams,Williams,0.195844,10,1.000000,0.000000,19,2.975746,0.544249,0.437500,0.067515
podium_top10_points_hybrid,"Rank by 50% normalized points, 30% podium probability, and 20% calibrated Top 10 probability.",2025,9,Spanish Grand Prix,2025-06-01,tsunoda,Yuki Tsunoda,red_bull,Red Bull,0.117045,11,0.000000,0.000000,13,2.555537,0.272531,0.175000,0.021314
podium_top10_points_hybrid,"Rank by 50% normalized points, 30% podium probability, and 20% calibrated Top 10 probability.",2025,9,Spanish Grand Prix,2025-06-01,alonso,Fernando Alonso,aston_martin,Aston Martin,0.116221,12,0.000000,2.000000,9,1.801306,0.415206,0.307692,0.004530
podium_top10_points_hybrid,"Rank by 50% normalized points, 30% podium probability, and 20% calibrated Top 10 probability.",2025,9,Spanish Grand Prix,2025-06-01,sainz,Carlos Sainz,williams,Williams,0.094510,13,0.000000,0.000000,14,1.357365,0.289566,0.175000,0.064428
podium_top10_points_hybrid,"Rank by 50% normalized points, 30% podium probability, and 20% calibrated Top 10 probability.",2025,9,Spanish Grand Prix,2025-06-01,ocon,Esteban Ocon,haas,Haas F1 Team,0.082986,14,0.000000,0.000000,16,0.675719,0.310952,0.295082,0.013221
podium_top10_points_hybrid,"Rank by 50% normalized points, 30% podium probability, and 20% calibrated Top 10 probability.",2025,9,Spanish Grand Prix,2025-06-01,lawson,Liam Lawson,rb,RB F1 Team,0.070382,15,0.000000,0.000000,11,0.829445,0.269318,0.175000,0.036093
podium_top10_points_hybrid,"Rank by 50% normalized points, 30% podium probability, and 20% calibrated Top 10 probability.",2025,9,Spanish Grand Prix,2025-06-01,bortoleto,Gabriel Bortoleto,sauber,Sauber,0.065373,16,0.000000,0.000000,12,0.913503,0.224599,0.175000,0.011104
podium_top10_points_hybrid,"Rank by 50% normalized points, 30% podium probability, and 20% calibrated Top 10 probability.",2025,9,Spanish Grand Prix,2025-06-01,bearman,Oliver Bearman,haas,Haas F1 Team,0.051279,17,0.000000,0.000000,17,0.432872,0.220602,0.175000,0.011549
podium_top10_points_hybrid,"Rank by 50% normalized points, 30% podium probability, and 20% calibrated Top 10 probability.",2025,9,Spanish Grand Prix,2025-06-01,hulkenberg,Nico Hülkenberg,sauber,Sauber,0.046524,18,0.000000,10.000000,5,0.287717,0.157874,0.185185,0.003234
podium_top10_points_hybrid,"Rank by 50% normalized points, 30% podium probability, and 20% calibrated Top 10 probability.",2025,9,Spanish Grand Prix,2025-06-01,colapinto,Franco Colapinto,alpine,Alpine F1 Team,0.042093,19,0.000000,0.000000,15,0.074052,0.107778,0.185185,0.009547
podium_top10_points_hybrid,"Rank by 50% normalized points, 30% podium probability, and 20% calibrated Top 10 probability.",2025,10,Canadian Grand Prix,2025-06-15,russell,George Russell,mercedes,Mercedes,0.965863,1,25.000000,25.000000,1,14.863006,0.896706,0.913043,0.944180
podium_top10_points_hybrid,"Rank by 50% normalized points, 30% podium probability, and 20% calibrated Top 10 probability.",2025,10,Canadian Grand Prix,2025-06-15,max_verstappen,Max Verstappen,red_bull,Red Bull,0.954293,2,18.000000,18.000000,2,14.545186,0.912470,0.953488,0.914289
podium_top10_points_hybrid,"Rank by 50% normalized points, 30% podium probability, and 20% calibrated Top 10 probability.",2025,10,Canadian Grand Prix,2025-06-15,piastri,Oscar Piastri,mclaren,McLaren,0.886673,3,15.000000,12.000000,4,13.108704,0.918121,0.953488,0.849969
podium_top10_points_hybrid,"Rank by 50% normalized points, 30% podium probability, and 20% calibrated Top 10 probability.",2025,10,Canadian Grand Prix,2025-06-15,norris,Lando Norris,mclaren,McLaren,0.755819,4,12.000000,0.000000,18,10.616261,0.898375,0.913043,0.720244
podium_top10_points_hybrid,"Rank by 50% normalized points, 30% podium probability, and 20% calibrated Top 10 probability.",2025,10,Canadian Grand Prix,2025-06-15,hamilton,Lewis Hamilton,ferrari,Ferrari,0.719400,5,10.000000,8.000000,6,10.011489,0.820253,0.913043,0.666663
podium_top10_points_hybrid,"Rank by 50% normalized points, 30% podium probability, and 20% calibrated Top 10 probability.",2025,10,Canadian Grand Prix,2025-06-15,antonelli,Andrea Kimi Antonelli,mercedes,Mercedes,0.652700,6,8.000000,15.000000,3,8.939481,0.781210,0.736842,0.682009
podium_top10_points_hybrid,"Rank by 50% normalized points, 30% podium probability, and 20% calibrated Top 10 probability.",2025,10,Canadian Grand Prix,2025-06-15,leclerc,Charles Leclerc,ferrari,Ferrari,0.539548,7,6.000000,10.000000,5,8.029557,0.710544,0.736842,0.406868
podium_top10_points_hybrid,"Rank by 50% normalized points, 30% podium probability, and 20% calibrated Top 10 probability.",2025,10,Canadian Grand Prix,2025-06-15,alonso,Fernando Alonso,aston_martin,Aston Martin,0.278342,8,4.000000,6.000000,7,4.101035,0.650670,0.666667,0.023492
podium_top10_points_hybrid,"Rank by 50% normalized points, 30% podium probability, and 20% calibrated Top 10 probability.",2025,10,Canadian Grand Prix,2025-06-15,albon,Alexander Albon,williams,Williams,0.242471,9,2.000000,0.000000,20,2.946351,0.601978,0.666667,0.033402
podium_top10_points_hybrid,"Rank by 50% normalized points, 30% podium probability, and 20% calibrated Top 10 probability.",2025,10,Canadian Grand Prix,2025-06-15,hadjar,Isack Hadjar,rb,RB F1 Team,0.230376,10,1.000000,0.000000,16,2.143576,0.638910,0.666667,0.083105
podium_top10_points_hybrid,"Rank by 50% normalized points, 30% podium probability, and 20% calibrated Top 10 probability.",2025,10,Canadian Grand Prix,2025-06-15,tsunoda,Yuki Tsunoda,red_bull,Red Bull,0.164105,11,0.000000,0.000000,12,2.737647,0.424799,0.315789,0.029503
podium_top10_points_hybrid,"Rank by 50% normalized points, 30% podium probability, and 20% calibrated Top 10 probability.",2025,10,Canadian Grand Prix,2025-06-15,hulkenberg,Nico Hülkenberg,sauber,Sauber,0.112560,12,0.000000,4.000000,8,1.451817,0.440395,0.315789,0.001873
podium_top10_points_hybrid,"Rank by 50% normalized points, 30% podium probability, and 20% calibrated Top 10 probability.",2025,10,Canadian Grand Prix,2025-06-15,sainz,Carlos Sainz,williams,Williams,0.106126,13,0.000000,1.000000,10,1.295266,0.303282,0.266667,0.030729
podium_top10_points_hybrid,"Rank by 50% normalized points, 30% podium probability, and 20% calibrated Top 10 probability.",2025,10,Canadian Grand Prix,2025-06-15,ocon,Esteban Ocon,haas,Haas F1 Team,0.084423,14,0.000000,2.000000,9,0.751376,0.376568,0.266667,0.019378
podium_top10_points_hybrid,"Rank by 50% normalized points, 30% podium probability, and 20% calibrated Top 10 probability.",2025,10,Canadian Grand Prix,2025-06-15,colapinto,Franco Colapinto,alpine,Alpine F1 Team,0.082223,15,0.000000,0.000000,13,1.397969,0.258280,0.166667,0.006204
podium_top10_points_hybrid,"Rank by 50% normalized points, 30% podium probability, and 20% calibrated Top 10 probability.",2025,10,Canadian Grand Prix,2025-06-15,lawson,Liam Lawson,rb,RB F1 Team,0.071718,16,0.000000,0.000000,19,0.628396,0.152750,0.203704,0.032791
podium_top10_points_hybrid,"Rank by 50% normalized points, 30% podium probability, and 20% calibrated Top 10 probability.",2025,10,Canadian Grand Prix,2025-06-15,stroll,Lance Stroll,aston_martin,Aston Martin,0.055400,17,0.000000,0.000000,17,0.345838,0.139418,0.203704,0.010083
podium_top10_points_hybrid,"Rank by 50% normalized points, 30% podium probability, and 20% calibrated Top 10 probability.",2025,10,Canadian Grand Prix,2025-06-15,bearman,Oliver Bearman,haas,Haas F1 Team,0.054176,18,0.000000,0.000000,11,0.586300,0.234385,0.166667,0.003731
podium_top10_points_hybrid,"Rank by 50% normalized points, 30% podium probability, and 20% calibrated Top 10 probability.",2025,10,Canadian Grand Prix,2025-06-15,bortoleto,Gabriel Bortoleto,sauber,Sauber,0.047166,19,0.000000,0.000000,14,0.351605,0.209976,0.166667,0.006683
podium_top10_points_hybrid,"Rank by 50% normalized points, 30% podium probability, and 20% calibrated Top 10 probability.",2025,10,Canadian Grand Prix,2025-06-15,gasly,Pierre Gasly,alpine,Alpine F1 Team,0.035858,20,0.000000,0.000000,15,0.503911,0.078051,0.047619,0.031275
podium_top10_points_hybrid,"Rank by 50% normalized points, 30% podium probability, and 20% calibrated Top 10 probability.",2025,11,Austrian Grand Prix,2025-06-29,norris,Lando Norris,mclaren,McLaren,0.973135,1,25.000000,25.000000,1,16.238284,0.966464,0.953488,0.941458
podium_top10_points_hybrid,"Rank by 50% normalized points, 30% podium probability, and 20% calibrated Top 10 probability.",2025,11,Austrian Grand Prix,2025-06-29,leclerc,Charles Leclerc,ferrari,Ferrari,0.896913,2,18.000000,15.000000,3,14.729834,0.872672,0.898551,0.878834
podium_top10_points_hybrid,"Rank by 50% normalized points, 30% podium probability, and 20% calibrated Top 10 probability.",2025,11,Austrian Grand Prix,2025-06-29,piastri,Oscar Piastri,mclaren,McLaren,0.865870,3,15.000000,18.000000,2,13.101794,0.915042,0.953488,0.905831
podium_top10_points_hybrid,"Rank by 50% normalized points, 30% podium probability, and 20% calibrated Top 10 probability.",2025,11,Austrian Grand Prix,2025-06-29,hamilton,Lewis Hamilton,ferrari,Ferrari,0.745796,4,12.000000,12.000000,4,10.966931,0.838056,0.898551,0.761329
podium_top10_points_hybrid,"Rank by 50% normalized points, 30% podium probability, and 20% calibrated Top 10 probability.",2025,11,Austrian Grand Prix,2025-06-29,russell,George Russell,mercedes,Mercedes,0.683293,5,10.000000,10.000000,5,9.535196,0.857703,0.898551,0.699936
podium_top10_points_hybrid,"Rank by 50% normalized points, 30% podium probability, and 20% calibrated Top 10 probability.",2025,11,Austrian Grand Prix,2025-06-29,max_verstappen,Max Verstappen,red_bull,Red Bull,0.458049,6,8.000000,0.000000,18,7.707000,0.799858,0.769231,0.222977
podium_top10_points_hybrid,"Rank by 50% normalized points, 30% podium probability, and 20% calibrated Top 10 probability.",2025,11,Austrian Grand Prix,2025-06-29,antonelli,Andrea Kimi Antonelli,mercedes,Mercedes,0.385253,7,6.000000,0.000000,19,5.304489,0.651032,0.652174,0.304952
podium_top10_points_hybrid,"Rank by 50% normalized points, 30% podium probability, and 20% calibrated Top 10 probability.",2025,11,Austrian Grand Prix,2025-06-29,lawson,Liam Lawson,rb,RB F1 Team,0.296088,8,4.000000,8.000000,6,4.281804,0.663527,0.652174,0.112701
podium_top10_points_hybrid,"Rank by 50% normalized points, 30% podium probability, and 20% calibrated Top 10 probability.",2025,11,Austrian Grand Prix,2025-06-29,gasly,Pierre Gasly,alpine,Alpine F1 Team,0.173622,9,2.000000,0.000000,13,1.838851,0.573042,0.425532,0.106316
podium_top10_points_hybrid,"Rank by 50% normalized points, 30% podium probability, and 20% calibrated Top 10 probability.",2025,11,Austrian Grand Prix,2025-06-29,bortoleto,Gabriel Bortoleto,sauber,Sauber,0.168280,10,1.000000,4.000000,8,2.377679,0.560647,0.425532,0.033204
podium_top10_points_hybrid,"Rank by 50% normalized points, 30% podium probability, and 20% calibrated Top 10 probability.",2025,11,Austrian Grand Prix,2025-06-29,albon,Alexander Albon,williams,Williams,0.128722,11,0.000000,0.000000,17,1.841427,0.489099,0.333333,0.017849
podium_top10_points_hybrid,"Rank by 50% normalized points, 30% podium probability, and 20% calibrated Top 10 probability.",2025,11,Austrian Grand Prix,2025-06-29,hadjar,Isack Hadjar,rb,RB F1 Team,0.102589,12,0.000000,0.000000,12,1.159558,0.300102,0.283333,0.034061
podium_top10_points_hybrid,"Rank by 50% normalized points, 30% podium probability, and 20% calibrated Top 10 probability.",2025,11,Austrian Grand Prix,2025-06-29,alonso,Fernando Alonso,aston_martin,Aston Martin,0.091187,13,0.000000,6.000000,7,1.973276,0.276893,0.146341,0.003863
podium_top10_points_hybrid,"Rank by 50% normalized points, 30% podium probability, and 20% calibrated Top 10 probability.",2025,11,Austrian Grand Prix,2025-06-29,tsunoda,Yuki Tsunoda,red_bull,Red Bull,0.088659,14,0.000000,0.000000,16,1.732216,0.267165,0.146341,0.020179
podium_top10_points_hybrid,"Rank by 50% normalized points, 30% podium probability, and 20% calibrated Top 10 probability.",2025,11,Austrian Grand Prix,2025-06-29,ocon,Esteban Ocon,haas,Haas F1 Team,0.079562,15,0.000000,1.000000,10,0.683394,0.313089,0.283333,0.006177
podium_top10_points_hybrid,"Rank by 50% normalized points, 30% podium probability, and 20% calibrated Top 10 probability.",2025,11,Austrian Grand Prix,2025-06-29,sainz,Carlos Sainz,williams,Williams,0.062809,16,0.000000,0.000000,20,0.861475,0.263888,0.146341,0.023381
podium_top10_points_hybrid,"Rank by 50% normalized points, 30% podium probability, and 20% calibrated Top 10 probability.",2025,11,Austrian Grand Prix,2025-06-29,hulkenberg,Nico Hülkenberg,sauber,Sauber,0.059234,17,0.000000,2.000000,9,0.677724,0.138853,0.188679,0.002100
podium_top10_points_hybrid,"Rank by 50% normalized points, 30% podium probability, and 20% calibrated Top 10 probability.",2025,11,Austrian Grand Prix,2025-06-29,stroll,Lance Stroll,aston_martin,Aston Martin,0.049596,18,0.000000,0.000000,14,0.290656,0.181344,0.188679,0.009703
podium_top10_points_hybrid,"Rank by 50% normalized points, 30% podium probability, and 20% calibrated Top 10 probability.",2025,11,Austrian Grand Prix,2025-06-29,colapinto,Franco Colapinto,alpine,Alpine F1 Team,0.046947,19,0.000000,0.000000,15,0.248062,0.113603,0.188679,0.005244
podium_top10_points_hybrid,"Rank by 50% normalized points, 30% podium probability, and 20% calibrated Top 10 probability.",2025,11,Austrian Grand Prix,2025-06-29,bearman,Oliver Bearman,haas,Haas F1 Team,0.041389,20,0.000000,0.000000,11,0.358241,0.260536,0.146341,0.003632
podium_top10_points_hybrid,"Rank by 50% normalized points, 30% podium probability, and 20% calibrated Top 10 probability.",2025,12,British Grand Prix,2025-07-06,max_verstappen,Max Verstappen,red_bull,Red Bull,0.970569,1,25.000000,10.000000,5,16.402736,0.906095,0.952381,0.933644
podium_top10_points_hybrid,"Rank by 50% normalized points, 30% podium probability, and 20% calibrated Top 10 probability.",2025,12,British Grand Prix,2025-07-06,piastri,Oscar Piastri,mclaren,McLaren,0.935127,2,18.000000,18.000000,2,15.213735,0.929615,0.952381,0.936317
podium_top10_points_hybrid,"Rank by 50% normalized points, 30% podium probability, and 20% calibrated Top 10 probability.",2025,12,British Grand Prix,2025-07-06,norris,Lando Norris,mclaren,McLaren,0.842685,3,15.000000,25.000000,1,12.614586,0.947737,0.952381,0.892274
podium_top10_points_hybrid,"Rank by 50% normalized points, 30% podium probability, and 20% calibrated Top 10 probability.",2025,12,British Grand Prix,2025-07-06,russell,George Russell,mercedes,Mercedes,0.740462,4,12.000000,1.000000,10,11.181951,0.835541,0.913043,0.723322
podium_top10_points_hybrid,"Rank by 50% normalized points, 30% podium probability, and 20% calibrated Top 10 probability.",2025,12,British Grand Prix,2025-07-06,hamilton,Lewis Hamilton,ferrari,Ferrari,0.691047,5,10.000000,12.000000,4,10.333887,0.816592,0.913043,0.644777
podium_top10_points_hybrid,"Rank by 50% normalized points, 30% podium probability, and 20% calibrated Top 10 probability.",2025,12,British Grand Prix,2025-07-06,leclerc,Charles Leclerc,ferrari,Ferrari,0.647664,6,8.000000,0.000000,14,9.596406,0.818868,0.913043,0.575102
podium_top10_points_hybrid,"Rank by 50% normalized points, 30% podium probability, and 20% calibrated Top 10 probability.",2025,12,British Grand Prix,2025-07-06,antonelli,Andrea Kimi Antonelli,mercedes,Mercedes,0.440043,7,6.000000,0.000000,16,6.674661,0.768279,0.769231,0.275782
podium_top10_points_hybrid,"Rank by 50% normalized points, 30% podium probability, and 20% calibrated Top 10 probability.",2025,12,British Grand Prix,2025-07-06,alonso,Fernando Alonso,aston_martin,Aston Martin,0.238907,8,4.000000,2.000000,9,3.068161,0.612388,0.638298,0.059072
podium_top10_points_hybrid,"Rank by 50% normalized points, 30% podium probability, and 20% calibrated Top 10 probability.",2025,12,British Grand Prix,2025-07-06,gasly,Pierre Gasly,alpine,Alpine F1 Team,0.174889,9,2.000000,8.000000,6,1.988642,0.558683,0.425532,0.097212
podium_top10_points_hybrid,"Rank by 50% normalized points, 30% podium probability, and 20% calibrated Top 10 probability.",2025,12,British Grand Prix,2025-07-06,sainz,Carlos Sainz,williams,Williams,0.163614,10,1.000000,0.000000,12,2.017317,0.509983,0.425532,0.056714
podium_top10_points_hybrid,"Rank by 50% normalized points, 30% podium probability, and 20% calibrated Top 10 probability.",2025,12,British Grand Prix,2025-07-06,tsunoda,Yuki Tsunoda,red_bull,Red Bull,0.151368,11,0.000000,0.000000,15,2.838347,0.346470,0.310345,0.009261
podium_top10_points_hybrid,"Rank by 50% normalized points, 30% podium probability, and 20% calibrated Top 10 probability.",2025,12,British Grand Prix,2025-07-06,hadjar,Isack Hadjar,rb,RB F1 Team,0.112511,12,0.000000,0.000000,17,1.360442,0.329948,0.310345,0.029908
podium_top10_points_hybrid,"Rank by 50% normalized points, 30% podium probability, and 20% calibrated Top 10 probability.",2025,12,British Grand Prix,2025-07-06,bearman,Oliver Bearman,haas,Haas F1 Team,0.104168,13,0.000000,0.000000,11,1.347800,0.347169,0.310345,0.003381
podium_top10_points_hybrid,"Rank by 50% normalized points, 30% podium probability, and 20% calibrated Top 10 probability.",2025,12,British Grand Prix,2025-07-06,albon,Alexander Albon,williams,Williams,0.094060,14,0.000000,4.000000,8,1.003704,0.403611,0.307692,0.006421
podium_top10_points_hybrid,"Rank by 50% normalized points, 30% podium probability, and 20% calibrated Top 10 probability.",2025,12,British Grand Prix,2025-07-06,ocon,Esteban Ocon,haas,Haas F1 Team,0.079989,15,0.000000,0.000000,13,0.540173,0.385018,0.310345,0.004847
podium_top10_points_hybrid,"Rank by 50% normalized points, 30% podium probability, and 20% calibrated Top 10 probability.",2025,12,British Grand Prix,2025-07-06,hulkenberg,Nico Hülkenberg,sauber,Sauber,0.064391,16,0.000000,15.000000,3,0.951953,0.162581,0.169811,0.004703
podium_top10_points_hybrid,"Rank by 50% normalized points, 30% podium probability, and 20% calibrated Top 10 probability.",2025,12,British Grand Prix,2025-07-06,lawson,Liam Lawson,rb,RB F1 Team,0.063747,17,0.000000,0.000000,19,0.743583,0.251098,0.159091,0.030876
podium_top10_points_hybrid,"Rank by 50% normalized points, 30% podium probability, and 20% calibrated Top 10 probability.",2025,12,British Grand Prix,2025-07-06,bortoleto,Gabriel Bortoleto,sauber,Sauber,0.058225,18,0.000000,0.000000,18,0.576129,0.189625,0.169811,0.022336
podium_top10_points_hybrid,"Rank by 50% normalized points, 30% podium probability, and 20% calibrated Top 10 probability.",2025,12,British Grand Prix,2025-07-06,stroll,Lance Stroll,aston_martin,Aston Martin,0.050081,19,0.000000,6.000000,7,0.369225,0.132395,0.169811,0.016212
podium_top10_points_hybrid,"Rank by 50% normalized points, 30% podium probability, and 20% calibrated Top 10 probability.",2025,12,British Grand Prix,2025-07-06,colapinto,Franco Colapinto,alpine,Alpine F1 Team,0.018142,20,0.000000,0.000000,20,0.217782,0.062445,0.047619,0.006600
podium_top10_points_hybrid,"Rank by 50% normalized points, 30% podium probability, and 20% calibrated Top 10 probability.",2025,13,Belgian Grand Prix,2025-07-27,norris,Lando Norris,mclaren,McLaren,0.978598,1,25.000000,18.000000,2,17.739589,0.969810,0.953488,0.959669
podium_top10_points_hybrid,"Rank by 50% normalized points, 30% podium probability, and 20% calibrated Top 10 probability.",2025,13,Belgian Grand Prix,2025-07-27,piastri,Oscar Piastri,mclaren,McLaren,0.933404,2,18.000000,25.000000,1,16.339358,0.923079,0.953488,0.940574
podium_top10_points_hybrid,"Rank by 50% normalized points, 30% podium probability, and 20% calibrated Top 10 probability.",2025,13,Belgian Grand Prix,2025-07-27,leclerc,Charles Leclerc,ferrari,Ferrari,0.741708,3,15.000000,15.000000,3,11.770864,0.862614,0.898551,0.767433
podium_top10_points_hybrid,"Rank by 50% normalized points, 30% podium probability, and 20% calibrated Top 10 probability.",2025,13,Belgian Grand Prix,2025-07-27,max_verstappen,Max Verstappen,red_bull,Red Bull,0.741619,4,12.000000,12.000000,4,11.252503,0.865908,0.898551,0.815837
podium_top10_points_hybrid,"Rank by 50% normalized points, 30% podium probability, and 20% calibrated Top 10 probability.",2025,13,Belgian Grand Prix,2025-07-27,russell,George Russell,mercedes,Mercedes,0.559581,5,10.000000,10.000000,5,8.643106,0.809560,0.898551,0.454202
podium_top10_points_hybrid,"Rank by 50% normalized points, 30% podium probability, and 20% calibrated Top 10 probability.",2025,13,Belgian Grand Prix,2025-07-27,albon,Alexander Albon,williams,Williams,0.342811,6,8.000000,8.000000,6,5.824244,0.755950,0.743590,0.099778
podium_top10_points_hybrid,"Rank by 50% normalized points, 30% podium probability, and 20% calibrated Top 10 probability.",2025,13,Belgian Grand Prix,2025-07-27,hamilton,Lewis Hamilton,ferrari,Ferrari,0.297247,7,6.000000,6.000000,7,4.964226,0.356974,0.283333,0.335536
podium_top10_points_hybrid,"Rank by 50% normalized points, 30% podium probability, and 20% calibrated Top 10 probability.",2025,13,Belgian Grand Prix,2025-07-27,tsunoda,Yuki Tsunoda,red_bull,Red Bull,0.292032,8,4.000000,0.000000,13,4.914723,0.606792,0.673913,0.062419
podium_top10_points_hybrid,"Rank by 50% normalized points, 30% podium probability, and 20% calibrated Top 10 probability.",2025,13,Belgian Grand Prix,2025-07-27,hadjar,Isack Hadjar,rb,RB F1 Team,0.216620,9,2.000000,0.000000,20,2.347712,0.617218,0.673913,0.052219
podium_top10_points_hybrid,"Rank by 50% normalized points, 30% podium probability, and 20% calibrated Top 10 probability.",2025,13,Belgian Grand Prix,2025-07-27,antonelli,Andrea Kimi Antonelli,mercedes,Mercedes,0.201392,10,1.000000,0.000000,16,3.432531,0.468324,0.324324,0.132598
podium_top10_points_hybrid,"Rank by 50% normalized points, 30% podium probability, and 20% calibrated Top 10 probability.",2025,13,Belgian Grand Prix,2025-07-27,bortoleto,Gabriel Bortoleto,sauber,Sauber,0.161227,11,0.000000,2.000000,9,1.953203,0.539712,0.413043,0.078555
podium_top10_points_hybrid,"Rank by 50% normalized points, 30% podium probability, and 20% calibrated Top 10 probability.",2025,13,Belgian Grand Prix,2025-07-27,lawson,Liam Lawson,rb,RB F1 Team,0.146289,12,0.000000,4.000000,8,1.927943,0.573662,0.413043,0.031134
podium_top10_points_hybrid,"Rank by 50% normalized points, 30% podium probability, and 20% calibrated Top 10 probability.",2025,13,Belgian Grand Prix,2025-07-27,ocon,Esteban Ocon,haas,Haas F1 Team,0.130715,13,0.000000,0.000000,15,1.562749,0.548013,0.413043,0.013530
podium_top10_points_hybrid,"Rank by 50% normalized points, 30% podium probability, and 20% calibrated Top 10 probability.",2025,13,Belgian Grand Prix,2025-07-27,hulkenberg,Nico Hülkenberg,sauber,Sauber,0.115574,14,0.000000,0.000000,12,1.739537,0.414286,0.324324,0.005598
podium_top10_points_hybrid,"Rank by 50% normalized points, 30% podium probability, and 20% calibrated Top 10 probability.",2025,13,Belgian Grand Prix,2025-07-27,gasly,Pierre Gasly,alpine,Alpine F1 Team,0.113167,15,0.000000,1.000000,10,0.851475,0.428331,0.324324,0.081008
podium_top10_points_hybrid,"Rank by 50% normalized points, 30% podium probability, and 20% calibrated Top 10 probability.",2025,13,Belgian Grand Prix,2025-07-27,sainz,Carlos Sainz,williams,Williams,0.080755,16,0.000000,0.000000,18,0.746680,0.328844,0.283333,0.010143
podium_top10_points_hybrid,"Rank by 50% normalized points, 30% podium probability, and 20% calibrated Top 10 probability.",2025,13,Belgian Grand Prix,2025-07-27,alonso,Fernando Alonso,aston_martin,Aston Martin,0.076560,17,0.000000,0.000000,17,1.112779,0.144292,0.203704,0.014850
podium_top10_points_hybrid,"Rank by 50% normalized points, 30% podium probability, and 20% calibrated Top 10 probability.",2025,13,Belgian Grand Prix,2025-07-27,stroll,Lance Stroll,aston_martin,Aston Martin,0.068370,18,0.000000,0.000000,14,0.683023,0.142046,0.203704,0.027927
podium_top10_points_hybrid,"Rank by 50% normalized points, 30% podium probability, and 20% calibrated Top 10 probability.",2025,13,Belgian Grand Prix,2025-07-27,bearman,Oliver Bearman,haas,Haas F1 Team,0.060983,19,0.000000,0.000000,11,0.967386,0.271516,0.159091,0.006329
podium_top10_points_hybrid,"Rank by 50% normalized points, 30% podium probability, and 20% calibrated Top 10 probability.",2025,13,Belgian Grand Prix,2025-07-27,colapinto,Franco Colapinto,alpine,Alpine F1 Team,0.018997,20,0.000000,0.000000,19,0.185484,0.082059,0.047619,0.014151
podium_top10_points_hybrid,"Rank by 50% normalized points, 30% podium probability, and 20% calibrated Top 10 probability.",2025,14,Hungarian Grand Prix,2025-08-03,piastri,Oscar Piastri,mclaren,McLaren,0.972877,1,25.000000,18.000000,2,16.746460,0.933944,0.953488,0.973803
podium_top10_points_hybrid,"Rank by 50% normalized points, 30% podium probability, and 20% calibrated Top 10 probability.",2025,14,Hungarian Grand Prix,2025-08-03,leclerc,Charles Leclerc,ferrari,Ferrari,0.962229,2,18.000000,12.000000,4,17.086869,0.890109,0.900000,0.940765
podium_top10_points_hybrid,"Rank by 50% normalized points, 30% podium probability, and 20% calibrated Top 10 probability.",2025,14,Hungarian Grand Prix,2025-08-03,norris,Lando Norris,mclaren,McLaren,0.916382,3,15.000000,25.000000,1,14.999677,0.929150,0.953488,0.955866
podium_top10_points_hybrid,"Rank by 50% normalized points, 30% podium probability, and 20% calibrated Top 10 probability.",2025,14,Hungarian Grand Prix,2025-08-03,russell,George Russell,mercedes,Mercedes,0.682822,4,12.000000,15.000000,3,9.708172,0.852124,0.900000,0.729132
podium_top10_points_hybrid,"Rank by 50% normalized points, 30% podium probability, and 20% calibrated Top 10 probability.",2025,14,Hungarian Grand Prix,2025-08-03,max_verstappen,Max Verstappen,red_bull,Red Bull,0.395355,5,10.000000,2.000000,9,6.371328,0.754811,0.729730,0.209898
podium_top10_points_hybrid,"Rank by 50% normalized points, 30% podium probability, and 20% calibrated Top 10 probability.",2025,14,Hungarian Grand Prix,2025-08-03,hamilton,Lewis Hamilton,ferrari,Ferrari,0.367922,6,8.000000,0.000000,12,6.150836,0.532102,0.437500,0.334784
podium_top10_points_hybrid,"Rank by 50% normalized points, 30% podium probability, and 20% calibrated Top 10 probability.",2025,14,Hungarian Grand Prix,2025-08-03,alonso,Fernando Alonso,aston_martin,Aston Martin,0.353139,7,6.000000,10.000000,5,5.665710,0.734256,0.729730,0.138007
podium_top10_points_hybrid,"Rank by 50% normalized points, 30% podium probability, and 20% calibrated Top 10 probability.",2025,14,Hungarian Grand Prix,2025-08-03,stroll,Lance Stroll,aston_martin,Aston Martin,0.324328,8,4.000000,6.000000,7,4.569591,0.713551,0.729730,0.148884
podium_top10_points_hybrid,"Rank by 50% normalized points, 30% podium probability, and 20% calibrated Top 10 probability.",2025,14,Hungarian Grand Prix,2025-08-03,bortoleto,Gabriel Bortoleto,sauber,Sauber,0.270146,9,2.000000,8.000000,6,3.793318,0.629973,0.630435,0.110194
podium_top10_points_hybrid,"Rank by 50% normalized points, 30% podium probability, and 20% calibrated Top 10 probability.",2025,14,Hungarian Grand Prix,2025-08-03,lawson,Liam Lawson,rb,RB F1 Team,0.216424,10,1.000000,4.000000,8,2.264560,0.602448,0.630435,0.080236
podium_top10_points_hybrid,"Rank by 50% normalized points, 30% podium probability, and 20% calibrated Top 10 probability.",2025,14,Hungarian Grand Prix,2025-08-03,antonelli,Andrea Kimi Antonelli,mercedes,Mercedes,0.148491,11,0.000000,1.000000,10,2.211936,0.391414,0.283333,0.090326
podium_top10_points_hybrid,"Rank by 50% normalized points, 30% podium probability, and 20% calibrated Top 10 probability.",2025,14,Hungarian Grand Prix,2025-08-03,hadjar,Isack Hadjar,rb,RB F1 Team,0.130741,12,0.000000,0.000000,11,1.650314,0.488688,0.333333,0.052608
podium_top10_points_hybrid,"Rank by 50% normalized points, 30% podium probability, and 20% calibrated Top 10 probability.",2025,14,Hungarian Grand Prix,2025-08-03,sainz,Carlos Sainz,williams,Williams,0.089507,13,0.000000,0.000000,14,1.027276,0.387719,0.283333,0.009266
podium_top10_points_hybrid,"Rank by 50% normalized points, 30% podium probability, and 20% calibrated Top 10 probability.",2025,14,Hungarian Grand Prix,2025-08-03,tsunoda,Yuki Tsunoda,red_bull,Red Bull,0.083185,14,0.000000,0.000000,17,1.583560,0.295198,0.170732,0.008999
podium_top10_points_hybrid,"Rank by 50% normalized points, 30% podium probability, and 20% calibrated Top 10 probability.",2025,14,Hungarian Grand Prix,2025-08-03,hulkenberg,Nico Hülkenberg,sauber,Sauber,0.082554,15,0.000000,0.000000,13,1.608448,0.227028,0.170732,0.004469
podium_top10_points_hybrid,"Rank by 50% normalized points, 30% podium probability, and 20% calibrated Top 10 probability.",2025,14,Hungarian Grand Prix,2025-08-03,albon,Alexander Albon,williams,Williams,0.081136,16,0.000000,0.000000,15,1.315171,0.265349,0.170732,0.028351
podium_top10_points_hybrid,"Rank by 50% normalized points, 30% podium probability, and 20% calibrated Top 10 probability.",2025,14,Hungarian Grand Prix,2025-08-03,gasly,Pierre Gasly,alpine,Alpine F1 Team,0.076779,17,0.000000,0.000000,19,0.588795,0.184778,0.203704,0.062696
podium_top10_points_hybrid,"Rank by 50% normalized points, 30% podium probability, and 20% calibrated Top 10 probability.",2025,14,Hungarian Grand Prix,2025-08-03,bearman,Oliver Bearman,haas,Haas F1 Team,0.072158,18,0.000000,0.000000,20,1.217074,0.253787,0.170732,0.007992
podium_top10_points_hybrid,"Rank by 50% normalized points, 30% podium probability, and 20% calibrated Top 10 probability.",2025,14,Hungarian Grand Prix,2025-08-03,colapinto,Franco Colapinto,alpine,Alpine F1 Team,0.051549,19,0.000000,0.000000,18,0.228201,0.110878,0.203704,0.013770
podium_top10_points_hybrid,"Rank by 50% normalized points, 30% podium probability, and 20% calibrated Top 10 probability.",2025,14,Hungarian Grand Prix,2025-08-03,ocon,Esteban Ocon,haas,Haas F1 Team,0.020657,20,0.000000,0.000000,16,0.306814,0.070156,0.047619,0.007183
podium_top10_points_hybrid,"Rank by 50% normalized points, 30% podium probability, and 20% calibrated Top 10 probability.",2025,15,Dutch Grand Prix,2025-08-31,piastri,Oscar Piastri,mclaren,McLaren,0.986010,1,25.000000,25.000000,1,19.362183,0.943164,0.976744,0.968870
podium_top10_points_hybrid,"Rank by 50% normalized points, 30% podium probability, and 20% calibrated Top 10 probability.",2025,15,Dutch Grand Prix,2025-08-31,norris,Lando Norris,mclaren,McLaren,0.954226,2,18.000000,0.000000,18,18.069802,0.968872,0.976744,0.974171
podium_top10_points_hybrid,"Rank by 50% normalized points, 30% podium probability, and 20% calibrated Top 10 probability.",2025,15,Dutch Grand Prix,2025-08-31,max_verstappen,Max Verstappen,red_bull,Red Bull,0.726933,3,15.000000,18.000000,2,11.577934,0.883079,0.913043,0.817805
podium_top10_points_hybrid,"Rank by 50% normalized points, 30% podium probability, and 20% calibrated Top 10 probability.",2025,15,Dutch Grand Prix,2025-08-31,russell,George Russell,mercedes,Mercedes,0.640172,4,12.000000,12.000000,4,9.124858,0.826631,0.913043,0.739756
podium_top10_points_hybrid,"Rank by 50% normalized points, 30% podium probability, and 20% calibrated Top 10 probability.",2025,15,Dutch Grand Prix,2025-08-31,leclerc,Charles Leclerc,ferrari,Ferrari,0.531967,5,10.000000,0.000000,19,8.543742,0.818868,0.913043,0.429094
podium_top10_points_hybrid,"Rank by 50% normalized points, 30% podium probability, and 20% calibrated Top 10 probability.",2025,15,Dutch Grand Prix,2025-08-31,hamilton,Lewis Hamilton,ferrari,Ferrari,0.423792,6,8.000000,0.000000,20,6.874488,0.738077,0.769231,0.308073
podium_top10_points_hybrid,"Rank by 50% normalized points, 30% podium probability, and 20% calibrated Top 10 probability.",2025,15,Dutch Grand Prix,2025-08-31,hadjar,Isack Hadjar,rb,RB F1 Team,0.371456,7,6.000000,15.000000,3,6.290635,0.613371,0.630435,0.276408
podium_top10_points_hybrid,"Rank by 50% normalized points, 30% podium probability, and 20% calibrated Top 10 probability.",2025,15,Dutch Grand Prix,2025-08-31,antonelli,Andrea Kimi Antonelli,mercedes,Mercedes,0.251550,8,4.000000,0.000000,16,3.710665,0.567686,0.456522,0.214744
podium_top10_points_hybrid,"Rank by 50% normalized points, 30% podium probability, and 20% calibrated Top 10 probability.",2025,15,Dutch Grand Prix,2025-08-31,alonso,Fernando Alonso,aston_martin,Aston Martin,0.202803,9,2.000000,4.000000,8,2.762619,0.601951,0.630435,0.017918
podium_top10_points_hybrid,"Rank by 50% normalized points, 30% podium probability, and 20% calibrated Top 10 probability.",2025,15,Dutch Grand Prix,2025-08-31,lawson,Liam Lawson,rb,RB F1 Team,0.173124,10,1.000000,0.000000,12,2.544702,0.501088,0.456522,0.053689
podium_top10_points_hybrid,"Rank by 50% normalized points, 30% podium probability, and 20% calibrated Top 10 probability.",2025,15,Dutch Grand Prix,2025-08-31,sainz,Carlos Sainz,williams,Williams,0.168496,11,0.000000,0.000000,13,2.262104,0.540456,0.456522,0.062588
podium_top10_points_hybrid,"Rank by 50% normalized points, 30% podium probability, and 20% calibrated Top 10 probability.",2025,15,Dutch Grand Prix,2025-08-31,bortoleto,Gabriel Bortoleto,sauber,Sauber,0.130905,12,0.000000,0.000000,15,1.224312,0.351140,0.293103,0.135560
podium_top10_points_hybrid,"Rank by 50% normalized points, 30% podium probability, and 20% calibrated Top 10 probability.",2025,15,Dutch Grand Prix,2025-08-31,tsunoda,Yuki Tsunoda,red_bull,Red Bull,0.120997,13,0.000000,2.000000,9,2.424307,0.220205,0.136364,0.103735
podium_top10_points_hybrid,"Rank by 50% normalized points, 30% podium probability, and 20% calibrated Top 10 probability.",2025,15,Dutch Grand Prix,2025-08-31,hulkenberg,Nico Hülkenberg,sauber,Sauber,0.100069,14,0.000000,0.000000,14,1.543305,0.304687,0.293103,0.005316
podium_top10_points_hybrid,"Rank by 50% normalized points, 30% podium probability, and 20% calibrated Top 10 probability.",2025,15,Dutch Grand Prix,2025-08-31,albon,Alexander Albon,williams,Williams,0.098745,15,0.000000,10.000000,5,1.351487,0.383768,0.293103,0.017414
podium_top10_points_hybrid,"Rank by 50% normalized points, 30% podium probability, and 20% calibrated Top 10 probability.",2025,15,Dutch Grand Prix,2025-08-31,gasly,Pierre Gasly,alpine,Alpine F1 Team,0.080758,16,0.000000,0.000000,17,0.492119,0.369092,0.293103,0.031431
podium_top10_points_hybrid,"Rank by 50% normalized points, 30% podium probability, and 20% calibrated Top 10 probability.",2025,15,Dutch Grand Prix,2025-08-31,stroll,Lance Stroll,aston_martin,Aston Martin,0.062779,17,0.000000,6.000000,7,0.834671,0.164373,0.166667,0.026306
podium_top10_points_hybrid,"Rank by 50% normalized points, 30% podium probability, and 20% calibrated Top 10 probability.",2025,15,Dutch Grand Prix,2025-08-31,ocon,Esteban Ocon,haas,Haas F1 Team,0.039095,18,0.000000,1.000000,10,0.193753,0.140364,0.166667,0.002527
podium_top10_points_hybrid,"Rank by 50% normalized points, 30% podium probability, and 20% calibrated Top 10 probability.",2025,15,Dutch Grand Prix,2025-08-31,colapinto,Franco Colapinto,alpine,Alpine F1 Team,0.005025,19,0.000000,0.000000,11,0.146605,0.089831,0.000000,0.004131
podium_top10_points_hybrid,"Rank by 50% normalized points, 30% podium probability, and 20% calibrated Top 10 probability.",2025,15,Dutch Grand Prix,2025-08-31,bearman,Oliver Bearman,haas,Haas F1 Team,0.001352,20,0.000000,8.000000,6,0.044017,0.036908,0.000000,0.000719
podium_top10_points_hybrid,"Rank by 50% normalized points, 30% podium probability, and 20% calibrated Top 10 probability.",2025,16,Italian Grand Prix,2025-09-07,norris,Lando Norris,mclaren,McLaren,0.969432,1,25.000000,18.000000,2,15.745578,0.957961,0.954545,0.939271
podium_top10_points_hybrid,"Rank by 50% normalized points, 30% podium probability, and 20% calibrated Top 10 probability.",2025,16,Italian Grand Prix,2025-09-07,piastri,Oscar Piastri,mclaren,McLaren,0.967214,2,18.000000,15.000000,3,15.848875,0.851857,0.897059,0.959340
podium_top10_points_hybrid,"Rank by 50% normalized points, 30% podium probability, and 20% calibrated Top 10 probability.",2025,16,Italian Grand Prix,2025-09-07,max_verstappen,Max Verstappen,red_bull,Red Bull,0.950581,3,15.000000,25.000000,1,15.570943,0.891114,0.897059,0.933124
podium_top10_points_hybrid,"Rank by 50% normalized points, 30% podium probability, and 20% calibrated Top 10 probability.",2025,16,Italian Grand Prix,2025-09-07,leclerc,Charles Leclerc,ferrari,Ferrari,0.716301,4,12.000000,12.000000,4,10.867982,0.848266,0.897059,0.646756
podium_top10_points_hybrid,"Rank by 50% normalized points, 30% podium probability, and 20% calibrated Top 10 probability.",2025,16,Italian Grand Prix,2025-09-07,hamilton,Lewis Hamilton,ferrari,Ferrari,0.625676,5,10.000000,8.000000,6,8.658724,0.784618,0.736842,0.683809
podium_top10_points_hybrid,"Rank by 50% normalized points, 30% podium probability, and 20% calibrated Top 10 probability.",2025,16,Italian Grand Prix,2025-09-07,russell,George Russell,mercedes,Mercedes,0.594633,6,8.000000,10.000000,5,8.271818,0.818868,0.897059,0.514207
podium_top10_points_hybrid,"Rank by 50% normalized points, 30% podium probability, and 20% calibrated Top 10 probability.",2025,16,Italian Grand Prix,2025-09-07,antonelli,Andrea Kimi Antonelli,mercedes,Mercedes,0.459510,7,6.000000,2.000000,9,6.173719,0.779375,0.736842,0.391244
podium_top10_points_hybrid,"Rank by 50% normalized points, 30% podium probability, and 20% calibrated Top 10 probability.",2025,16,Italian Grand Prix,2025-09-07,alonso,Fernando Alonso,aston_martin,Aston Martin,0.241285,8,4.000000,0.000000,19,3.288475,0.621471,0.652174,0.023686
podium_top10_points_hybrid,"Rank by 50% normalized points, 30% podium probability, and 20% calibrated Top 10 probability.",2025,16,Italian Grand Prix,2025-09-07,bortoleto,Gabriel Bortoleto,sauber,Sauber,0.233953,9,2.000000,4.000000,8,2.760316,0.620543,0.652174,0.054787
podium_top10_points_hybrid,"Rank by 50% normalized points, 30% podium probability, and 20% calibrated Top 10 probability.",2025,16,Italian Grand Prix,2025-09-07,tsunoda,Yuki Tsunoda,red_bull,Red Bull,0.205220,10,1.000000,0.000000,13,3.366339,0.530203,0.446809,0.032191
podium_top10_points_hybrid,"Rank by 50% normalized points, 30% podium probability, and 20% calibrated Top 10 probability.",2025,16,Italian Grand Prix,2025-09-07,hulkenberg,Nico Hülkenberg,sauber,Sauber,0.139766,11,0.000000,0.000000,20,1.556941,0.500316,0.446809,0.004287
podium_top10_points_hybrid,"Rank by 50% normalized points, 30% podium probability, and 20% calibrated Top 10 probability.",2025,16,Italian Grand Prix,2025-09-07,albon,Alexander Albon,williams,Williams,0.126263,12,0.000000,6.000000,7,1.687775,0.428622,0.307692,0.038263
podium_top10_points_hybrid,"Rank by 50% normalized points, 30% podium probability, and 20% calibrated Top 10 probability.",2025,16,Italian Grand Prix,2025-09-07,hadjar,Isack Hadjar,rb,RB F1 Team,0.115066,13,0.000000,1.000000,10,1.429319,0.347747,0.288136,0.041156
podium_top10_points_hybrid,"Rank by 50% normalized points, 30% podium probability, and 20% calibrated Top 10 probability.",2025,16,Italian Grand Prix,2025-09-07,sainz,Carlos Sainz,williams,Williams,0.100002,14,0.000000,0.000000,11,1.077270,0.376255,0.288136,0.027963
podium_top10_points_hybrid,"Rank by 50% normalized points, 30% podium probability, and 20% calibrated Top 10 probability.",2025,16,Italian Grand Prix,2025-09-07,bearman,Oliver Bearman,haas,Haas F1 Team,0.086087,15,0.000000,0.000000,12,1.619916,0.236302,0.162791,0.008079
podium_top10_points_hybrid,"Rank by 50% normalized points, 30% podium probability, and 20% calibrated Top 10 probability.",2025,16,Italian Grand Prix,2025-09-07,lawson,Liam Lawson,rb,RB F1 Team,0.083741,16,0.000000,0.000000,14,0.962961,0.151781,0.200000,0.044538
podium_top10_points_hybrid,"Rank by 50% normalized points, 30% podium probability, and 20% calibrated Top 10 probability.",2025,16,Italian Grand Prix,2025-09-07,stroll,Lance Stroll,aston_martin,Aston Martin,0.077638,17,0.000000,0.000000,18,1.034205,0.284848,0.162791,0.041509
podium_top10_points_hybrid,"Rank by 50% normalized points, 30% podium probability, and 20% calibrated Top 10 probability.",2025,16,Italian Grand Prix,2025-09-07,ocon,Esteban Ocon,haas,Haas F1 Team,0.076833,18,0.000000,0.000000,15,0.373765,0.353440,0.288136,0.024715
podium_top10_points_hybrid,"Rank by 50% normalized points, 30% podium probability, and 20% calibrated Top 10 probability.",2025,16,Italian Grand Prix,2025-09-07,gasly,Pierre Gasly,alpine,Alpine F1 Team,0.023837,19,0.000000,0.000000,16,0.154894,0.081105,0.050000,0.029836
podium_top10_points_hybrid,"Rank by 50% normalized points, 30% podium probability, and 20% calibrated Top 10 probability.",2025,16,Italian Grand Prix,2025-09-07,colapinto,Franco Colapinto,alpine,Alpine F1 Team,0.018489,20,0.000000,0.000000,17,0.085988,0.075071,0.050000,0.019253
podium_top10_points_hybrid,"Rank by 50% normalized points, 30% podium probability, and 20% calibrated Top 10 probability.",2025,17,Azerbaijan Grand Prix,2025-09-21,max_verstappen,Max Verstappen,red_bull,Red Bull,0.950492,1,25.000000,25.000000,1,17.322709,0.891114,0.897059,0.903601
podium_top10_points_hybrid,"Rank by 50% normalized points, 30% podium probability, and 20% calibrated Top 10 probability.",2025,17,Azerbaijan Grand Prix,2025-09-21,norris,Lando Norris,mclaren,McLaren,0.715426,2,18.000000,6.000000,7,10.822299,0.873778,0.897059,0.745469
podium_top10_points_hybrid,"Rank by 50% normalized points, 30% podium probability, and 20% calibrated Top 10 probability.",2025,17,Azerbaijan Grand Prix,2025-09-21,russell,George Russell,mercedes,Mercedes,0.645047,3,15.000000,18.000000,2,8.827047,0.835499,0.897059,0.702841
podium_top10_points_hybrid,"Rank by 50% normalized points, 30% podium probability, and 20% calibrated Top 10 probability.",2025,17,Azerbaijan Grand Prix,2025-09-21,antonelli,Andrea Kimi Antonelli,mercedes,Mercedes,0.623881,4,12.000000,12.000000,4,9.209748,0.848266,0.897059,0.595469
podium_top10_points_hybrid,"Rank by 50% normalized points, 30% podium probability, and 20% calibrated Top 10 probability.",2025,17,Azerbaijan Grand Prix,2025-09-21,piastri,Oscar Piastri,mclaren,McLaren,0.602749,5,10.000000,0.000000,20,9.190452,0.712281,0.756757,0.620421
podium_top10_points_hybrid,"Rank by 50% normalized points, 30% podium probability, and 20% calibrated Top 10 probability.",2025,17,Azerbaijan Grand Prix,2025-09-21,lawson,Liam Lawson,rb,RB F1 Team,0.520493,6,8.000000,10.000000,5,7.126227,0.758427,0.756757,0.544838
podium_top10_points_hybrid,"Rank by 50% normalized points, 30% podium probability, and 20% calibrated Top 10 probability.",2025,17,Azerbaijan Grand Prix,2025-09-21,sainz,Carlos Sainz,williams,Williams,0.518493,7,6.000000,15.000000,3,8.877428,0.780532,0.756757,0.369684
podium_top10_points_hybrid,"Rank by 50% normalized points, 30% podium probability, and 20% calibrated Top 10 probability.",2025,17,Azerbaijan Grand Prix,2025-09-21,tsunoda,Yuki Tsunoda,red_bull,Red Bull,0.341028,8,4.000000,8.000000,6,6.380187,0.650371,0.622222,0.108090
podium_top10_points_hybrid,"Rank by 50% normalized points, 30% podium probability, and 20% calibrated Top 10 probability.",2025,17,Azerbaijan Grand Prix,2025-09-21,leclerc,Charles Leclerc,ferrari,Ferrari,0.309662,9,2.000000,2.000000,9,4.999680,0.663057,0.622222,0.136359
podium_top10_points_hybrid,"Rank by 50% normalized points, 30% podium probability, and 20% calibrated Top 10 probability.",2025,17,Azerbaijan Grand Prix,2025-09-21,hamilton,Lewis Hamilton,ferrari,Ferrari,0.268211,10,1.000000,4.000000,8,4.790769,0.509623,0.425532,0.149415
podium_top10_points_hybrid,"Rank by 50% normalized points, 30% podium probability, and 20% calibrated Top 10 probability.",2025,17,Azerbaijan Grand Prix,2025-09-21,hadjar,Isack Hadjar,rb,RB F1 Team,0.252991,11,0.000000,1.000000,10,3.663341,0.611048,0.622222,0.076028
podium_top10_points_hybrid,"Rank by 50% normalized points, 30% podium probability, and 20% calibrated Top 10 probability.",2025,17,Azerbaijan Grand Prix,2025-09-21,alonso,Fernando Alonso,aston_martin,Aston Martin,0.181165,12,0.000000,0.000000,15,2.799593,0.528071,0.425532,0.050839
podium_top10_points_hybrid,"Rank by 50% normalized points, 30% podium probability, and 20% calibrated Top 10 probability.",2025,17,Azerbaijan Grand Prix,2025-09-21,albon,Alexander Albon,williams,Williams,0.116681,13,0.000000,0.000000,13,1.563980,0.304308,0.300000,0.038463
podium_top10_points_hybrid,"Rank by 50% normalized points, 30% podium probability, and 20% calibrated Top 10 probability.",2025,17,Azerbaijan Grand Prix,2025-09-21,bortoleto,Gabriel Bortoleto,sauber,Sauber,0.106219,14,0.000000,0.000000,11,1.139112,0.401290,0.333333,0.022244
podium_top10_points_hybrid,"Rank by 50% normalized points, 30% podium probability, and 20% calibrated Top 10 probability.",2025,17,Azerbaijan Grand Prix,2025-09-21,stroll,Lance Stroll,aston_martin,Aston Martin,0.105722,15,0.000000,0.000000,17,1.159018,0.395404,0.300000,0.040894
podium_top10_points_hybrid,"Rank by 50% normalized points, 30% podium probability, and 20% calibrated Top 10 probability.",2025,17,Azerbaijan Grand Prix,2025-09-21,hulkenberg,Nico Hülkenberg,sauber,Sauber,0.054765,16,0.000000,0.000000,16,0.740952,0.231674,0.162791,0.002735
podium_top10_points_hybrid,"Rank by 50% normalized points, 30% podium probability, and 20% calibrated Top 10 probability.",2025,17,Azerbaijan Grand Prix,2025-09-21,ocon,Esteban Ocon,haas,Haas F1 Team,0.052362,17,0.000000,0.000000,14,0.398284,0.113878,0.200000,0.002888
podium_top10_points_hybrid,"Rank by 50% normalized points, 30% podium probability, and 20% calibrated Top 10 probability.",2025,17,Azerbaijan Grand Prix,2025-09-21,bearman,Oliver Bearman,haas,Haas F1 Team,0.046871,18,0.000000,0.000000,12,0.466550,0.253279,0.162791,0.002823
podium_top10_points_hybrid,"Rank by 50% normalized points, 30% podium probability, and 20% calibrated Top 10 probability.",2025,17,Azerbaijan Grand Prix,2025-09-21,gasly,Pierre Gasly,alpine,Alpine F1 Team,0.019274,19,0.000000,0.000000,18,0.219909,0.088679,0.050000,0.009756
podium_top10_points_hybrid,"Rank by 50% normalized points, 30% podium probability, and 20% calibrated Top 10 probability.",2025,17,Azerbaijan Grand Prix,2025-09-21,colapinto,Franco Colapinto,alpine,Alpine F1 Team,0.017809,20,0.000000,0.000000,19,0.220998,0.089831,0.050000,0.004768
podium_top10_points_hybrid,"Rank by 50% normalized points, 30% podium probability, and 20% calibrated Top 10 probability.",2025,18,Singapore Grand Prix,2025-10-05,max_verstappen,Max Verstappen,red_bull,Red Bull,0.967507,1,25.000000,18.000000,2,18.058487,0.872167,0.898551,0.959323
podium_top10_points_hybrid,"Rank by 50% normalized points, 30% podium probability, and 20% calibrated Top 10 probability.",2025,18,Singapore Grand Prix,2025-10-05,russell,George Russell,mercedes,Mercedes,0.929857,2,18.000000,25.000000,1,16.616100,0.916402,0.953488,0.930319
podium_top10_points_hybrid,"Rank by 50% normalized points, 30% podium probability, and 20% calibrated Top 10 probability.",2025,18,Singapore Grand Prix,2025-10-05,piastri,Oscar Piastri,mclaren,McLaren,0.886237,3,15.000000,12.000000,4,15.723055,0.899308,0.898551,0.903967
podium_top10_points_hybrid,"Rank by 50% normalized points, 30% podium probability, and 20% calibrated Top 10 probability.",2025,18,Singapore Grand Prix,2025-10-05,norris,Lando Norris,mclaren,McLaren,0.746305,4,12.000000,15.000000,3,12.537283,0.900639,0.953488,0.694923
podium_top10_points_hybrid,"Rank by 50% normalized points, 30% podium probability, and 20% calibrated Top 10 probability.",2025,18,Singapore Grand Prix,2025-10-05,antonelli,Andrea Kimi Antonelli,mercedes,Mercedes,0.620919,5,10.000000,10.000000,5,10.063229,0.835176,0.898551,0.541933
podium_top10_points_hybrid,"Rank by 50% normalized points, 30% podium probability, and 20% calibrated Top 10 probability.",2025,18,Singapore Grand Prix,2025-10-05,hamilton,Lewis Hamilton,ferrari,Ferrari,0.460339,6,8.000000,4.000000,8,7.348381,0.763457,0.736842,0.365033
podium_top10_points_hybrid,"Rank by 50% normalized points, 30% podium probability, and 20% calibrated Top 10 probability.",2025,18,Singapore Grand Prix,2025-10-05,leclerc,Charles Leclerc,ferrari,Ferrari,0.376324,7,6.000000,8.000000,6,6.148238,0.779375,0.736842,0.195748
podium_top10_points_hybrid,"Rank by 50% normalized points, 30% podium probability, and 20% calibrated Top 10 probability.",2025,18,Singapore Grand Prix,2025-10-05,hadjar,Isack Hadjar,rb,RB F1 Team,0.272333,8,4.000000,0.000000,11,3.906527,0.648457,0.659574,0.107517
podium_top10_points_hybrid,"Rank by 50% normalized points, 30% podium probability, and 20% calibrated Top 10 probability.",2025,18,Singapore Grand Prix,2025-10-05,alonso,Fernando Alonso,aston_martin,Aston Martin,0.153868,9,2.000000,6.000000,7,2.408048,0.578281,0.425532,0.006959
podium_top10_points_hybrid,"Rank by 50% normalized points, 30% podium probability, and 20% calibrated Top 10 probability.",2025,18,Singapore Grand Prix,2025-10-05,tsunoda,Yuki Tsunoda,red_bull,Red Bull,0.146489,10,1.000000,0.000000,12,3.008018,0.386093,0.298246,0.011849
podium_top10_points_hybrid,"Rank by 50% normalized points, 30% podium probability, and 20% calibrated Top 10 probability.",2025,18,Singapore Grand Prix,2025-10-05,lawson,Liam Lawson,rb,RB F1 Team,0.135751,11,0.000000,0.000000,15,2.143404,0.399578,0.298246,0.055851
podium_top10_points_hybrid,"Rank by 50% normalized points, 30% podium probability, and 20% calibrated Top 10 probability.",2025,18,Singapore Grand Prix,2025-10-05,hulkenberg,Nico Hülkenberg,sauber,Sauber,0.132366,12,0.000000,0.000000,20,1.692790,0.550193,0.425532,0.001300
podium_top10_points_hybrid,"Rank by 50% normalized points, 30% podium probability, and 20% calibrated Top 10 probability.",2025,18,Singapore Grand Prix,2025-10-05,bearman,Oliver Bearman,haas,Haas F1 Team,0.116325,13,0.000000,2.000000,9,2.014302,0.332360,0.298246,0.003013
podium_top10_points_hybrid,"Rank by 50% normalized points, 30% podium probability, and 20% calibrated Top 10 probability.",2025,18,Singapore Grand Prix,2025-10-05,sainz,Carlos Sainz,williams,Williams,0.097615,14,0.000000,1.000000,10,1.770661,0.239419,0.139535,0.068940
podium_top10_points_hybrid,"Rank by 50% normalized points, 30% podium probability, and 20% calibrated Top 10 probability.",2025,18,Singapore Grand Prix,2025-10-05,albon,Alexander Albon,williams,Williams,0.094798,15,0.000000,0.000000,14,1.726344,0.294233,0.139535,0.063641
podium_top10_points_hybrid,"Rank by 50% normalized points, 30% podium probability, and 20% calibrated Top 10 probability.",2025,18,Singapore Grand Prix,2025-10-05,stroll,Lance Stroll,aston_martin,Aston Martin,0.082874,16,0.000000,0.000000,13,0.682133,0.360404,0.298246,0.014459
podium_top10_points_hybrid,"Rank by 50% normalized points, 30% podium probability, and 20% calibrated Top 10 probability.",2025,18,Singapore Grand Prix,2025-10-05,bortoleto,Gabriel Bortoleto,sauber,Sauber,0.076687,17,0.000000,0.000000,17,0.449692,0.360543,0.298246,0.015291
podium_top10_points_hybrid,"Rank by 50% normalized points, 30% podium probability, and 20% calibrated Top 10 probability.",2025,18,Singapore Grand Prix,2025-10-05,ocon,Esteban Ocon,haas,Haas F1 Team,0.047818,18,0.000000,0.000000,18,0.270666,0.186689,0.200000,0.001079
podium_top10_points_hybrid,"Rank by 50% normalized points, 30% podium probability, and 20% calibrated Top 10 probability.",2025,18,Singapore Grand Prix,2025-10-05,gasly,Pierre Gasly,alpine,Alpine F1 Team,0.014682,19,0.000000,0.000000,19,0.128439,0.086369,0.050000,0.003752
podium_top10_points_hybrid,"Rank by 50% normalized points, 30% podium probability, and 20% calibrated Top 10 probability.",2025,18,Singapore Grand Prix,2025-10-05,colapinto,Franco Colapinto,alpine,Alpine F1 Team,0.013589,20,0.000000,0.000000,16,0.109788,0.089831,0.050000,0.001832
podium_top10_points_hybrid,"Rank by 50% normalized points, 30% podium probability, and 20% calibrated Top 10 probability.",2025,19,United States Grand Prix,2025-10-19,max_verstappen,Max Verstappen,red_bull,Red Bull,0.979802,1,25.000000,25.000000,1,19.308968,0.947902,0.952381,0.964418
podium_top10_points_hybrid,"Rank by 50% normalized points, 30% podium probability, and 20% calibrated Top 10 probability.",2025,19,United States Grand Prix,2025-10-19,norris,Lando Norris,mclaren,McLaren,0.913340,2,18.000000,18.000000,2,17.096173,0.955131,0.952381,0.933877
podium_top10_points_hybrid,"Rank by 50% normalized points, 30% podium probability, and 20% calibrated Top 10 probability.",2025,19,United States Grand Prix,2025-10-19,russell,George Russell,mercedes,Mercedes,0.785261,3,15.000000,8.000000,6,12.983223,0.901982,0.952381,0.861960
podium_top10_points_hybrid,"Rank by 50% normalized points, 30% podium probability, and 20% calibrated Top 10 probability.",2025,19,United States Grand Prix,2025-10-19,leclerc,Charles Leclerc,ferrari,Ferrari,0.686499,4,12.000000,15.000000,3,10.635820,0.865068,0.900000,0.770291
podium_top10_points_hybrid,"Rank by 50% normalized points, 30% podium probability, and 20% calibrated Top 10 probability.",2025,19,United States Grand Prix,2025-10-19,piastri,Oscar Piastri,mclaren,McLaren,0.675463,5,10.000000,10.000000,5,11.491942,0.815129,0.900000,0.659607
podium_top10_points_hybrid,"Rank by 50% normalized points, 30% podium probability, and 20% calibrated Top 10 probability.",2025,19,United States Grand Prix,2025-10-19,hamilton,Lewis Hamilton,ferrari,Ferrari,0.529481,6,8.000000,12.000000,4,8.984516,0.797267,0.763158,0.480660
podium_top10_points_hybrid,"Rank by 50% normalized points, 30% podium probability, and 20% calibrated Top 10 probability.",2025,19,United States Grand Prix,2025-10-19,antonelli,Andrea Kimi Antonelli,mercedes,Mercedes,0.425140,7,6.000000,0.000000,13,7.625761,0.728919,0.763158,0.250138
podium_top10_points_hybrid,"Rank by 50% normalized points, 30% podium probability, and 20% calibrated Top 10 probability.",2025,19,United States Grand Prix,2025-10-19,sainz,Carlos Sainz,williams,Williams,0.225174,8,4.000000,0.000000,20,3.370929,0.611935,0.659574,0.019901
podium_top10_points_hybrid,"Rank by 50% normalized points, 30% podium probability, and 20% calibrated Top 10 probability.",2025,19,United States Grand Prix,2025-10-19,alonso,Fernando Alonso,aston_martin,Aston Martin,0.148627,9,2.000000,1.000000,10,2.532917,0.543366,0.404255,0.007289
podium_top10_points_hybrid,"Rank by 50% normalized points, 30% podium probability, and 20% calibrated Top 10 probability.",2025,19,United States Grand Prix,2025-10-19,tsunoda,Yuki Tsunoda,red_bull,Red Bull,0.145240,10,1.000000,6.000000,7,3.338545,0.375334,0.283333,0.007076
podium_top10_points_hybrid,"Rank by 50% normalized points, 30% podium probability, and 20% calibrated Top 10 probability.",2025,19,United States Grand Prix,2025-10-19,hulkenberg,Nico Hülkenberg,sauber,Sauber,0.124938,11,0.000000,4.000000,8,1.688262,0.545333,0.404255,0.001234
podium_top10_points_hybrid,"Rank by 50% normalized points, 30% podium probability, and 20% calibrated Top 10 probability.",2025,19,United States Grand Prix,2025-10-19,lawson,Liam Lawson,rb,RB F1 Team,0.118786,12,0.000000,0.000000,11,1.812818,0.466537,0.333333,0.017257
podium_top10_points_hybrid,"Rank by 50% normalized points, 30% podium probability, and 20% calibrated Top 10 probability.",2025,19,United States Grand Prix,2025-10-19,bearman,Oliver Bearman,haas,Haas F1 Team,0.086508,13,0.000000,2.000000,9,2.198772,0.251543,0.142857,0.003333
podium_top10_points_hybrid,"Rank by 50% normalized points, 30% podium probability, and 20% calibrated Top 10 probability.",2025,19,United States Grand Prix,2025-10-19,albon,Alexander Albon,williams,Williams,0.069245,14,0.000000,0.000000,14,1.473747,0.285327,0.142857,0.008370
podium_top10_points_hybrid,"Rank by 50% normalized points, 30% podium probability, and 20% calibrated Top 10 probability.",2025,19,United States Grand Prix,2025-10-19,gasly,Pierre Gasly,alpine,Alpine F1 Team,0.062653,15,0.000000,0.000000,19,0.162359,0.362382,0.283333,0.005939
podium_top10_points_hybrid,"Rank by 50% normalized points, 30% podium probability, and 20% calibrated Top 10 probability.",2025,19,United States Grand Prix,2025-10-19,hadjar,Isack Hadjar,rb,RB F1 Team,0.057027,16,0.000000,0.000000,16,0.949820,0.209933,0.142857,0.012866
podium_top10_points_hybrid,"Rank by 50% normalized points, 30% podium probability, and 20% calibrated Top 10 probability.",2025,19,United States Grand Prix,2025-10-19,stroll,Lance Stroll,aston_martin,Aston Martin,0.054769,17,0.000000,0.000000,12,0.409134,0.187456,0.207547,0.008885
podium_top10_points_hybrid,"Rank by 50% normalized points, 30% podium probability, and 20% calibrated Top 10 probability.",2025,19,United States Grand Prix,2025-10-19,bortoleto,Gabriel Bortoleto,sauber,Sauber,0.053395,18,0.000000,0.000000,18,0.380500,0.172310,0.207547,0.006777
podium_top10_points_hybrid,"Rank by 50% normalized points, 30% podium probability, and 20% calibrated Top 10 probability.",2025,19,United States Grand Prix,2025-10-19,ocon,Esteban Ocon,haas,Haas F1 Team,0.045315,19,0.000000,0.000000,15,0.132118,0.189904,0.207547,0.001280
podium_top10_points_hybrid,"Rank by 50% normalized points, 30% podium probability, and 20% calibrated Top 10 probability.",2025,19,United States Grand Prix,2025-10-19,colapinto,Franco Colapinto,alpine,Alpine F1 Team,0.012787,20,0.000000,0.000000,17,0.090728,0.099026,0.047619,0.003047
podium_top10_points_hybrid,"Rank by 50% normalized points, 30% podium probability, and 20% calibrated Top 10 probability.",2025,20,Mexico City Grand Prix,2025-10-26,norris,Lando Norris,mclaren,McLaren,0.967647,1,25.000000,25.000000,1,18.400394,0.964184,0.954545,0.922459
podium_top10_points_hybrid,"Rank by 50% normalized points, 30% podium probability, and 20% calibrated Top 10 probability.",2025,20,Mexico City Grand Prix,2025-10-26,max_verstappen,Max Verstappen,red_bull,Red Bull,0.835604,2,18.000000,15.000000,3,14.746984,0.835499,0.895522,0.852584
podium_top10_points_hybrid,"Rank by 50% normalized points, 30% podium probability, and 20% calibrated Top 10 probability.",2025,20,Mexico City Grand Prix,2025-10-26,russell,George Russell,mercedes,Mercedes,0.786155,3,15.000000,6.000000,7,12.891787,0.841937,0.895522,0.855793
podium_top10_points_hybrid,"Rank by 50% normalized points, 30% podium probability, and 20% calibrated Top 10 probability.",2025,20,Mexico City Grand Prix,2025-10-26,leclerc,Charles Leclerc,ferrari,Ferrari,0.783447,4,12.000000,18.000000,2,13.229819,0.877217,0.895522,0.816149
podium_top10_points_hybrid,"Rank by 50% normalized points, 30% podium probability, and 20% calibrated Top 10 probability.",2025,20,Mexico City Grand Prix,2025-10-26,hamilton,Lewis Hamilton,ferrari,Ferrari,0.724788,5,10.000000,4.000000,8,11.332907,0.850375,0.895522,0.792436
podium_top10_points_hybrid,"Rank by 50% normalized points, 30% podium probability, and 20% calibrated Top 10 probability.",2025,20,Mexico City Grand Prix,2025-10-26,piastri,Oscar Piastri,mclaren,McLaren,0.577591,6,8.000000,10.000000,5,8.870235,0.750197,0.743590,0.626131
podium_top10_points_hybrid,"Rank by 50% normalized points, 30% podium probability, and 20% calibrated Top 10 probability.",2025,20,Mexico City Grand Prix,2025-10-26,antonelli,Andrea Kimi Antonelli,mercedes,Mercedes,0.531816,7,6.000000,8.000000,6,8.248025,0.814260,0.895522,0.428618
podium_top10_points_hybrid,"Rank by 50% normalized points, 30% podium probability, and 20% calibrated Top 10 probability.",2025,20,Mexico City Grand Prix,2025-10-26,sainz,Carlos Sainz,williams,Williams,0.262418,8,4.000000,0.000000,17,4.113931,0.673739,0.659574,0.062378
podium_top10_points_hybrid,"Rank by 50% normalized points, 30% podium probability, and 20% calibrated Top 10 probability.",2025,20,Mexico City Grand Prix,2025-10-26,tsunoda,Yuki Tsunoda,red_bull,Red Bull,0.223669,9,2.000000,0.000000,11,4.534163,0.500893,0.446809,0.036998
podium_top10_points_hybrid,"Rank by 50% normalized points, 30% podium probability, and 20% calibrated Top 10 probability.",2025,20,Mexico City Grand Prix,2025-10-26,hadjar,Isack Hadjar,rb,RB F1 Team,0.175312,10,1.000000,0.000000,13,2.581502,0.567544,0.446809,0.052674
podium_top10_points_hybrid,"Rank by 50% normalized points, 30% podium probability, and 20% calibrated Top 10 probability.",2025,20,Mexico City Grand Prix,2025-10-26,albon,Alexander Albon,williams,Williams,0.101701,11,0.000000,0.000000,12,1.357860,0.335810,0.300000,0.016013
podium_top10_points_hybrid,"Rank by 50% normalized points, 30% podium probability, and 20% calibrated Top 10 probability.",2025,20,Mexico City Grand Prix,2025-10-26,ocon,Esteban Ocon,haas,Haas F1 Team,0.099962,12,0.000000,2.000000,9,1.321346,0.453670,0.315789,0.002995
podium_top10_points_hybrid,"Rank by 50% normalized points, 30% podium probability, and 20% calibrated Top 10 probability.",2025,20,Mexico City Grand Prix,2025-10-26,hulkenberg,Nico Hülkenberg,sauber,Sauber,0.097107,13,0.000000,0.000000,19,1.212306,0.456336,0.315789,0.003357
podium_top10_points_hybrid,"Rank by 50% normalized points, 30% podium probability, and 20% calibrated Top 10 probability.",2025,20,Mexico City Grand Prix,2025-10-26,alonso,Fernando Alonso,aston_martin,Aston Martin,0.095385,14,0.000000,0.000000,18,1.259214,0.343771,0.300000,0.003894
podium_top10_points_hybrid,"Rank by 50% normalized points, 30% podium probability, and 20% calibrated Top 10 probability.",2025,20,Mexico City Grand Prix,2025-10-26,bearman,Oliver Bearman,haas,Haas F1 Team,0.075548,15,0.000000,12.000000,4,1.880990,0.289816,0.119048,0.002085
podium_top10_points_hybrid,"Rank by 50% normalized points, 30% podium probability, and 20% calibrated Top 10 probability.",2025,20,Mexico City Grand Prix,2025-10-26,lawson,Liam Lawson,rb,RB F1 Team,0.059830,16,0.000000,0.000000,20,1.061517,0.283746,0.119048,0.023918
podium_top10_points_hybrid,"Rank by 50% normalized points, 30% podium probability, and 20% calibrated Top 10 probability.",2025,20,Mexico City Grand Prix,2025-10-26,stroll,Lance Stroll,aston_martin,Aston Martin,0.058195,17,0.000000,0.000000,14,0.511147,0.170004,0.200000,0.014353
podium_top10_points_hybrid,"Rank by 50% normalized points, 30% podium probability, and 20% calibrated Top 10 probability.",2025,20,Mexico City Grand Prix,2025-10-26,bortoleto,Gabriel Bortoleto,sauber,Sauber,0.037633,18,0.000000,1.000000,10,0.402108,0.299584,0.119048,0.009656
podium_top10_points_hybrid,"Rank by 50% normalized points, 30% podium probability, and 20% calibrated Top 10 probability.",2025,20,Mexico City Grand Prix,2025-10-26,gasly,Pierre Gasly,alpine,Alpine F1 Team,0.016367,19,0.000000,0.000000,15,0.118374,0.084097,0.050000,0.010500
podium_top10_points_hybrid,"Rank by 50% normalized points, 30% podium probability, and 20% calibrated Top 10 probability.",2025,20,Mexico City Grand Prix,2025-10-26,colapinto,Franco Colapinto,alpine,Alpine F1 Team,0.012952,20,0.000000,0.000000,16,0.085445,0.062445,0.050000,0.002099
podium_top10_points_hybrid,"Rank by 50% normalized points, 30% podium probability, and 20% calibrated Top 10 probability.",2025,21,São Paulo Grand Prix,2025-11-09,norris,Lando Norris,mclaren,McLaren,0.966609,1,25.000000,25.000000,1,17.767385,0.971348,0.954545,0.919001
podium_top10_points_hybrid,"Rank by 50% normalized points, 30% podium probability, and 20% calibrated Top 10 probability.",2025,21,São Paulo Grand Prix,2025-11-09,leclerc,Charles Leclerc,ferrari,Ferrari,0.811774,2,18.000000,0.000000,19,12.806998,0.882363,0.911765,0.896711
podium_top10_points_hybrid,"Rank by 50% normalized points, 30% podium probability, and 20% calibrated Top 10 probability.",2025,21,São Paulo Grand Prix,2025-11-09,antonelli,Andrea Kimi Antonelli,mercedes,Mercedes,0.799164,3,15.000000,18.000000,2,12.758264,0.855411,0.911765,0.859249
podium_top10_points_hybrid,"Rank by 50% normalized points, 30% podium probability, and 20% calibrated Top 10 probability.",2025,21,São Paulo Grand Prix,2025-11-09,piastri,Oscar Piastri,mclaren,McLaren,0.780582,4,12.000000,10.000000,5,12.588131,0.871463,0.911765,0.813268
podium_top10_points_hybrid,"Rank by 50% normalized points, 30% podium probability, and 20% calibrated Top 10 probability.",2025,21,São Paulo Grand Prix,2025-11-09,russell,George Russell,mercedes,Mercedes,0.587978,5,10.000000,12.000000,4,9.460887,0.839690,0.911765,0.464605
podium_top10_points_hybrid,"Rank by 50% normalized points, 30% podium probability, and 20% calibrated Top 10 probability.",2025,21,São Paulo Grand Prix,2025-11-09,max_verstappen,Max Verstappen,red_bull,Red Bull,0.538382,6,8.000000,15.000000,3,10.939224,0.438143,0.314286,0.558931
podium_top10_points_hybrid,"Rank by 50% normalized points, 30% podium probability, and 20% calibrated Top 10 probability.",2025,21,São Paulo Grand Prix,2025-11-09,hadjar,Isack Hadjar,rb,RB F1 Team,0.373612,7,6.000000,4.000000,8,5.064488,0.731776,0.743590,0.274573
podium_top10_points_hybrid,"Rank by 50% normalized points, 30% podium probability, and 20% calibrated Top 10 probability.",2025,21,São Paulo Grand Prix,2025-11-09,lawson,Liam Lawson,rb,RB F1 Team,0.280881,8,4.000000,6.000000,7,3.510688,0.644385,0.638298,0.181418
podium_top10_points_hybrid,"Rank by 50% normalized points, 30% podium probability, and 20% calibrated Top 10 probability.",2025,21,São Paulo Grand Prix,2025-11-09,hamilton,Lewis Hamilton,ferrari,Ferrari,0.274020,9,2.000000,0.000000,18,4.895028,0.461093,0.314286,0.244698
podium_top10_points_hybrid,"Rank by 50% normalized points, 30% podium probability, and 20% calibrated Top 10 probability.",2025,21,São Paulo Grand Prix,2025-11-09,bortoleto,Gabriel Bortoleto,sauber,Sauber,0.199831,10,1.000000,0.000000,20,3.643815,0.556691,0.413043,0.048932
podium_top10_points_hybrid,"Rank by 50% normalized points, 30% podium probability, and 20% calibrated Top 10 probability.",2025,21,São Paulo Grand Prix,2025-11-09,bearman,Oliver Bearman,haas,Haas F1 Team,0.160953,11,0.000000,8.000000,6,3.034924,0.437260,0.314286,0.042296
podium_top10_points_hybrid,"Rank by 50% normalized points, 30% podium probability, and 20% calibrated Top 10 probability.",2025,21,São Paulo Grand Prix,2025-11-09,gasly,Pierre Gasly,alpine,Alpine F1 Team,0.148115,12,0.000000,1.000000,10,1.551638,0.567737,0.413043,0.072803
podium_top10_points_hybrid,"Rank by 50% normalized points, 30% podium probability, and 20% calibrated Top 10 probability.",2025,21,São Paulo Grand Prix,2025-11-09,hulkenberg,Nico Hülkenberg,sauber,Sauber,0.142534,13,0.000000,2.000000,9,2.090304,0.521997,0.413043,0.003671
podium_top10_points_hybrid,"Rank by 50% normalized points, 30% podium probability, and 20% calibrated Top 10 probability.",2025,21,São Paulo Grand Prix,2025-11-09,alonso,Fernando Alonso,aston_martin,Aston Martin,0.130888,14,0.000000,0.000000,14,2.233245,0.441761,0.314286,0.017281
podium_top10_points_hybrid,"Rank by 50% normalized points, 30% podium probability, and 20% calibrated Top 10 probability.",2025,21,São Paulo Grand Prix,2025-11-09,tsunoda,Yuki Tsunoda,red_bull,Red Bull,0.130765,15,0.000000,0.000000,17,2.998260,0.174093,0.203704,0.018828
podium_top10_points_hybrid,"Rank by 50% normalized points, 30% podium probability, and 20% calibrated Top 10 probability.",2025,21,São Paulo Grand Prix,2025-11-09,albon,Alexander Albon,williams,Williams,0.123795,16,0.000000,0.000000,11,1.888949,0.489099,0.314286,0.025934
podium_top10_points_hybrid,"Rank by 50% normalized points, 30% podium probability, and 20% calibrated Top 10 probability.",2025,21,São Paulo Grand Prix,2025-11-09,sainz,Carlos Sainz,williams,Williams,0.096177,17,0.000000,0.000000,13,0.842407,0.335300,0.300000,0.041568
podium_top10_points_hybrid,"Rank by 50% normalized points, 30% podium probability, and 20% calibrated Top 10 probability.",2025,21,São Paulo Grand Prix,2025-11-09,stroll,Lance Stroll,aston_martin,Aston Martin,0.085606,18,0.000000,0.000000,16,0.521350,0.381366,0.300000,0.036449
podium_top10_points_hybrid,"Rank by 50% normalized points, 30% podium probability, and 20% calibrated Top 10 probability.",2025,21,São Paulo Grand Prix,2025-11-09,ocon,Esteban Ocon,haas,Haas F1 Team,0.063223,19,0.000000,0.000000,12,0.557957,0.155670,0.203704,0.022601
podium_top10_points_hybrid,"Rank by 50% normalized points, 30% podium probability, and 20% calibrated Top 10 probability.",2025,21,São Paulo Grand Prix,2025-11-09,colapinto,Franco Colapinto,alpine,Alpine F1 Team,0.018782,20,0.000000,0.000000,15,0.105387,0.075071,0.047619,0.020974
podium_top10_points_hybrid,"Rank by 50% normalized points, 30% podium probability, and 20% calibrated Top 10 probability.",2025,22,Las Vegas Grand Prix,2025-11-23,norris,Lando Norris,mclaren,McLaren,0.987166,1,25.000000,0.000000,19,20.137214,0.975224,0.977273,0.972371
podium_top10_points_hybrid,"Rank by 50% normalized points, 30% podium probability, and 20% calibrated Top 10 probability.",2025,22,Las Vegas Grand Prix,2025-11-23,max_verstappen,Max Verstappen,red_bull,Red Bull,0.884260,2,18.000000,25.000000,1,17.038864,0.877217,0.913043,0.928607
podium_top10_points_hybrid,"Rank by 50% normalized points, 30% podium probability, and 20% calibrated Top 10 probability.",2025,22,Las Vegas Grand Prix,2025-11-23,russell,George Russell,mercedes,Mercedes,0.714548,3,15.000000,18.000000,2,11.455019,0.840588,0.913043,0.825052
podium_top10_points_hybrid,"Rank by 50% normalized points, 30% podium probability, and 20% calibrated Top 10 probability.",2025,22,Las Vegas Grand Prix,2025-11-23,piastri,Oscar Piastri,mclaren,McLaren,0.710020,4,12.000000,0.000000,20,11.415585,0.847434,0.913043,0.813222
podium_top10_points_hybrid,"Rank by 50% normalized points, 30% podium probability, and 20% calibrated Top 10 probability.",2025,22,Las Vegas Grand Prix,2025-11-23,sainz,Carlos Sainz,williams,Williams,0.552079,5,10.000000,10.000000,5,7.411086,0.772233,0.743590,0.731154
podium_top10_points_hybrid,"Rank by 50% normalized points, 30% podium probability, and 20% calibrated Top 10 probability.",2025,22,Las Vegas Grand Prix,2025-11-23,leclerc,Charles Leclerc,ferrari,Ferrari,0.449067,6,8.000000,12.000000,4,7.148885,0.671709,0.666667,0.460766
podium_top10_points_hybrid,"Rank by 50% normalized points, 30% podium probability, and 20% calibrated Top 10 probability.",2025,22,Las Vegas Grand Prix,2025-11-23,lawson,Liam Lawson,rb,RB F1 Team,0.290204,7,6.000000,0.000000,14,4.606615,0.611598,0.666667,0.141632
podium_top10_points_hybrid,"Rank by 50% normalized points, 30% podium probability, and 20% calibrated Top 10 probability.",2025,22,Las Vegas Grand Prix,2025-11-23,antonelli,Andrea Kimi Antonelli,mercedes,Mercedes,0.280239,8,4.000000,15.000000,3,4.121801,0.489064,0.315789,0.382461
podium_top10_points_hybrid,"Rank by 50% normalized points, 30% podium probability, and 20% calibrated Top 10 probability.",2025,22,Las Vegas Grand Prix,2025-11-23,hamilton,Lewis Hamilton,ferrari,Ferrari,0.261389,9,2.000000,4.000000,8,4.242847,0.311667,0.275862,0.336226
podium_top10_points_hybrid,"Rank by 50% normalized points, 30% podium probability, and 20% calibrated Top 10 probability.",2025,22,Las Vegas Grand Prix,2025-11-23,alonso,Fernando Alonso,aston_martin,Aston Martin,0.249085,10,1.000000,0.000000,11,3.990115,0.662663,0.666667,0.055595
podium_top10_points_hybrid,"Rank by 50% normalized points, 30% podium probability, and 20% calibrated Top 10 probability.",2025,22,Las Vegas Grand Prix,2025-11-23,hadjar,Isack Hadjar,rb,RB F1 Team,0.180299,11,0.000000,8.000000,6,2.966297,0.566048,0.413043,0.080126
podium_top10_points_hybrid,"Rank by 50% normalized points, 30% podium probability, and 20% calibrated Top 10 probability.",2025,22,Las Vegas Grand Prix,2025-11-23,tsunoda,Yuki Tsunoda,red_bull,Red Bull,0.145872,12,0.000000,0.000000,12,2.958318,0.309403,0.275862,0.057486
podium_top10_points_hybrid,"Rank by 50% normalized points, 30% podium probability, and 20% calibrated Top 10 probability.",2025,22,Las Vegas Grand Prix,2025-11-23,hulkenberg,Nico Hülkenberg,sauber,Sauber,0.137132,13,0.000000,6.000000,7,2.169430,0.555356,0.413043,0.002192
podium_top10_points_hybrid,"Rank by 50% normalized points, 30% podium probability, and 20% calibrated Top 10 probability.",2025,22,Las Vegas Grand Prix,2025-11-23,gasly,Pierre Gasly,alpine,Alpine F1 Team,0.133565,14,0.000000,0.000000,13,1.464534,0.544320,0.413043,0.048640
podium_top10_points_hybrid,"Rank by 50% normalized points, 30% podium probability, and 20% calibrated Top 10 probability.",2025,22,Las Vegas Grand Prix,2025-11-23,stroll,Lance Stroll,aston_martin,Aston Martin,0.100933,15,0.000000,0.000000,18,1.241502,0.452996,0.315789,0.023164
podium_top10_points_hybrid,"Rank by 50% normalized points, 30% podium probability, and 20% calibrated Top 10 probability.",2025,22,Las Vegas Grand Prix,2025-11-23,albon,Alexander Albon,williams,Williams,0.088475,16,0.000000,0.000000,16,1.170870,0.357333,0.275862,0.014102
podium_top10_points_hybrid,"Rank by 50% normalized points, 30% podium probability, and 20% calibrated Top 10 probability.",2025,22,Las Vegas Grand Prix,2025-11-23,ocon,Esteban Ocon,haas,Haas F1 Team,0.083225,17,0.000000,2.000000,9,1.044257,0.399896,0.275862,0.007079
podium_top10_points_hybrid,"Rank by 50% normalized points, 30% podium probability, and 20% calibrated Top 10 probability.",2025,22,Las Vegas Grand Prix,2025-11-23,bearman,Oliver Bearman,haas,Haas F1 Team,0.076881,18,0.000000,1.000000,10,1.350728,0.174957,0.185185,0.021018
podium_top10_points_hybrid,"Rank by 50% normalized points, 30% podium probability, and 20% calibrated Top 10 probability.",2025,22,Las Vegas Grand Prix,2025-11-23,bortoleto,Gabriel Bortoleto,sauber,Sauber,0.047933,19,0.000000,0.000000,17,0.373394,0.116766,0.185185,0.005415
podium_top10_points_hybrid,"Rank by 50% normalized points, 30% podium probability, and 20% calibrated Top 10 probability.",2025,22,Las Vegas Grand Prix,2025-11-23,colapinto,Franco Colapinto,alpine,Alpine F1 Team,0.015906,20,0.000000,0.000000,15,0.199836,0.099026,0.047619,0.004733
podium_top10_points_hybrid,"Rank by 50% normalized points, 30% podium probability, and 20% calibrated Top 10 probability.",2025,23,Qatar Grand Prix,2025-11-30,piastri,Oscar Piastri,mclaren,McLaren,0.978193,1,25.000000,18.000000,2,19.010963,0.905335,0.953488,0.958317
podium_top10_points_hybrid,"Rank by 50% normalized points, 30% podium probability, and 20% calibrated Top 10 probability.",2025,23,Qatar Grand Prix,2025-11-30,norris,Lando Norris,mclaren,McLaren,0.932126,2,18.000000,12.000000,4,17.481815,0.962123,0.953488,0.938820
podium_top10_points_hybrid,"Rank by 50% normalized points, 30% podium probability, and 20% calibrated Top 10 probability.",2025,23,Qatar Grand Prix,2025-11-30,max_verstappen,Max Verstappen,red_bull,Red Bull,0.833539,3,15.000000,25.000000,1,14.558582,0.860537,0.898551,0.903099
podium_top10_points_hybrid,"Rank by 50% normalized points, 30% podium probability, and 20% calibrated Top 10 probability.",2025,23,Qatar Grand Prix,2025-11-30,russell,George Russell,mercedes,Mercedes,0.782191,4,12.000000,8.000000,6,13.111102,0.836017,0.898551,0.858837
podium_top10_points_hybrid,"Rank by 50% normalized points, 30% podium probability, and 20% calibrated Top 10 probability.",2025,23,Qatar Grand Prix,2025-11-30,antonelli,Andrea Kimi Antonelli,mercedes,Mercedes,0.641933,5,10.000000,10.000000,5,10.259350,0.827138,0.898551,0.641319
podium_top10_points_hybrid,"Rank by 50% normalized points, 30% podium probability, and 20% calibrated Top 10 probability.",2025,23,Qatar Grand Prix,2025-11-30,hadjar,Isack Hadjar,rb,RB F1 Team,0.343366,6,8.000000,0.000000,18,5.288688,0.732079,0.769231,0.168079
podium_top10_points_hybrid,"Rank by 50% normalized points, 30% podium probability, and 20% calibrated Top 10 probability.",2025,23,Qatar Grand Prix,2025-11-30,leclerc,Charles Leclerc,ferrari,Ferrari,0.336559,7,6.000000,4.000000,8,5.744429,0.663057,0.622222,0.203443
podium_top10_points_hybrid,"Rank by 50% normalized points, 30% podium probability, and 20% calibrated Top 10 probability.",2025,23,Qatar Grand Prix,2025-11-30,sainz,Carlos Sainz,williams,Williams,0.283818,8,4.000000,15.000000,3,4.297531,0.678781,0.622222,0.154486
podium_top10_points_hybrid,"Rank by 50% normalized points, 30% podium probability, and 20% calibrated Top 10 probability.",2025,23,Qatar Grand Prix,2025-11-30,alonso,Fernando Alonso,aston_martin,Aston Martin,0.222738,9,2.000000,6.000000,7,3.484158,0.605866,0.622222,0.022192
podium_top10_points_hybrid,"Rank by 50% normalized points, 30% podium probability, and 20% calibrated Top 10 probability.",2025,23,Qatar Grand Prix,2025-11-30,hamilton,Lewis Hamilton,ferrari,Ferrari,0.162100,10,1.000000,0.000000,12,3.244620,0.355576,0.280702,0.068748
podium_top10_points_hybrid,"Rank by 50% normalized points, 30% podium probability, and 20% calibrated Top 10 probability.",2025,23,Qatar Grand Prix,2025-11-30,tsunoda,Yuki Tsunoda,red_bull,Red Bull,0.153309,11,0.000000,1.000000,10,2.707945,0.305876,0.280702,0.086494
podium_top10_points_hybrid,"Rank by 50% normalized points, 30% podium probability, and 20% calibrated Top 10 probability.",2025,23,Qatar Grand Prix,2025-11-30,hulkenberg,Nico Hülkenberg,sauber,Sauber,0.151795,12,0.000000,0.000000,20,2.338537,0.548106,0.446809,0.003096
podium_top10_points_hybrid,"Rank by 50% normalized points, 30% podium probability, and 20% calibrated Top 10 probability.",2025,23,Qatar Grand Prix,2025-11-30,gasly,Pierre Gasly,alpine,Alpine F1 Team,0.149556,13,0.000000,0.000000,16,1.865926,0.575100,0.446809,0.037065
podium_top10_points_hybrid,"Rank by 50% normalized points, 30% podium probability, and 20% calibrated Top 10 probability.",2025,23,Qatar Grand Prix,2025-11-30,lawson,Liam Lawson,rb,RB F1 Team,0.121858,14,0.000000,2.000000,9,1.945698,0.380820,0.280702,0.048482
podium_top10_points_hybrid,"Rank by 50% normalized points, 30% podium probability, and 20% calibrated Top 10 probability.",2025,23,Qatar Grand Prix,2025-11-30,albon,Alexander Albon,williams,Williams,0.098254,15,0.000000,0.000000,11,1.300225,0.378665,0.280702,0.026390
podium_top10_points_hybrid,"Rank by 50% normalized points, 30% podium probability, and 20% calibrated Top 10 probability.",2025,23,Qatar Grand Prix,2025-11-30,bearman,Oliver Bearman,haas,Haas F1 Team,0.087699,16,0.000000,0.000000,19,1.827223,0.225617,0.162791,0.023614
podium_top10_points_hybrid,"Rank by 50% normalized points, 30% podium probability, and 20% calibrated Top 10 probability.",2025,23,Qatar Grand Prix,2025-11-30,bortoleto,Gabriel Bortoleto,sauber,Sauber,0.072301,17,0.000000,0.000000,13,0.475508,0.347708,0.280702,0.012181
podium_top10_points_hybrid,"Rank by 50% normalized points, 30% podium probability, and 20% calibrated Top 10 probability.",2025,23,Qatar Grand Prix,2025-11-30,ocon,Esteban Ocon,haas,Haas F1 Team,0.059292,18,0.000000,0.000000,15,0.882522,0.201440,0.162791,0.011743
podium_top10_points_hybrid,"Rank by 50% normalized points, 30% podium probability, and 20% calibrated Top 10 probability.",2025,23,Qatar Grand Prix,2025-11-30,stroll,Lance Stroll,aston_martin,Aston Martin,0.052320,19,0.000000,0.000000,17,0.384148,0.121484,0.200000,0.007389
podium_top10_points_hybrid,"Rank by 50% normalized points, 30% podium probability, and 20% calibrated Top 10 probability.",2025,23,Qatar Grand Prix,2025-11-30,colapinto,Franco Colapinto,alpine,Alpine F1 Team,0.015411,20,0.000000,0.000000,14,0.189500,0.062445,0.047619,0.003012
podium_top10_points_hybrid,"Rank by 50% normalized points, 30% podium probability, and 20% calibrated Top 10 probability.",2025,24,Abu Dhabi Grand Prix,2025-12-07,max_verstappen,Max Verstappen,red_bull,Red Bull,0.970702,1,25.000000,25.000000,1,21.752474,0.890867,0.897059,0.970969
podium_top10_points_hybrid,"Rank by 50% normalized points, 30% podium probability, and 20% calibrated Top 10 probability.",2025,24,Abu Dhabi Grand Prix,2025-12-07,norris,Lando Norris,mclaren,McLaren,0.861653,2,18.000000,15.000000,3,17.012131,0.953669,0.954545,0.932349
podium_top10_points_hybrid,"Rank by 50% normalized points, 30% podium probability, and 20% calibrated Top 10 probability.",2025,24,Abu Dhabi Grand Prix,2025-12-07,piastri,Oscar Piastri,mclaren,McLaren,0.797995,3,15.000000,18.000000,2,14.855024,0.884220,0.897059,0.923758
podium_top10_points_hybrid,"Rank by 50% normalized points, 30% podium probability, and 20% calibrated Top 10 probability.",2025,24,Abu Dhabi Grand Prix,2025-12-07,russell,George Russell,mercedes,Mercedes,0.756070,4,12.000000,10.000000,5,14.203575,0.837753,0.897059,0.833922
podium_top10_points_hybrid,"Rank by 50% normalized points, 30% podium probability, and 20% calibrated Top 10 probability.",2025,24,Abu Dhabi Grand Prix,2025-12-07,leclerc,Charles Leclerc,ferrari,Ferrari,0.612528,5,10.000000,12.000000,4,9.340822,0.835499,0.897059,0.728029
podium_top10_points_hybrid,"Rank by 50% normalized points, 30% podium probability, and 20% calibrated Top 10 probability.",2025,24,Abu Dhabi Grand Prix,2025-12-07,antonelli,Andrea Kimi Antonelli,mercedes,Mercedes,0.339263,6,8.000000,0.000000,15,5.528239,0.556612,0.466667,0.396193
podium_top10_points_hybrid,"Rank by 50% normalized points, 30% podium probability, and 20% calibrated Top 10 probability.",2025,24,Abu Dhabi Grand Prix,2025-12-07,alonso,Fernando Alonso,aston_martin,Aston Martin,0.276436,7,6.000000,8.000000,6,5.381496,0.701829,0.743590,0.013397
podium_top10_points_hybrid,"Rank by 50% normalized points, 30% podium probability, and 20% calibrated Top 10 probability.",2025,24,Abu Dhabi Grand Prix,2025-12-07,tsunoda,Yuki Tsunoda,red_bull,Red Bull,0.205602,8,4.000000,0.000000,14,4.196181,0.543523,0.466667,0.052720
podium_top10_points_hybrid,"Rank by 50% normalized points, 30% podium probability, and 20% calibrated Top 10 probability.",2025,24,Abu Dhabi Grand Prix,2025-12-07,ocon,Esteban Ocon,haas,Haas F1 Team,0.192065,9,2.000000,6.000000,7,2.773898,0.606587,0.638298,0.002149
podium_top10_points_hybrid,"Rank by 50% normalized points, 30% podium probability, and 20% calibrated Top 10 probability.",2025,24,Abu Dhabi Grand Prix,2025-12-07,hadjar,Isack Hadjar,rb,RB F1 Team,0.179175,10,1.000000,0.000000,17,2.941156,0.528518,0.466667,0.060790
podium_top10_points_hybrid,"Rank by 50% normalized points, 30% podium probability, and 20% calibrated Top 10 probability.",2025,24,Abu Dhabi Grand Prix,2025-12-07,bortoleto,Gabriel Bortoleto,sauber,Sauber,0.177625,11,0.000000,0.000000,11,3.341661,0.549464,0.466667,0.024937
podium_top10_points_hybrid,"Rank by 50% normalized points, 30% podium probability, and 20% calibrated Top 10 probability.",2025,24,Abu Dhabi Grand Prix,2025-12-07,sainz,Carlos Sainz,williams,Williams,0.153078,12,0.000000,0.000000,13,3.350676,0.487565,0.333333,0.031311
podium_top10_points_hybrid,"Rank by 50% normalized points, 30% podium probability, and 20% calibrated Top 10 probability.",2025,24,Abu Dhabi Grand Prix,2025-12-07,hamilton,Lewis Hamilton,ferrari,Ferrari,0.143893,13,0.000000,4.000000,8,3.254838,0.375950,0.280702,0.043123
podium_top10_points_hybrid,"Rank by 50% normalized points, 30% podium probability, and 20% calibrated Top 10 probability.",2025,24,Abu Dhabi Grand Prix,2025-12-07,bearman,Oliver Bearman,haas,Haas F1 Team,0.106887,14,0.000000,0.000000,12,2.153506,0.305736,0.280702,0.004153
podium_top10_points_hybrid,"Rank by 50% normalized points, 30% podium probability, and 20% calibrated Top 10 probability.",2025,24,Abu Dhabi Grand Prix,2025-12-07,lawson,Liam Lawson,rb,RB F1 Team,0.100119,15,0.000000,0.000000,18,1.487160,0.303027,0.280702,0.032651
podium_top10_points_hybrid,"Rank by 50% normalized points, 30% podium probability, and 20% calibrated Top 10 probability.",2025,24,Abu Dhabi Grand Prix,2025-12-07,albon,Alexander Albon,williams,Williams,0.093653,16,0.000000,0.000000,16,1.505284,0.336329,0.280702,0.009707
podium_top10_points_hybrid,"Rank by 50% normalized points, 30% podium probability, and 20% calibrated Top 10 probability.",2025,24,Abu Dhabi Grand Prix,2025-12-07,stroll,Lance Stroll,aston_martin,Aston Martin,0.069382,17,0.000000,1.000000,10,0.426081,0.349699,0.280702,0.011491
podium_top10_points_hybrid,"Rank by 50% normalized points, 30% podium probability, and 20% calibrated Top 10 probability.",2025,24,Abu Dhabi Grand Prix,2025-12-07,hulkenberg,Nico Hülkenberg,sauber,Sauber,0.055347,18,0.000000,2.000000,9,0.812623,0.128500,0.181818,0.001015
podium_top10_points_hybrid,"Rank by 50% normalized points, 30% podium probability, and 20% calibrated Top 10 probability.",2025,24,Abu Dhabi Grand Prix,2025-12-07,gasly,Pierre Gasly,alpine,Alpine F1 Team,0.014547,19,0.000000,0.000000,19,0.115811,0.074867,0.050000,0.006283
podium_top10_points_hybrid,"Rank by 50% normalized points, 30% podium probability, and 20% calibrated Top 10 probability.",2025,24,Abu Dhabi Grand Prix,2025-12-07,colapinto,Franco Colapinto,alpine,Alpine F1 Team,0.012577,20,0.000000,0.000000,20,0.095128,0.062445,0.050000,0.001302
